note_id,char,pinyin,english,rank,hsk,is_surname,tier,recommendation,tags
1768474724405,一,yī,One,2,1,No,Tier 1: Core (Rank 1-1000),2 Cards (Recognition + Recall),MBP-1
1768474724406,二,èr,Two,157,1,No,Tier 1: Core (Rank 1-1000),2 Cards (Recognition + Recall),MBP-1
1768474724407,三,sān,Three,125,1,No,Tier 1: Core (Rank 1-1000),2 Cards (Recognition + Recall),MBP-1
1768474724408,十,shí,Ten,112,1,No,Tier 1: Core (Rank 1-1000),2 Cards (Recognition + Recall),MBP-1
1768474724409,干,gān,Dry / Do,353,3,No,Tier 1: Core (Rank 1-1000),2 Cards (Recognition + Recall),MBP-1
1768474724410,半,bàn,Half,513,3,No,Tier 1: Core (Rank 1-1000),2 Cards (Recognition + Recall),MBP-1
1768474724411,人,rén,Person,7,1,No,Tier 1: Core (Rank 1-1000),2 Cards (Recognition + Recall),MBP-1
1768474724412,从,cóng,From / Follow,98,2,No,Tier 1: Core (Rank 1-1000),2 Cards (Recognition + Recall),MBP-1
1768474724413,个,gè,Individual,12,1,No,Tier 1: Core (Rank 1-1000),2 Cards (Recognition + Recall),MBP-1
1768474724414,入,rù,Enter,210,4,No,Tier 1: Core (Rank 1-1000),2 Cards (Recognition + Recall),MBP-1
1768474724415,什,shén,What,156,1,No,Tier 1: Core (Rank 1-1000),2 Cards (Recognition + Recall),MBP-1
1768474724416,午,wǔ,Noon,1004,1,No,Tier 2: Intermediate (Rank 1001-2500),2 Cards (Recognition + Recall),MBP-1
1768474724417,年,nián,Year,45,1,No,Tier 1: Core (Rank 1-1000),2 Cards (Recognition + Recall),MBP-1
1768474724418,口,kǒu,Mouth,212,3,No,Tier 1: Core (Rank 1-1000),2 Cards (Recognition + Recall),MBP-1
1768474724419,中,zhōng,Middle,14,1,No,Tier 1: Core (Rank 1-1000),2 Cards (Recognition + Recall),MBP-1
1768474724420,叫,jiào,Call / Shout,387,1,No,Tier 1: Core (Rank 1-1000),2 Cards (Recognition + Recall),MBP-1
1768474724421,八,bā,Eight,451,1,No,Tier 1: Core (Rank 1-1000),2 Cards (Recognition + Recall),MBP-1
1768474724422,只,zhǐ,Only / M.W.,97,3,No,Tier 1: Core (Rank 1-1000),2 Cards (Recognition + Recall),MBP-1
1768474724423,介,jiè,Introduce / Between,831,2,No,Tier 1: Core (Rank 1-1000),2 Cards (Recognition + Recall),MBP-1
1768474724424,儿,ér,Son / Child,192,1,No,Tier 1: Core (Rank 1-1000),2 Cards (Recognition + Recall),MBP-1
1768474724425,四,sì,Four,226,1,No,Tier 1: Core (Rank 1-1000),2 Cards (Recognition + Recall),MBP-1
1768474724426,兄,xiōng,Elder Brother,1089,5,No,Tier 2: Intermediate (Rank 1001-2500),2 Cards (Recognition + Recall),MBP-1
1768474724427,兑,duì,Exchange,2424,5,No,Tier 2: Intermediate (Rank 1001-2500),2 Cards (Recognition + Recall),MBP-1
1768474724428,说,shuō,Speak,24,1,No,Tier 1: Core (Rank 1-1000),2 Cards (Recognition + Recall),MBP-1
1768474724429,计,jì,Calculate / Plan,251,4,No,Tier 1: Core (Rank 1-1000),2 Cards (Recognition + Recall),MBP-1
1768474724430,认,rèn,Recognize,213,1,No,Tier 1: Core (Rank 1-1000),2 Cards (Recognition + Recall),MBP-1
1768474724431,识,shí,Know,340,1,No,Tier 1: Core (Rank 1-1000),2 Cards (Recognition + Recall),MBP-1
1768474724432,⻢,,Horse,Unranked,N/A,No,Tier 4: Rare / Surname (>3500 or Unranked),1 Card (Recognition Only),MBP-1
1768474724433,吗,ma,Question Particle,453,1,No,Tier 1: Core (Rank 1-1000),2 Cards (Recognition + Recall),MBP-1
1768474724434,骂,mà,Scold,1449,5,No,Tier 2: Intermediate (Rank 1001-2500),2 Cards (Recognition + Recall),MBP-1
1768474724435,乙,yǐ,Second / Bend,1872,5,No,Tier 2: Intermediate (Rank 1001-2500),2 Cards (Recognition + Recall),MBP-1
1768474724436,乞,qǐ,Beg,2429,6,No,Tier 2: Intermediate (Rank 1001-2500),2 Cards (Recognition + Recall),MBP-1
1768474724437,吃,chī,Eat,475,1,No,Tier 1: Core (Rank 1-1000),2 Cards (Recognition + Recall),MBP-1
1768474724438,气,qì,Air / Gas,217,1,No,Tier 1: Core (Rank 1-1000),2 Cards (Recognition + Recall),MBP-1
1768474724439,飞,"<span class=""tone1"">fēi</span> <!-- fei -->",Fly,347,1,No,Tier 1: Core (Rank 1-1000),2 Cards (Recognition + Recall),MBP-1
1768474724440,况,kuàng,Situation,419,4,No,Tier 1: Core (Rank 1-1000),2 Cards (Recognition + Recall),MBP-1
1768474724441,日,rì,Sun / Day,101,2,No,Tier 1: Core (Rank 1-1000),2 Cards (Recognition + Recall),MBP-1
1768474724442,旧,jiù,Old / Past,915,3,No,Tier 1: Core (Rank 1-1000),2 Cards (Recognition + Recall),MBP-1
1768474724443,旦,dàn,Dawn,1300,5,No,Tier 2: Intermediate (Rank 1001-2500),2 Cards (Recognition + Recall),MBP-1
1768474724444,但,dàn,But,95,2,No,Tier 1: Core (Rank 1-1000),2 Cards (Recognition + Recall),MBP-1
1768474724445,早,zǎo,Early,462,2,No,Tier 1: Core (Rank 1-1000),2 Cards (Recognition + Recall),MBP-1
1768474724446,唱,chàng,Sing,1252,2,No,Tier 2: Intermediate (Rank 1001-2500),2 Cards (Recognition + Recall),MBP-1
1768474724447,电,diàn,Electricity,230,1,No,Tier 1: Core (Rank 1-1000),2 Cards (Recognition + Recall),MBP-1
1768474724448,七,qī,Seven,530,1,No,Tier 1: Core (Rank 1-1000),2 Cards (Recognition + Recall),MBP-1
1768474724449,化,huà,Change / Melt,178,3,No,Tier 1: Core (Rank 1-1000),2 Cards (Recognition + Recall),MBP-1
1768474724450,白,bái,White,286,2,No,Tier 1: Core (Rank 1-1000),2 Cards (Recognition + Recall),MBP-2
1768474724451,百,bǎi,Hundred,407,2,No,Tier 1: Core (Rank 1-1000),2 Cards (Recognition + Recall),MBP-2
1768474724452,今,jīn,Today / Now,336,1,No,Tier 1: Core (Rank 1-1000),2 Cards (Recognition + Recall),MBP-2
1768474724453,千,qiān,Thousand,599,2,No,Tier 1: Core (Rank 1-1000),2 Cards (Recognition + Recall),MBP-2
1768474724454,舌,shé,Tongue,1958,6,No,Tier 2: Intermediate (Rank 1001-2500),2 Cards (Recognition + Recall),MBP-2
1768474724455,话,huà,Speech,170,1,No,Tier 1: Core (Rank 1-1000),2 Cards (Recognition + Recall),MBP-2
1768474724456,活,huó,Live / Alive,219,4,No,Tier 1: Core (Rank 1-1000),2 Cards (Recognition + Recall),MBP-2
1768474724457,乱,luàn,Chaos / Messy,765,4,No,Tier 1: Core (Rank 1-1000),2 Cards (Recognition + Recall),MBP-2
1768474724458,汽,qì,Steam / Vapor,1200,2,No,Tier 2: Intermediate (Rank 1001-2500),2 Cards (Recognition + Recall),MBP-2
1768474724459,月,yuè,Moon / Month,169,1,No,Tier 1: Core (Rank 1-1000),2 Cards (Recognition + Recall),MBP-2
1768474724460,用,yòng,Use,51,3,No,Tier 1: Core (Rank 1-1000),2 Cards (Recognition + Recall),MBP-2
1768474724461,胖,pàng,Fat,1893,3,No,Tier 2: Intermediate (Rank 1001-2500),2 Cards (Recognition + Recall),MBP-2
1768474724462,朋,péng,Friend,882,1,No,Tier 1: Core (Rank 1-1000),2 Cards (Recognition + Recall),MBP-2
1768474724463,明,míng,Bright,121,1,No,Tier 1: Core (Rank 1-1000),2 Cards (Recognition + Recall),MBP-2
1768474724464,习,xí,Practice / Habit,676,1,No,Tier 1: Core (Rank 1-1000),2 Cards (Recognition + Recall),MBP-2
1768474724465,句,jù,Sentence,707,3,No,Tier 1: Core (Rank 1-1000),2 Cards (Recognition + Recall),MBP-2
1768474724466,勺,sháo,Spoon,3275,4,No,Tier 4: Rare / Surname (>3500 or Unranked),1 Card (Recognition Only),MBP-2
1768474724467,的,de,Of,1,1,No,Tier 1: Core (Rank 1-1000),2 Cards (Recognition + Recall),MBP-2
1768474724468,了,le,Particle,5,1,No,Tier 1: Core (Rank 1-1000),2 Cards (Recognition + Recall),MBP-2
1768474724469,子,zǐ,Child / Son,37,1,No,Tier 1: Core (Rank 1-1000),2 Cards (Recognition + Recall),MBP-2
1768474724470,寸,cùn,Inch,1904,6,No,Tier 2: Intermediate (Rank 1001-2500),2 Cards (Recognition + Recall),MBP-2
1768474724471,时,shí,Time,25,1,No,Tier 1: Core (Rank 1-1000),2 Cards (Recognition + Recall),MBP-2
1768474724472,过,guò,Pass / Cross,46,2,No,Tier 1: Core (Rank 1-1000),2 Cards (Recognition + Recall),MBP-2
1768474724473,付,fù,Pay,820,4,No,Tier 1: Core (Rank 1-1000),2 Cards (Recognition + Recall),MBP-2
1768474724474,讨,tǎo,Discuss,833,4,No,Tier 1: Core (Rank 1-1000),2 Cards (Recognition + Recall),MBP-2
1768474724475,才,cái,Talent,235,3,No,Tier 1: Core (Rank 1-1000),2 Cards (Recognition + Recall),MBP-2
1768474724476,牙,yá,Tooth,997,3,No,Tier 1: Core (Rank 1-1000),2 Cards (Recognition + Recall),MBP-2
1768474724477,卜,bǔ,Divination,1979,N/A,No,Tier 2: Intermediate (Rank 1001-2500),2 Cards (Recognition + Recall),MBP-2
1768474724478,上,shàng,Up,16,1,No,Tier 1: Core (Rank 1-1000),2 Cards (Recognition + Recall),MBP-2
1768474724479,下,xià,Down,42,1,No,Tier 1: Core (Rank 1-1000),2 Cards (Recognition + Recall),MBP-2
1768474724480,卡,kǎ,Card,717,3,No,Tier 1: Core (Rank 1-1000),2 Cards (Recognition + Recall),MBP-2
1768474724481,吓,xià,Scare,1466,5,No,Tier 2: Intermediate (Rank 1001-2500),2 Cards (Recognition + Recall),MBP-2
1768474724482,占,zhàn,Occupy,737,4,No,Tier 1: Core (Rank 1-1000),2 Cards (Recognition + Recall),MBP-2
1768474724483,点,diǎn,Dot / O&#x27;clock,128,1,No,Tier 1: Core (Rank 1-1000),2 Cards (Recognition + Recall),MBP-2
1768474724484,让,ràng,Let / Yield,339,2,No,Tier 1: Core (Rank 1-1000),2 Cards (Recognition + Recall),MBP-2
1768474724485,止,zhǐ,Stop,596,4,No,Tier 1: Core (Rank 1-1000),2 Cards (Recognition + Recall),MBP-2
1768474724486,正,zhèng,Correct,129,2,No,Tier 1: Core (Rank 1-1000),2 Cards (Recognition + Recall),MBP-2
1768474724487,是,shì,Is / Yes,3,1,No,Tier 1: Core (Rank 1-1000),2 Cards (Recognition + Recall),MBP-2
1768474724488,目,mù,Eye,239,3,No,Tier 1: Core (Rank 1-1000),2 Cards (Recognition + Recall),MBP-2
1768474724489,自,zì,Self,43,3,No,Tier 1: Core (Rank 1-1000),2 Cards (Recognition + Recall),MBP-2
1768474724490,面,miàn,Face / Noodle,74,1,No,Tier 1: Core (Rank 1-1000),2 Cards (Recognition + Recall),MBP-2
1768474724491,身,shēn,Body,164,2,No,Tier 1: Core (Rank 1-1000),2 Cards (Recognition + Recall),MBP-2
1768474724492,谢,xiè,Thank,897,1,No,Tier 1: Core (Rank 1-1000),2 Cards (Recognition + Recall),MBP-2
1768474724493,弋,yì,Shoot,4265,N/A,No,Tier 4: Rare / Surname (>3500 or Unranked),1 Card (Recognition Only),MBP-2
1768474724494,代,dài,Replace / Generation,174,5,No,Tier 1: Core (Rank 1-1000),2 Cards (Recognition + Recall),MBP-2
1768474724495,戈,gē,Dagger-axe,1695,N/A,No,Tier 2: Intermediate (Rank 1001-2500),2 Cards (Recognition + Recall),MBP-2
1768474724496,手,shǒu,Hand,143,2,No,Tier 1: Core (Rank 1-1000),2 Cards (Recognition + Recall),MBP-2
1768474724497,我,wǒ,I / Me,9,1,No,Tier 1: Core (Rank 1-1000),2 Cards (Recognition + Recall),MBP-2
1768474724498,或,huò,Or,160,3,No,Tier 1: Core (Rank 1-1000),2 Cards (Recognition + Recall),MBP-2
1768474724499,看,kàn,Look,76,1,No,Tier 1: Core (Rank 1-1000),2 Cards (Recognition + Recall),MBP-2
1768474724500,担,dān,Carry / Burden,720,3,No,Tier 1: Core (Rank 1-1000),2 Cards (Recognition + Recall),MBP-2
1768474724501,拍,pāi,Clap / Take photo,1167,5,No,Tier 2: Intermediate (Rank 1001-2500),2 Cards (Recognition + Recall),MBP-2
1768474724502,提,tí,Lift / Mention,196,3,No,Tier 1: Core (Rank 1-1000),2 Cards (Recognition + Recall),MBP-2
1768474724503,找,zhǎo,Find,466,2,No,Tier 1: Core (Rank 1-1000),2 Cards (Recognition + Recall),MBP-2
1768474724504,木,mù,Wood,694,5,No,Tier 1: Core (Rank 1-1000),2 Cards (Recognition + Recall),MBP-2
1768474724505,本,běn,Root / Book,92,1,No,Tier 1: Core (Rank 1-1000),2 Cards (Recognition + Recall),MBP-2
1768474724506,体,tǐ,Body,149,2,No,Tier 1: Core (Rank 1-1000),2 Cards (Recognition + Recall),MBP-2
1768474724507,末,mò,End / Tip,1164,3,No,Tier 2: Intermediate (Rank 1001-2500),2 Cards (Recognition + Recall),MBP-2
1768474724508,米,mǐ,Rice,575,1,No,Tier 1: Core (Rank 1-1000),2 Cards (Recognition + Recall),MBP-2
1768474724509,来,lái,Come,15,1,No,Tier 1: Core (Rank 1-1000),2 Cards (Recognition + Recall),MBP-3
1768474724510,呆,dāi,Dull / Stay,1338,5,No,Tier 2: Intermediate (Rank 1001-2500),2 Cards (Recognition + Recall),MBP-3
1768474724511,休,xiū,Rest,1082,2,No,Tier 2: Intermediate (Rank 1001-2500),2 Cards (Recognition + Recall),MBP-3
1768474724512,桌,zhuō,Table,1193,1,No,Tier 2: Intermediate (Rank 1001-2500),2 Cards (Recognition + Recall),MBP-3
1768474724513,相,xiāng,Mutual / Look,152,3,No,Tier 1: Core (Rank 1-1000),2 Cards (Recognition + Recall),MBP-3
1768474724514,禾,hé,Grain,3587,N/A,No,Tier 4: Rare / Surname (>3500 or Unranked),1 Card (Recognition Only),MBP-3
1768474724515,和,hé,And / Harmony,19,1,No,Tier 1: Core (Rank 1-1000),2 Cards (Recognition + Recall),MBP-3
1768474724516,种,zhǒng,Seed / Kind,57,3,No,Tier 1: Core (Rank 1-1000),2 Cards (Recognition + Recall),MBP-3
1768474724517,香,xiāng,Fragrant,776,3,No,Tier 1: Core (Rank 1-1000),2 Cards (Recognition + Recall),MBP-3
1768474724518,几,jǐ,How many,211,1,No,Tier 1: Core (Rank 1-1000),2 Cards (Recognition + Recall),MBP-3
1768474724519,机,jī,Machine,111,1,No,Tier 1: Core (Rank 1-1000),2 Cards (Recognition + Recall),MBP-3
1768474724520,心,xīn,Heart,90,3,No,Tier 1: Core (Rank 1-1000),2 Cards (Recognition + Recall),MBP-3
1768474724521,想,xiǎng,Think / Want,99,1,No,Tier 1: Core (Rank 1-1000),2 Cards (Recognition + Recall),MBP-3
1768474724522,息,xī,Breath / Rest,428,2,No,Tier 1: Core (Rank 1-1000),2 Cards (Recognition + Recall),MBP-3
1768474724523,总,zǒng,Total / Always,228,3,No,Tier 1: Core (Rank 1-1000),2 Cards (Recognition + Recall),MBP-3
1768474724524,怕,pà,Fear,631,3,No,Tier 1: Core (Rank 1-1000),2 Cards (Recognition + Recall),MBP-3
1768474724525,己,jǐ,Self,162,3,No,Tier 1: Core (Rank 1-1000),2 Cards (Recognition + Recall),MBP-3
1768474724526,记,jì,Remember,306,3,No,Tier 1: Core (Rank 1-1000),2 Cards (Recognition + Recall),MBP-3
1768474724527,已,yǐ,Already,117,2,No,Tier 1: Core (Rank 1-1000),2 Cards (Recognition + Recall),MBP-3
1768474724528,包,bāo,Bag / Wrap,454,3,No,Tier 1: Core (Rank 1-1000),2 Cards (Recognition + Recall),MBP-3
1768474724529,土,tǔ,Earth,515,5,No,Tier 1: Core (Rank 1-1000),2 Cards (Recognition + Recall),MBP-3
1768474724530,坐,zuò,Sit,611,1,No,Tier 1: Core (Rank 1-1000),2 Cards (Recognition + Recall),MBP-3
1768474724531,吐,tǔ,Spit / Vomit,1653,5,No,Tier 2: Intermediate (Rank 1001-2500),2 Cards (Recognition + Recall),MBP-3
1768474724532,肚,dù,Belly,1800,4,No,Tier 2: Intermediate (Rank 1001-2500),2 Cards (Recognition + Recall),MBP-3
1768474724533,在,zài,At / In,6,1,No,Tier 1: Core (Rank 1-1000),2 Cards (Recognition + Recall),MBP-3
1768474724534,走,zǒu,Walk,207,2,No,Tier 1: Core (Rank 1-1000),2 Cards (Recognition + Recall),MBP-3
1768474724535,起,qǐ,Rise / Start,75,1,No,Tier 1: Core (Rank 1-1000),2 Cards (Recognition + Recall),MBP-3
1768474724536,不,bù,No / Not,4,1,No,Tier 1: Core (Rank 1-1000),2 Cards (Recognition + Recall),MBP-3
1768474724537,还,hái,Still / Return,80,2,No,Tier 1: Core (Rank 1-1000),2 Cards (Recognition + Recall),MBP-3
1768474724538,坏,huài,Bad,832,3,No,Tier 1: Core (Rank 1-1000),2 Cards (Recognition + Recall),MBP-3
1768474724539,杯,bēi,Cup,1396,1,No,Tier 2: Intermediate (Rank 1001-2500),2 Cards (Recognition + Recall),MBP-3
1768474724540,么,me,Suffix,63,1,No,Tier 1: Core (Rank 1-1000),2 Cards (Recognition + Recall),MBP-3
1768474724541,公,gōng,Public,115,2,No,Tier 1: Core (Rank 1-1000),2 Cards (Recognition + Recall),MBP-3
1768474724542,台,tái,Platform,388,4,No,Tier 1: Core (Rank 1-1000),2 Cards (Recognition + Recall),MBP-3
1768474724543,去,qù,Go,64,1,No,Tier 1: Core (Rank 1-1000),2 Cards (Recognition + Recall),MBP-3
1768474724544,丢,diū,Lose,1639,4,No,Tier 2: Intermediate (Rank 1001-2500),2 Cards (Recognition + Recall),MBP-3
1768474724545,法,fǎ,Law / Method,65,3,No,Tier 1: Core (Rank 1-1000),2 Cards (Recognition + Recall),MBP-3
1768474724546,寺,sì,Temple,1892,6,No,Tier 2: Intermediate (Rank 1001-2500),2 Cards (Recognition + Recall),MBP-3
1768474724547,等,děng,Wait / Class,158,2,No,Tier 1: Core (Rank 1-1000),2 Cards (Recognition + Recall),MBP-3
1768474724548,⻔,mén,Door,Unranked,N/A,No,Tier 4: Rare / Surname (>3500 or Unranked),1 Card (Recognition Only),MBP-3
1768474724549,们,men,Plural marker,13,1,No,Tier 1: Core (Rank 1-1000),2 Cards (Recognition + Recall),MBP-3
1768474724550,问,wèn,Ask,137,2,No,Tier 1: Core (Rank 1-1000),2 Cards (Recognition + Recall),MBP-3
1768474724551,间,jiān,Between / Room,135,2,No,Tier 1: Core (Rank 1-1000),2 Cards (Recognition + Recall),MBP-3
1768474724552,简,jiǎn,Simple,716,3,No,Tier 1: Core (Rank 1-1000),2 Cards (Recognition + Recall),MBP-3
1768474724553,司,sī,Manage / Company,278,2,No,Tier 1: Core (Rank 1-1000),2 Cards (Recognition + Recall),MBP-3
1768474724554,词,cí,Word,959,3,No,Tier 1: Core (Rank 1-1000),2 Cards (Recognition + Recall),MBP-3
1768474724555,母,mǔ,Mother,565,4,No,Tier 1: Core (Rank 1-1000),2 Cards (Recognition + Recall),MBP-3
1768474724556,每,měi,Every,359,2,No,Tier 1: Core (Rank 1-1000),2 Cards (Recognition + Recall),MBP-3
1768474724557,也,yě,Also,31,2,No,Tier 1: Core (Rank 1-1000),2 Cards (Recognition + Recall),MBP-3
1768474724558,他,tā,He,10,1,No,Tier 1: Core (Rank 1-1000),2 Cards (Recognition + Recall),MBP-3
1768474724559,地,dì,Ground / Earth,21,3,No,Tier 1: Core (Rank 1-1000),2 Cards (Recognition + Recall),MBP-3
1768474724560,小,xiǎo,Small,83,1,No,Tier 1: Core (Rank 1-1000),2 Cards (Recognition + Recall),MBP-3
1768474724561,东,dōng,East,194,1,No,Tier 1: Core (Rank 1-1000),2 Cards (Recognition + Recall),MBP-3
1768474724562,尔,ěr,You (literary),220,4,No,Tier 1: Core (Rank 1-1000),2 Cards (Recognition + Recall),MBP-3
1768474724563,你,nǐ,You,32,1,No,Tier 1: Core (Rank 1-1000),2 Cards (Recognition + Recall),MBP-3
1768474724564,您,nín,You (polite),726,2,No,Tier 1: Core (Rank 1-1000),2 Cards (Recognition + Recall),MBP-3
1768474724565,大,dà,Big,17,1,No,Tier 1: Core (Rank 1-1000),2 Cards (Recognition + Recall),MBP-3
1768474724566,太,tài,Too / Very,240,1,No,Tier 1: Core (Rank 1-1000),2 Cards (Recognition + Recall),MBP-3
1768474724567,犬,quǎn,Dog,2649,6,No,Tier 3: Lower-Freq (Rank 2501-3500),2 Cards or 1 Card,MBP-3
1768474724568,哭,kū,Cry,1210,3,No,Tier 2: Intermediate (Rank 1001-2500),2 Cards (Recognition + Recall),MBP-3
1768474724569,臭,chòu,Smelly / Stink,2105,5,No,Tier 2: Intermediate (Rank 1001-2500),2 Cards (Recognition + Recall),MBP-3
1768474724570,然,"<span class=""tone2"">rán</span> <!-- ran -->",Correct / So,55,2,No,Tier 1: Core (Rank 1-1000),2 Cards (Recognition + Recall),MBP-3
1768474724571,狗,gǒu,Dog,1281,1,No,Tier 2: Intermediate (Rank 1001-2500),2 Cards (Recognition + Recall),MBP-3
1768474724572,决,jué,Decide,273,3,No,Tier 1: Core (Rank 1-1000),2 Cards (Recognition + Recall),MBP-3
1768474724573,快,kuài,Fast,366,2,No,Tier 1: Core (Rank 1-1000),2 Cards (Recognition + Recall),MBP-3
1768474724574,块,kuài,Piece / Lump,793,1,No,Tier 1: Core (Rank 1-1000),2 Cards (Recognition + Recall),MBP-3
1768474724575,羊,yáng,Sheep,1337,2,No,Tier 2: Intermediate (Rank 1001-2500),2 Cards (Recognition + Recall),MBP-3
1768474724576,着,zhe,Particle,41,2,No,Tier 1: Core (Rank 1-1000),2 Cards (Recognition + Recall),MBP-3
1768474724577,样,yàng,Shape / Way,88,1,No,Tier 1: Core (Rank 1-1000),2 Cards (Recognition + Recall),MBP-3
1768474724578,美,měi,Beautiful,151,4,No,Tier 1: Core (Rank 1-1000),2 Cards (Recognition + Recall),MBP-3
1768474724579,力,lì,Power / Force,106,3,No,Tier 1: Core (Rank 1-1000),2 Cards (Recognition + Recall),MBP-3
1768474724580,加,jiā,Add,166,3,No,Tier 1: Core (Rank 1-1000),2 Cards (Recognition + Recall),MBP-3
1768474724581,边,biān,Side / Edge,316,2,No,Tier 1: Core (Rank 1-1000),2 Cards (Recognition + Recall),MBP-3
1768474724582,办,bàn,Manage / Do,367,3,No,Tier 1: Core (Rank 1-1000),2 Cards (Recognition + Recall),MBP-3
1768474724583,为,wèi,For / Because,18,2,No,Tier 1: Core (Rank 1-1000),2 Cards (Recognition + Recall),MBP-3
1768474724584,另,lìng,Other,489,4,No,Tier 1: Core (Rank 1-1000),2 Cards (Recognition + Recall),MBP-3
1768474724585,云,yún,Cloud,692,4,No,Tier 1: Core (Rank 1-1000),2 Cards (Recognition + Recall),MBP-3
1768474724586,运,yùn,Transport / Luck,345,2,No,Tier 1: Core (Rank 1-1000),2 Cards (Recognition + Recall),MBP-3
1768474724587,动,dòng,Move,73,2,No,Tier 1: Core (Rank 1-1000),2 Cards (Recognition + Recall),MBP-3
1768474724588,会,huì,Meeting / Can,29,1,No,Tier 1: Core (Rank 1-1000),2 Cards (Recognition + Recall),MBP-3
1768474724589,丁,dīng,Nail / Man,1168,6,No,Tier 2: Intermediate (Rank 1001-2500),2 Cards (Recognition + Recall),MBP-3
1768474724590,打,dǎ,Hit,223,1,No,Tier 1: Core (Rank 1-1000),2 Cards (Recognition + Recall),MBP-3
1768474724591,可,kě,Can / Able,30,2,No,Tier 1: Core (Rank 1-1000),2 Cards (Recognition + Recall),MBP-3
1768474724592,哥,gē,Elder Brother,804,2,No,Tier 1: Core (Rank 1-1000),2 Cards (Recognition + Recall),MBP-3
1768474724593,河,hé,River,574,3,No,Tier 1: Core (Rank 1-1000),2 Cards (Recognition + Recall),MBP-3
1768474724594,奇,qí,Strange,563,3,No,Tier 1: Core (Rank 1-1000),2 Cards (Recognition + Recall),MBP-3
1768474724595,骑,qí,Ride,1398,3,No,Tier 2: Intermediate (Rank 1001-2500),2 Cards (Recognition + Recall),MBP-3
1768474724596,椅,yǐ,Chair,1663,1,No,Tier 2: Intermediate (Rank 1001-2500),2 Cards (Recognition + Recall),MBP-3
1768474724597,以,yǐ,By / With,23,2,No,Tier 1: Core (Rank 1-1000),2 Cards (Recognition + Recall),MBP-3
1768474724598,内,nèi,Inside,175,4,No,Tier 1: Core (Rank 1-1000),2 Cards (Recognition + Recall),MBP-3
1768474724599,肉,ròu,Meat,1009,2,No,Tier 2: Intermediate (Rank 1001-2500),2 Cards (Recognition + Recall),MBP-3
1768474724600,两,liǎng,Two (pair),133,2,No,Tier 1: Core (Rank 1-1000),2 Cards (Recognition + Recall),MBP-3
1768474724601,再,zài,Again,242,1,No,Tier 1: Core (Rank 1-1000),2 Cards (Recognition + Recall),MBP-3
1768474724602,同,tóng,Same,69,1,No,Tier 1: Core (Rank 1-1000),2 Cards (Recognition + Recall),MBP-3
1768474724603,周,zhōu,Week / Cycle,490,3,No,Tier 1: Core (Rank 1-1000),2 Cards (Recognition + Recall),MBP-3
1768474724604,王,wáng,King,299,5,Yes,Tier 1: Core (Rank 1-1000),2 Cards (Recognition + Recall),MBP-3
1768474724605,全,quán,All / Whole,124,4,No,Tier 1: Core (Rank 1-1000),2 Cards (Recognition + Recall),MBP-3
1768474724606,主,zhǔ,Master / Main,87,3,No,Tier 1: Core (Rank 1-1000),2 Cards (Recognition + Recall),MBP-3
1768474724607,住,zhù,Live / Reside,309,1,No,Tier 1: Core (Rank 1-1000),2 Cards (Recognition + Recall),MBP-3
1768474724608,注,zhù,Note/Attention / Pour,492,3,No,Tier 1: Core (Rank 1-1000),2 Cards (Recognition + Recall),MBP-3
1768474724609,玉,yù,Jade,1001,5,No,Tier 2: Intermediate (Rank 1001-2500),2 Cards (Recognition + Recall),MBP-3
1768474724610,国,guó,Country,20,1,No,Tier 1: Core (Rank 1-1000),2 Cards (Recognition + Recall),MBP-3
1768474724611,回,huí,Return,172,1,No,Tier 1: Core (Rank 1-1000),2 Cards (Recognition + Recall),MBP-3
1768474724612,因,yīn,Cause / Because,96,2,No,Tier 1: Core (Rank 1-1000),2 Cards (Recognition + Recall),MBP-3
1768474724613,嗯,ńg,Hmm (Approval),2042,5,No,Tier 2: Intermediate (Rank 1001-2500),2 Cards (Recognition + Recall),MBP-3
1768474724614,行,xíng,Walk / OK,53,3,No,Tier 1: Core (Rank 1-1000),2 Cards (Recognition + Recall),MBP-3
1768474724615,得,dé,Get / Obtain,39,2,No,Tier 1: Core (Rank 1-1000),2 Cards (Recognition + Recall),MBP-3
1768474724616,往,wǎng,Towards,369,2,No,Tier 1: Core (Rank 1-1000),2 Cards (Recognition + Recall),MBP-3
1768474724617,金,jīn,Gold,260,4,No,Tier 1: Core (Rank 1-1000),2 Cards (Recognition + Recall),MBP-3
1768474724618,钟,zhōng,Clock / Bell,905,1,No,Tier 1: Core (Rank 1-1000),2 Cards (Recognition + Recall),MBP-3
1768474724619,天,tiān,Sky / Day,78,1,No,Tier 1: Core (Rank 1-1000),2 Cards (Recognition + Recall),MBP-3
1768474724620,关,guān,Close / Pass,127,1,No,Tier 1: Core (Rank 1-1000),2 Cards (Recognition + Recall),MBP-3
1768474724621,送,sòng,Deliver / Send,656,2,No,Tier 1: Core (Rank 1-1000),2 Cards (Recognition + Recall),MBP-3
1768474724622,开,kāi,Open,94,1,No,Tier 1: Core (Rank 1-1000),2 Cards (Recognition + Recall),MBP-3
1768474724623,算,suàn,Calculate,403,3,No,Tier 1: Core (Rank 1-1000),2 Cards (Recognition + Recall),MBP-3
1768474724624,并,bìng,Combine / And,141,4,No,Tier 1: Core (Rank 1-1000),2 Cards (Recognition + Recall),MBP-3
1768474724625,耳,ěr,Ear,887,3,No,Tier 1: Core (Rank 1-1000),2 Cards (Recognition + Recall),MBP-3
1768474724626,闻,wén,Smell / Hear,825,3,No,Tier 1: Core (Rank 1-1000),2 Cards (Recognition + Recall),MBP-3
1768474724627,联,lián,Unite / Connect,356,4,No,Tier 1: Core (Rank 1-1000),2 Cards (Recognition + Recall),MBP-3
1768474724628,系,xì,System,216,1,No,Tier 1: Core (Rank 1-1000),2 Cards (Recognition + Recall),MBP-3
1768474724629,女,nǚ,Woman,224,1,No,Tier 1: Core (Rank 1-1000),2 Cards (Recognition + Recall),MBP-3
1768474724630,妈,mā,Mom,750,1,No,Tier 1: Core (Rank 1-1000),2 Cards (Recognition + Recall),MBP-3
1768474724631,好,hǎo,Good,82,1,No,Tier 1: Core (Rank 1-1000),2 Cards (Recognition + Recall),MBP-3
1768474724632,始,shǐ,Begin,381,2,No,Tier 1: Core (Rank 1-1000),2 Cards (Recognition + Recall),MBP-3
1768474724633,西,xī,West,167,1,No,Tier 1: Core (Rank 1-1000),2 Cards (Recognition + Recall),MBP-3
1768474724634,要,yào,Want / Important,26,2,No,Tier 1: Core (Rank 1-1000),2 Cards (Recognition + Recall),MBP-3
1768474724635,如,rú,Like / As if,67,3,No,Tier 1: Core (Rank 1-1000),2 Cards (Recognition + Recall),MBP-3
1768474724636,她,tā,She,91,1,No,Tier 1: Core (Rank 1-1000),2 Cards (Recognition + Recall),MBP-3
1768474724637,楼,lóu,Building,876,3,No,Tier 1: Core (Rank 1-1000),2 Cards (Recognition + Recall),MBP-3
1768474724638,又,yòu,Also / Again,126,3,No,Tier 1: Core (Rank 1-1000),2 Cards (Recognition + Recall),MBP-3
1768474724639,汉,hàn,Han / Chinese,711,1,No,Tier 1: Core (Rank 1-1000),2 Cards (Recognition + Recall),MBP-3
1768474724640,对,duì,Correct / Pair,33,1,No,Tier 1: Core (Rank 1-1000),2 Cards (Recognition + Recall),MBP-3
1768474724641,没,méi,Not have,72,1,No,Tier 1: Core (Rank 1-1000),2 Cards (Recognition + Recall),MBP-3
1768474724642,取,qǔ,Take / Fetch,323,4,No,Tier 1: Core (Rank 1-1000),2 Cards (Recognition + Recall),MBP-3
1768474724643,最,zuì,Most,139,2,No,Tier 1: Core (Rank 1-1000),2 Cards (Recognition + Recall),MBP-3
1768474724644,曼,màn,Graceful,1224,N/A,No,Tier 2: Intermediate (Rank 1001-2500),2 Cards (Recognition + Recall),MBP-3
1768474724645,慢,màn,Slow,822,2,No,Tier 1: Core (Rank 1-1000),2 Cards (Recognition + Recall),MBP-3
1768474724646,支,zhī,Branch / Support,437,4,No,Tier 1: Core (Rank 1-1000),2 Cards (Recognition + Recall),MBP-3
1768474724647,皮,pí,Skin,741,3,No,Tier 1: Core (Rank 1-1000),2 Cards (Recognition + Recall),MBP-3
1768474724648,书,shū,Book,282,1,No,Tier 1: Core (Rank 1-1000),2 Cards (Recognition + Recall),MBP-3
1768474724649,有,yǒu,Have,8,1,No,Tier 1: Core (Rank 1-1000),2 Cards (Recognition + Recall),MBP-3
1768474724650,随,suí,"Casual, Follow",498,4,No,Tier 1: Core (Rank 1-1000),2 Cards (Recognition + Recall),MBP-3
1768474724651,友,yǒu,Friend,594,1,No,Tier 1: Core (Rank 1-1000),2 Cards (Recognition + Recall),MBP-3
1768474724652,发,fā,Send / Hair,47,3,No,Tier 1: Core (Rank 1-1000),2 Cards (Recognition + Recall),MBP-3
1768474724653,六,liù,Six,478,1,No,Tier 1: Core (Rank 1-1000),2 Cards (Recognition + Recall),MBP-3
1768474724654,言,yán,Speech,355,4,No,Tier 1: Core (Rank 1-1000),2 Cards (Recognition + Recall),MBP-3
1768474724655,信,xìn,Letter / Trust,176,3,No,Tier 1: Core (Rank 1-1000),2 Cards (Recognition + Recall),MBP-3
1768474724656,文,wén,Culture / Text,148,3,No,Tier 1: Core (Rank 1-1000),2 Cards (Recognition + Recall),MBP-3
1768474724657,这,zhè,This,11,1,No,Tier 1: Core (Rank 1-1000),2 Cards (Recognition + Recall),MBP-3
1768474724658,父,fù,Father,589,4,No,Tier 1: Core (Rank 1-1000),2 Cards (Recognition + Recall),MBP-3
1768474724659,交,jiāo,Exchange,320,4,No,Tier 1: Core (Rank 1-1000),2 Cards (Recognition + Recall),MBP-3
1768474724660,校,xiào,School,633,1,No,Tier 1: Core (Rank 1-1000),2 Cards (Recognition + Recall),MBP-3
1768474724661,⻛,fēng,Wind,Unranked,N/A,No,Tier 4: Rare / Surname (>3500 or Unranked),1 Card (Recognition Only),MBP-3
1768474724662,网,wǎng,Net,605,3,No,Tier 1: Core (Rank 1-1000),2 Cards (Recognition + Recall),MBP-3
1768474724663,那,nà,That,38,1,No,Tier 1: Core (Rank 1-1000),2 Cards (Recognition + Recall),MBP-3
1768474724664,哪,nǎ,Which,652,1,No,Tier 1: Core (Rank 1-1000),2 Cards (Recognition + Recall),MBP-3
1768474724665,衣,yī,Clothes,725,1,No,Tier 1: Core (Rank 1-1000),2 Cards (Recognition + Recall),MBP-3
1768474724666,袋,dài,Bag / Pocket,1310,4,No,Tier 2: Intermediate (Rank 1001-2500),2 Cards (Recognition + Recall),MBP-3
1768474724667,被,bèi,By / Quilt,154,3,No,Tier 1: Core (Rank 1-1000),2 Cards (Recognition + Recall),MBP-3
1768474724668,艮,gèn,Blunt / Stop,4564,N/A,No,Tier 4: Rare / Surname (>3500 or Unranked),1 Card (Recognition Only),MBP-4
1768474724669,很,hěn,Very,138,1,No,Tier 1: Core (Rank 1-1000),2 Cards (Recognition + Recall),MBP-4
1768474724670,银,yín,Silver,757,3,No,Tier 1: Core (Rank 1-1000),2 Cards (Recognition + Recall),MBP-4
1768474724671,⻓,cháng,Long,Unranked,N/A,No,Tier 4: Rare / Surname (>3500 or Unranked),1 Card (Recognition Only),MBP-4
1768474724672,报,bào,Report / News,234,2,No,Tier 1: Core (Rank 1-1000),2 Cards (Recognition + Recall),MBP-4
1768474724673,服,fú,Clothes / Serve,365,1,No,Tier 1: Core (Rank 1-1000),2 Cards (Recognition + Recall),MBP-4
1768474724674,元,yuán,Origin / Yuan,370,3,No,Tier 1: Core (Rank 1-1000),2 Cards (Recognition + Recall),MBP-4
1768474724675,远,yuǎn,Far,386,2,No,Tier 1: Core (Rank 1-1000),2 Cards (Recognition + Recall),MBP-4
1768474724676,玩,wán,Play,1072,2,No,Tier 2: Intermediate (Rank 1001-2500),2 Cards (Recognition + Recall),MBP-4
1768474724677,园,yuán,Garden,988,3,No,Tier 1: Core (Rank 1-1000),2 Cards (Recognition + Recall),MBP-4
1768474724678,完,wán,Complete,301,2,No,Tier 1: Core (Rank 1-1000),2 Cards (Recognition + Recall),MBP-4
1768474724679,院,yuàn,Courtyard,338,1,No,Tier 1: Core (Rank 1-1000),2 Cards (Recognition + Recall),MBP-4
1768474724680,字,zì,Character,393,1,No,Tier 1: Core (Rank 1-1000),2 Cards (Recognition + Recall),MBP-4
1768474724681,定,dìng,Fix / Decide,77,3,No,Tier 1: Core (Rank 1-1000),2 Cards (Recognition + Recall),MBP-4
1768474724682,安,ān,Safe / Peace,232,3,No,Tier 1: Core (Rank 1-1000),2 Cards (Recognition + Recall),MBP-4
1768474724683,寄,jì,Mail / Send,1611,4,No,Tier 2: Intermediate (Rank 1001-2500),2 Cards (Recognition + Recall),MBP-4
1768474724684,宝,bǎo,Treasure,811,5,No,Tier 1: Core (Rank 1-1000),2 Cards (Recognition + Recall),MBP-4
1768474724685,匕,bǐ,Dagger,3252,N/A,No,Tier 4: Rare / Surname (>3500 or Unranked),1 Card (Recognition Only),MBP-4
1768474724686,比,bǐ,Compare,199,2,No,Tier 1: Core (Rank 1-1000),2 Cards (Recognition + Recall),MBP-4
1768474724687,它,tā,It,107,2,No,Tier 1: Core (Rank 1-1000),2 Cards (Recognition + Recall),MBP-4
1768474724688,此,cǐ,This,116,4,No,Tier 1: Core (Rank 1-1000),2 Cards (Recognition + Recall),MBP-4
1768474724689,些,xiē,Some,86,1,No,Tier 1: Core (Rank 1-1000),2 Cards (Recognition + Recall),MBP-4
1768474724690,能,néng,Able / Can,35,1,No,Tier 1: Core (Rank 1-1000),2 Cards (Recognition + Recall),MBP-4
1768474724691,夕,xī,Sunset / Evening,2003,5,No,Tier 2: Intermediate (Rank 1001-2500),2 Cards (Recognition + Recall),MBP-4
1768474724692,多,duō,Many,61,1,No,Tier 1: Core (Rank 1-1000),2 Cards (Recognition + Recall),MBP-4
1768474724693,名,míng,Name,203,1,No,Tier 1: Core (Rank 1-1000),2 Cards (Recognition + Recall),MBP-4
1768474724694,够,gòu,Enough,538,4,No,Tier 1: Core (Rank 1-1000),2 Cards (Recognition + Recall),MBP-4
1768474724695,外,wài,Outside,131,2,No,Tier 1: Core (Rank 1-1000),2 Cards (Recognition + Recall),MBP-4
1768474724696,歹,dǎi,Bad / Vicious,2905,6,No,Tier 3: Lower-Freq (Rank 2501-3500),2 Cards or 1 Card,MBP-4
1768474724697,死,sǐ,Die,317,4,No,Tier 1: Core (Rank 1-1000),2 Cards (Recognition + Recall),MBP-4
1768474724698,少,shǎo,Few / Little,233,1,No,Tier 1: Core (Rank 1-1000),2 Cards (Recognition + Recall),MBP-4
1768474724699,吵,chǎo,Noisy,2040,5,No,Tier 2: Intermediate (Rank 1001-2500),2 Cards (Recognition + Recall),MBP-4
1768474724700,步,bù,Step,349,2,No,Tier 1: Core (Rank 1-1000),2 Cards (Recognition + Recall),MBP-4
1768474724701,⻉,bèi,Shell / Valuable,Unranked,N/A,No,Tier 4: Rare / Surname (>3500 or Unranked),1 Card (Recognition Only),MBP-4
1768474724702,员,yuán,Member,200,2,No,Tier 1: Core (Rank 1-1000),2 Cards (Recognition + Recall),MBP-4
1768474724703,贵,guì,Expensive,873,2,No,Tier 1: Core (Rank 1-1000),2 Cards (Recognition + Recall),MBP-4
1768474724704,⻚,yè,Page,Unranked,N/A,No,Tier 4: Rare / Surname (>3500 or Unranked),1 Card (Recognition Only),MBP-4
1768474724705,题,tí,Topic,218,2,No,Tier 1: Core (Rank 1-1000),2 Cards (Recognition + Recall),MBP-4
1768474724706,⻅,jiàn,See,Unranked,N/A,No,Tier 4: Rare / Surname (>3500 or Unranked),1 Card (Recognition Only),MBP-4
1768474724707,现,xiàn,Appear / Now,70,1,No,Tier 1: Core (Rank 1-1000),2 Cards (Recognition + Recall),MBP-4
1768474724708,首,shǒu,Head / Chief,481,4,No,Tier 1: Core (Rank 1-1000),2 Cards (Recognition + Recall),MBP-4
1768474724709,道,dào,Way / Path,52,2,No,Tier 1: Core (Rank 1-1000),2 Cards (Recognition + Recall),MBP-4
1768474724710,直,zhí,Straight,255,3,No,Tier 1: Core (Rank 1-1000),2 Cards (Recognition + Recall),MBP-4
1768474724711,真,zhēn,Real,204,2,No,Tier 1: Core (Rank 1-1000),2 Cards (Recognition + Recall),MBP-4
1768474724712,廿,niàn,Twenty,3383,N/A,No,Tier 4: Rare / Surname (>3500 or Unranked),1 Card (Recognition Only),MBP-4
1768474724713,甘,gān,Sweet,1408,6,No,Tier 2: Intermediate (Rank 1001-2500),2 Cards (Recognition + Recall),MBP-4
1768474724714,某,mǒu,Certain / Some,517,5,No,Tier 1: Core (Rank 1-1000),2 Cards (Recognition + Recall),MBP-4
1768474724715,其,qí,Such / That,85,3,No,Tier 1: Core (Rank 1-1000),2 Cards (Recognition + Recall),MBP-4
1768474724716,期,qī,Period / Time,253,1,No,Tier 1: Core (Rank 1-1000),2 Cards (Recognition + Recall),MBP-4
1768474724717,厂,chǎng,Factory / Cliff,963,5,No,Tier 1: Core (Rank 1-1000),2 Cards (Recognition + Recall),MBP-4
1768474724718,厌,yàn,Detest,1633,4,No,Tier 2: Intermediate (Rank 1001-2500),2 Cards (Recognition + Recall),MBP-4
1768474724719,斤,jīn,Axe / 500g,1866,3,No,Tier 2: Intermediate (Rank 1001-2500),2 Cards (Recognition + Recall),MBP-4
1768474724720,听,tīng,Listen,285,1,No,Tier 1: Core (Rank 1-1000),2 Cards (Recognition + Recall),MBP-4
1768474724721,近,jìn,Near,374,2,No,Tier 1: Core (Rank 1-1000),2 Cards (Recognition + Recall),MBP-4
1768474724722,诉,sù,Tell,595,2,No,Tier 1: Core (Rank 1-1000),2 Cards (Recognition + Recall),MBP-4
1768474724723,后,hòu,Behind,48,1,No,Tier 1: Core (Rank 1-1000),2 Cards (Recognition + Recall),MBP-4
1768474724724,厚,hòu,Thick,1235,4,No,Tier 2: Intermediate (Rank 1001-2500),2 Cards (Recognition + Recall),MBP-4
1768474724725,反,fǎn,Reverse,237,4,No,Tier 1: Core (Rank 1-1000),2 Cards (Recognition + Recall),MBP-4
1768474724726,饭,fàn,Rice / Meal,935,1,No,Tier 1: Core (Rank 1-1000),2 Cards (Recognition + Recall),MBP-4
1768474724727,饱,bǎo,Full (eaten),1998,3,No,Tier 2: Intermediate (Rank 1001-2500),2 Cards (Recognition + Recall),MBP-4
1768474724728,饿,è,Hungry,1911,3,No,Tier 2: Intermediate (Rank 1001-2500),2 Cards (Recognition + Recall),MBP-4
1768474724729,工,gōng,Work,118,1,No,Tier 1: Core (Rank 1-1000),2 Cards (Recognition + Recall),MBP-4
1768474724730,江,jiāng,River,577,4,Yes,Tier 1: Core (Rank 1-1000),2 Cards (Recognition + Recall),MBP-4
1768474724731,左,zuǒ,Left,782,2,No,Tier 1: Core (Rank 1-1000),2 Cards (Recognition + Recall),MBP-4
1768474724732,右,yòu,Right,783,2,No,Tier 1: Core (Rank 1-1000),2 Cards (Recognition + Recall),MBP-4
1768474724733,差,chà,Difference,732,3,No,Tier 1: Core (Rank 1-1000),2 Cards (Recognition + Recall),MBP-4
1768474724734,红,hóng,Red,502,2,No,Tier 1: Core (Rank 1-1000),2 Cards (Recognition + Recall),MBP-4
1768474724735,约,yuē,Agreement,424,4,No,Tier 1: Core (Rank 1-1000),2 Cards (Recognition + Recall),MBP-4
1768474724736,合,hé,Combine,171,4,No,Tier 1: Core (Rank 1-1000),2 Cards (Recognition + Recall),MBP-4
1768474724737,给,gěi,Give,180,2,No,Tier 1: Core (Rank 1-1000),2 Cards (Recognition + Recall),MBP-4
1768474724738,拿,ná,Hold / Take,645,3,No,Tier 1: Core (Rank 1-1000),2 Cards (Recognition + Recall),MBP-4
1768474724739,穴,xué,Cave,1940,6,No,Tier 2: Intermediate (Rank 1001-2500),2 Cards (Recognition + Recall),MBP-4
1768474724740,穿,chuān,Wear / Pierce,785,2,No,Tier 1: Core (Rank 1-1000),2 Cards (Recognition + Recall),MBP-4
1768474724741,空,kōng,Empty / Air,272,3,No,Tier 1: Core (Rank 1-1000),2 Cards (Recognition + Recall),MBP-4
1768474724742,深,shēn,Deep,401,4,No,Tier 1: Core (Rank 1-1000),2 Cards (Recognition + Recall),MBP-4
1768474724743,式,shì,Style,303,4,No,Tier 1: Core (Rank 1-1000),2 Cards (Recognition + Recall),MBP-4
1768474724744,试,shì,Try / Test,643,2,No,Tier 1: Core (Rank 1-1000),2 Cards (Recognition + Recall),MBP-4
1768474724745,刀,dāo,Knife,1067,4,No,Tier 2: Intermediate (Rank 1001-2500),2 Cards (Recognition + Recall),MBP-4
1768474724746,分,fēn,Divide,79,1,No,Tier 1: Core (Rank 1-1000),2 Cards (Recognition + Recall),MBP-4
1768474724747,份,fèn,Portion,784,4,No,Tier 1: Core (Rank 1-1000),2 Cards (Recognition + Recall),MBP-4
1768474724748,切,qiē,Cut,337,4,No,Tier 1: Core (Rank 1-1000),2 Cards (Recognition + Recall),MBP-4
1768474724749,划,"<span class=""tone2"">huá</span> <!-- hua -->",Row / Scratch,522,4,No,Tier 1: Core (Rank 1-1000),2 Cards (Recognition + Recall),MBP-4
1768474724750,别,bié,Don&#x27;t / Separate,222,2,No,Tier 1: Core (Rank 1-1000),2 Cards (Recognition + Recall),MBP-4
1768474724751,刚,gāng,Just now,621,3,No,Tier 1: Core (Rank 1-1000),2 Cards (Recognition + Recall),MBP-4
1768474724752,班,bān,Class / Shift,884,2,No,Tier 1: Core (Rank 1-1000),2 Cards (Recognition + Recall),MBP-4
1768474724753,前,qián,Front / Before,93,1,No,Tier 1: Core (Rank 1-1000),2 Cards (Recognition + Recall),MBP-4
1768474724754,召,zhào,Summon,1214,5,No,Tier 2: Intermediate (Rank 1001-2500),2 Cards (Recognition + Recall),MBP-4
1768474724755,绍,shào,Introduce,1234,2,No,Tier 2: Intermediate (Rank 1001-2500),2 Cards (Recognition + Recall),MBP-4
1768474724756,照,zhào,Shine / Photo,443,3,No,Tier 1: Core (Rank 1-1000),2 Cards (Recognition + Recall),MBP-4
1768474724757,片,piàn,Slice / Film,455,3,No,Tier 1: Core (Rank 1-1000),2 Cards (Recognition + Recall),MBP-4
1768474724758,至,zhì,Until / Reach,267,4,No,Tier 1: Core (Rank 1-1000),2 Cards (Recognition + Recall),MBP-4
1768474724759,到,dào,Arrive,22,2,No,Tier 1: Core (Rank 1-1000),2 Cards (Recognition + Recall),MBP-4
1768474724760,井,jǐng,Well,1431,6,No,Tier 2: Intermediate (Rank 1001-2500),2 Cards (Recognition + Recall),MBP-4
1768474724761,进,jìn,Enter,81,2,No,Tier 1: Core (Rank 1-1000),2 Cards (Recognition + Recall),MBP-4
1768474724762,山,shān,Mountain,259,3,No,Tier 1: Core (Rank 1-1000),2 Cards (Recognition + Recall),MBP-4
1768474724763,出,chū,Go out / Exit,28,1,No,Tier 1: Core (Rank 1-1000),2 Cards (Recognition + Recall),MBP-4
1768474724764,岁,suì,Age,772,1,No,Tier 1: Core (Rank 1-1000),2 Cards (Recognition + Recall),MBP-4
1768474724765,亦,"<span class=""tone4"">yì</span> <!-- yi -->",Also,886,6,No,Tier 1: Core (Rank 1-1000),2 Cards (Recognition + Recall),MBP-4
1768474724766,变,biàn,Change,225,3,No,Tier 1: Core (Rank 1-1000),2 Cards (Recognition + Recall),MBP-4
1768474724767,田,tián,Field,778,6,No,Tier 1: Core (Rank 1-1000),2 Cards (Recognition + Recall),MBP-4
1768474724768,果,guǒ,Fruit / Result,165,1,No,Tier 1: Core (Rank 1-1000),2 Cards (Recognition + Recall),MBP-4
1768474724769,课,kè,Class / Lesson,1208,2,No,Tier 2: Intermediate (Rank 1001-2500),2 Cards (Recognition + Recall),MBP-4
1768474724770,思,sī,Think,298,2,No,Tier 1: Core (Rank 1-1000),2 Cards (Recognition + Recall),MBP-4
1768474724771,单,dān,Single,389,3,No,Tier 1: Core (Rank 1-1000),2 Cards (Recognition + Recall),MBP-4
1768474724772,鱼,yú,Fish,852,2,Yes,Tier 1: Core (Rank 1-1000),2 Cards (Recognition + Recall),MBP-4
1768474724773,男,nán,Male,602,2,Yes,Tier 1: Core (Rank 1-1000),2 Cards (Recognition + Recall),MBP-4
1768474724774,累,lèi,Tired,1323,2,No,Tier 2: Intermediate (Rank 1001-2500),2 Cards (Recognition + Recall),MBP-4
1768474724775,花,huā,Flower / Spend,410,3,No,Tier 1: Core (Rank 1-1000),2 Cards (Recognition + Recall),MBP-4
1768474724776,草,cǎo,Grass,789,3,No,Tier 1: Core (Rank 1-1000),2 Cards (Recognition + Recall),MBP-4
1768474724777,猫,māo,Cat,1673,1,No,Tier 2: Intermediate (Rank 1001-2500),2 Cards (Recognition + Recall),MBP-4
1768474724778,药,yào,Medicine,662,2,No,Tier 1: Core (Rank 1-1000),2 Cards (Recognition + Recall),MBP-4
1768474724779,宽,kuān,Wide,1155,5,No,Tier 2: Intermediate (Rank 1001-2500),2 Cards (Recognition + Recall),MBP-4
1768474724780,采,cǎi,Pick / Gather,585,5,No,Tier 1: Core (Rank 1-1000),2 Cards (Recognition + Recall),MBP-4
1768474724781,菜,cài,Vegetable / Dish,1266,1,No,Tier 2: Intermediate (Rank 1001-2500),2 Cards (Recognition + Recall),MBP-4
1768474724782,受,shòu,Receive / Bear,238,4,No,Tier 1: Core (Rank 1-1000),2 Cards (Recognition + Recall),MBP-4
1768474724783,爱,ài,Love,394,1,No,Tier 1: Core (Rank 1-1000),2 Cards (Recognition + Recall),MBP-4
1768474724784,共,gòng,Together / Common,330,2,No,Tier 1: Core (Rank 1-1000),2 Cards (Recognition + Recall),MBP-4
1768474724785,借,jiè,Borrow / Lend,984,3,No,Tier 1: Core (Rank 1-1000),2 Cards (Recognition + Recall),MBP-4
1768474724786,错,cuò,Wrong / Mistake,638,2,No,Tier 1: Core (Rank 1-1000),2 Cards (Recognition + Recall),MBP-4
1768474724787,收,shōu,Receive / Collect,351,4,No,Tier 1: Core (Rank 1-1000),2 Cards (Recognition + Recall),MBP-4
1768474724788,改,gǎi,Change / Correct,350,4,No,Tier 1: Core (Rank 1-1000),2 Cards (Recognition + Recall),MBP-4
1768474724789,数,shù,Number / Math,231,3,No,Tier 1: Core (Rank 1-1000),2 Cards (Recognition + Recall),MBP-4
1768474724790,古,gǔ,Ancient,509,5,No,Tier 1: Core (Rank 1-1000),2 Cards (Recognition + Recall),MBP-4
1768474724791,苦,"<span class=""tone3"">kǔ</span> <!-- ku -->",Bitter,634,4,No,Tier 1: Core (Rank 1-1000),2 Cards (Recognition + Recall),MBP-4
1768474724792,做,zuò,Do / Make,246,1,No,Tier 1: Core (Rank 1-1000),2 Cards (Recognition + Recall),MBP-4
1768474724793,者,zhě,One who / Person,103,3,No,Tier 1: Core (Rank 1-1000),2 Cards (Recognition + Recall),MBP-4
1768474724794,猪,zhū,Pig,1762,5,No,Tier 2: Intermediate (Rank 1001-2500),2 Cards (Recognition + Recall),MBP-4
1768474724795,都,dōu,All / Both,68,1,No,Tier 1: Core (Rank 1-1000),2 Cards (Recognition + Recall),MBP-4
1768474724796,老,lǎo,Old,179,1,No,Tier 1: Core (Rank 1-1000),2 Cards (Recognition + Recall),MBP-4
1768474724797,孝,xiào,Filial piety,2116,5,No,Tier 2: Intermediate (Rank 1001-2500),2 Cards (Recognition + Recall),MBP-4
1768474724798,教,jiào,Teach,191,2,No,Tier 1: Core (Rank 1-1000),2 Cards (Recognition + Recall),MBP-4
1768474724799,五,wǔ,Five,279,1,Yes,Tier 1: Core (Rank 1-1000),2 Cards (Recognition + Recall),MBP-4
1768474724800,语,yǔ,Language,493,1,No,Tier 1: Core (Rank 1-1000),2 Cards (Recognition + Recall),MBP-4
1768474724801,广,guǎng,Wide / Broad,468,4,No,Tier 1: Core (Rank 1-1000),2 Cards (Recognition + Recall),MBP-4
1768474724802,床,chuáng,Bed,1068,2,No,Tier 2: Intermediate (Rank 1001-2500),2 Cards (Recognition + Recall),MBP-4
1768474724803,店,diàn,Shop,1041,1,No,Tier 2: Intermediate (Rank 1001-2500),2 Cards (Recognition + Recall),MBP-4
1768474724804,应,yīng,Should / Respond,144,3,No,Tier 1: Core (Rank 1-1000),2 Cards (Recognition + Recall),MBP-4
1768474724805,兴,xìng,Interest / Mood,531,1,No,Tier 1: Core (Rank 1-1000),2 Cards (Recognition + Recall),MBP-4
1768474724806,学,xué,Study / School,66,1,No,Tier 1: Core (Rank 1-1000),2 Cards (Recognition + Recall),MBP-4
1768474724807,觉,jué,Feel / Sense,327,1,No,Tier 1: Core (Rank 1-1000),2 Cards (Recognition + Recall),MBP-4
1768474724808,亥,hài,12th Branch,3179,N/A,No,Tier 4: Rare / Surname (>3500 or Unranked),1 Card (Recognition Only),MBP-4
1768474724809,该,gāi,Should,319,3,No,Tier 1: Core (Rank 1-1000),2 Cards (Recognition + Recall),MBP-4
1768474724810,孩,hái,Child,533,2,No,Tier 1: Core (Rank 1-1000),2 Cards (Recognition + Recall),MBP-4
1768474724811,水,shuǐ,Water,202,1,No,Tier 1: Core (Rank 1-1000),2 Cards (Recognition + Recall),MBP-4
1768474724812,冰,bīng,Ice,1070,3,No,Tier 2: Intermediate (Rank 1001-2500),2 Cards (Recognition + Recall),MBP-4
1768474724813,求,qiú,Request / Beg,312,3,No,Tier 1: Core (Rank 1-1000),2 Cards (Recognition + Recall),MBP-4
1768474724814,球,qiú,Ball,628,2,No,Tier 1: Core (Rank 1-1000),2 Cards (Recognition + Recall),MBP-4
1768474724815,救,jiù,Save / Rescue,872,5,No,Tier 1: Core (Rank 1-1000),2 Cards (Recognition + Recall),MBP-4
1768474724816,火,huǒ,Fire,433,2,No,Tier 1: Core (Rank 1-1000),2 Cards (Recognition + Recall),MBP-4
1768474724817,灯,dēng,Lamp,1115,3,No,Tier 2: Intermediate (Rank 1001-2500),2 Cards (Recognition + Recall),MBP-4
1768474724818,烦,fán,Annoying,1253,4,No,Tier 2: Intermediate (Rank 1001-2500),2 Cards (Recognition + Recall),MBP-4
1768474724819,里,lǐ,Inside,50,1,No,Tier 1: Core (Rank 1-1000),2 Cards (Recognition + Recall),MBP-4
1768474724820,重,zhòng,Heavy / Important,140,3,No,Tier 1: Core (Rank 1-1000),2 Cards (Recognition + Recall),MBP-4
1768474724821,懂,dǒng,Understand,1211,2,No,Tier 2: Intermediate (Rank 1001-2500),2 Cards (Recognition + Recall),MBP-4
1768474724822,黑,hēi,Black,519,2,No,Tier 1: Core (Rank 1-1000),2 Cards (Recognition + Recall),MBP-4
1768474724823,乍,zhà,First time,2914,N/A,No,Tier 3: Lower-Freq (Rank 2501-3500),2 Cards or 1 Card,MBP-4
1768474724824,作,zuò,Work / Do,49,1,No,Tier 1: Core (Rank 1-1000),2 Cards (Recognition + Recall),MBP-4
1768474724825,昨,zuó,Yesterday,1475,1,No,Tier 2: Intermediate (Rank 1001-2500),2 Cards (Recognition + Recall),MBP-4
1768474724826,怎,zěn,How,382,1,No,Tier 1: Core (Rank 1-1000),2 Cards (Recognition + Recall),MBP-4
1768474724827,窄,zhǎi,Narrow,2244,5,No,Tier 2: Intermediate (Rank 1001-2500),2 Cards (Recognition + Recall),MBP-4
1768474724828,丰,fēng,Abundant,1189,4,No,Tier 2: Intermediate (Rank 1001-2500),2 Cards (Recognition + Recall),MBP-4
1768474724829,青,qīng,Cyan / Youth,497,5,No,Tier 1: Core (Rank 1-1000),2 Cards (Recognition + Recall),MBP-4
1768474724830,请,qǐng,Please / Invite,421,1,No,Tier 1: Core (Rank 1-1000),2 Cards (Recognition + Recall),MBP-4
1768474724831,情,qíng,Emotion,120,2,No,Tier 1: Core (Rank 1-1000),2 Cards (Recognition + Recall),MBP-4
1768474724832,表,biǎo,Surface / Watch,177,2,No,Tier 1: Core (Rank 1-1000),2 Cards (Recognition + Recall),MBP-4
1768474724833,生,shēng,Life / Birth,34,1,No,Tier 1: Core (Rank 1-1000),2 Cards (Recognition + Recall),MBP-4
1768474724834,星,xīng,Star,537,1,No,Tier 1: Core (Rank 1-1000),2 Cards (Recognition + Recall),MBP-4
1768474724835,姓,xìng,Surname,1149,2,Yes,Tier 2: Intermediate (Rank 1001-2500),2 Cards (Recognition + Recall),MBP-4
1768474724836,免,miǎn,Exempt / Avoid,755,4,No,Tier 1: Core (Rank 1-1000),2 Cards (Recognition + Recall),MBP-4
1768474724837,晚,wǎn,Late / Night,641,2,No,Tier 1: Core (Rank 1-1000),2 Cards (Recognition + Recall),MBP-4
1768474724838,家,jiā,Family / Home,56,1,No,Tier 1: Core (Rank 1-1000),2 Cards (Recognition + Recall),MBP-4
1768474724839,象,xiàng,Elephant / Image,300,4,No,Tier 1: Core (Rank 1-1000),2 Cards (Recognition + Recall),MBP-4
1768474724840,像,xiàng,Alike / Resemble,294,3,No,Tier 1: Core (Rank 1-1000),2 Cards (Recognition + Recall),MBP-4
1768474724841,头,tóu,Head,147,3,No,Tier 1: Core (Rank 1-1000),2 Cards (Recognition + Recall),MBP-4
1768474724842,实,shí,Real / Honest,100,3,No,Tier 1: Core (Rank 1-1000),2 Cards (Recognition + Recall),MBP-4
1768474724843,买,mǎi,Buy,758,1,No,Tier 1: Core (Rank 1-1000),2 Cards (Recognition + Recall),MBP-4
1768474724844,卖,mài,Sell,974,2,No,Tier 1: Core (Rank 1-1000),2 Cards (Recognition + Recall),MBP-4
1768474724845,读,dú,Read,752,1,No,Tier 1: Core (Rank 1-1000),2 Cards (Recognition + Recall),MBP-4
1768474724846,牛,niú,Cow,1018,2,No,Tier 2: Intermediate (Rank 1001-2500),2 Cards (Recognition + Recall),MBP-4
1768474724847,特,tè,Special,173,3,No,Tier 1: Core (Rank 1-1000),2 Cards (Recognition + Recall),MBP-4
1768474724848,件,jiàn,Item / M.W.,250,2,No,Tier 1: Core (Rank 1-1000),2 Cards (Recognition + Recall),MBP-4
1768474724849,告,gào,Tell,310,2,No,Tier 1: Core (Rank 1-1000),2 Cards (Recognition + Recall),MBP-4
1768474724850,先,xiān,First,188,1,No,Tier 1: Core (Rank 1-1000),2 Cards (Recognition + Recall),MBP-4
1768474724851,洗,xǐ,Wash,1247,2,No,Tier 2: Intermediate (Rank 1001-2500),2 Cards (Recognition + Recall),MBP-4
1768474724852,角,jiǎo,Angle / Horn,736,3,No,Tier 1: Core (Rank 1-1000),2 Cards (Recognition + Recall),MBP-4
1768474724853,解,"<span class=""tone3"">jiě</span> <!-- jie -->",Explain,201,3,No,Tier 1: Core (Rank 1-1000),2 Cards (Recognition + Recall),MBP-4
1768474724854,当,dāng,Ought / Serve as,71,3,No,Tier 1: Core (Rank 1-1000),2 Cards (Recognition + Recall),MBP-4
1768474724855,扫,sǎo,Sweep,1435,3,No,Tier 2: Intermediate (Rank 1001-2500),2 Cards (Recognition + Recall),MBP-4
1768474724856,事,shì,Thing / Matter,58,2,No,Tier 1: Core (Rank 1-1000),2 Cards (Recognition + Recall),MBP-4
1768474724857,史,shǐ,History,456,3,No,Tier 1: Core (Rank 1-1000),2 Cards (Recognition + Recall),MBP-4
1768474724858,使,"<span class=""tone3"">shǐ</span> <!-- shi -->",Make / Use,119,4,No,Tier 1: Core (Rank 1-1000),2 Cards (Recognition + Recall),MBP-4
1768474724859,更,gèng,More,221,3,No,Tier 1: Core (Rank 1-1000),2 Cards (Recognition + Recall),MBP-4
1768474724860,便,biàn,Convenient,271,2,No,Tier 1: Core (Rank 1-1000),2 Cards (Recognition + Recall),MBP-4
1768474724861,石,shí,Stone,414,5,No,Tier 1: Core (Rank 1-1000),2 Cards (Recognition + Recall),MBP-4
1768474724862,硬,yìng,Hard,1170,5,No,Tier 2: Intermediate (Rank 1001-2500),2 Cards (Recognition + Recall),MBP-4
1768474724863,车,chē,Car / Vehicle,361,1,No,Tier 1: Core (Rank 1-1000),2 Cards (Recognition + Recall),MBP-4
1768474724864,连,lián,Link / Even,399,4,No,Tier 1: Core (Rank 1-1000),2 Cards (Recognition + Recall),MBP-4
1768474724865,辆,liàng,M.W. for vehicles,1375,3,No,Tier 2: Intermediate (Rank 1001-2500),2 Cards (Recognition + Recall),MBP-4
1768474724866,较,jiào,Compare,491,3,No,Tier 1: Core (Rank 1-1000),2 Cards (Recognition + Recall),MBP-4
1768474724867,轻,qīng,Light (weight),460,3,No,Tier 1: Core (Rank 1-1000),2 Cards (Recognition + Recall),MBP-4
1768474724868,经,jīng,Pass / Classic,62,2,No,Tier 1: Core (Rank 1-1000),2 Cards (Recognition + Recall),MBP-4
1768474724869,与,yǔ,And / With,108,4,No,Tier 1: Core (Rank 1-1000),2 Cards (Recognition + Recall),MBP-4
1768474724870,写,xiě,Write,448,1,No,Tier 1: Core (Rank 1-1000),2 Cards (Recognition + Recall),MBP-4
1768474724871,士,shì,Scholar / Soldier,372,4,No,Tier 1: Core (Rank 1-1000),2 Cards (Recognition + Recall),MBP-4
1768474724872,任,rèn,Appoint / Burden,186,4,No,Tier 1: Core (Rank 1-1000),2 Cards (Recognition + Recall),MBP-4
1768474724873,豆,dòu,Bean,1793,5,No,Tier 2: Intermediate (Rank 1001-2500),2 Cards (Recognition + Recall),MBP-4
1768474724874,喜,"<span class=""tone3"">xǐ</span> <!-- xi -->",Happy / Like,668,1,No,Tier 1: Core (Rank 1-1000),2 Cards (Recognition + Recall),MBP-4
1768474724875,高,gāo,High / Tall,134,1,No,Tier 1: Core (Rank 1-1000),2 Cards (Recognition + Recall),MBP-4
1768474724876,搞,gǎo,Do / Make,1146,5,No,Tier 2: Intermediate (Rank 1001-2500),2 Cards (Recognition + Recall),MBP-4
1768474724877,亭,tíng,Pavilion,2002,6,No,Tier 2: Intermediate (Rank 1001-2500),2 Cards (Recognition + Recall),MBP-4
1768474724878,停,tíng,Stop,693,4,No,Tier 1: Core (Rank 1-1000),2 Cards (Recognition + Recall),MBP-4
1768474724879,九,jiǔ,Nine,445,1,No,Tier 1: Core (Rank 1-1000),2 Cards (Recognition + Recall),MBP-4
1768474724880,丸,wán,Pill / Ball,2462,6,No,Tier 2: Intermediate (Rank 1001-2500),2 Cards (Recognition + Recall),MBP-4
1768474724881,执,zhí,Hold / Execute,763,5,No,Tier 1: Core (Rank 1-1000),2 Cards (Recognition + Recall),MBP-4
1768474724882,热,rè,Hot,606,1,No,Tier 1: Core (Rank 1-1000),2 Cards (Recognition + Recall),MBP-4
1768474724883,京,jīng,Capital,566,1,No,Tier 1: Core (Rank 1-1000),2 Cards (Recognition + Recall),MBP-4
1768474724884,景,jǐng,Scenery,814,4,No,Tier 1: Core (Rank 1-1000),2 Cards (Recognition + Recall),MBP-4
1768474724885,影,yǐng,Shadow / Film,390,1,No,Tier 1: Core (Rank 1-1000),2 Cards (Recognition + Recall),MBP-4
1768474724886,尤,yóu,Especially,1099,4,No,Tier 2: Intermediate (Rank 1001-2500),2 Cards (Recognition + Recall),MBP-4
1768474724887,就,jiù,Just / Then,27,2,No,Tier 1: Core (Rank 1-1000),2 Cards (Recognition + Recall),MBP-4
1768474724888,成,chéng,Succeed / Become,59,3,No,Tier 1: Core (Rank 1-1000),2 Cards (Recognition + Recall),MBP-4
1768474724889,城,chéng,City / Wall,413,3,No,Tier 1: Core (Rank 1-1000),2 Cards (Recognition + Recall),MBP-4
1768474724890,越,yuè,Exceed / Viet,440,3,No,Tier 1: Core (Rank 1-1000),2 Cards (Recognition + Recall),MBP-4
1768474724891,咸,xián,Salty,2525,4,No,Tier 3: Lower-Freq (Rank 2501-3500),2 Cards or 1 Card,MBP-4
1768474724892,感,gǎn,Feel / Sense,243,3,No,Tier 1: Core (Rank 1-1000),2 Cards (Recognition + Recall),MBP-4
1768474724893,钱,qián,Money,603,1,No,Tier 1: Core (Rank 1-1000),2 Cards (Recognition + Recall),MBP-4
1768474724894,浅,qiǎn,Shallow,1721,5,No,Tier 2: Intermediate (Rank 1001-2500),2 Cards (Recognition + Recall),MBP-4
1768474724895,巾,jīn,Towel,2281,4,No,Tier 2: Intermediate (Rank 1001-2500),2 Cards (Recognition + Recall),MBP-4
1768474724896,帅,shuài,Handsome,1888,4,No,Tier 2: Intermediate (Rank 1001-2500),2 Cards (Recognition + Recall),MBP-4
1768474724897,师,shī,Teacher,333,1,No,Tier 1: Core (Rank 1-1000),2 Cards (Recognition + Recall),MBP-4
1768474724898,市,shì,Market / City,254,3,No,Tier 1: Core (Rank 1-1000),2 Cards (Recognition + Recall),MBP-4
1768474724899,带,dài,Belt / Bring,342,3,No,Tier 1: Core (Rank 1-1000),2 Cards (Recognition + Recall),MBP-4
1768474724900,邦,bāng,State / Nation,1363,N/A,No,Tier 2: Intermediate (Rank 1001-2500),2 Cards (Recognition + Recall),MBP-4
1768474724901,帮,bāng,Help,769,2,No,Tier 1: Core (Rank 1-1000),2 Cards (Recognition + Recall),MBP-4
1768474724902,常,cháng,Often / Common,187,2,No,Tier 1: Core (Rank 1-1000),2 Cards (Recognition + Recall),MBP-4
1768474724903,非,fēi,Not / Non-,283,2,No,Tier 1: Core (Rank 1-1000),2 Cards (Recognition + Recall),MBP-4
1768474724904,雨,yǔ,Rain,928,1,No,Tier 1: Core (Rank 1-1000),2 Cards (Recognition + Recall),MBP-4
1768474724905,雪,xuě,Snow,1003,2,No,Tier 2: Intermediate (Rank 1001-2500),2 Cards (Recognition + Recall),MBP-4
1768474724906,冬,dōng,Winter,1384,3,No,Tier 2: Intermediate (Rank 1001-2500),2 Cards (Recognition + Recall),MBP-4
1768474724907,图,tú,Picture / Map,476,3,No,Tier 1: Core (Rank 1-1000),2 Cards (Recognition + Recall),MBP-4
1768474724908,各,gè,Each,209,4,No,Tier 1: Core (Rank 1-1000),2 Cards (Recognition + Recall),MBP-4
1768474724909,客,kè,Guest,583,1,No,Tier 1: Core (Rank 1-1000),2 Cards (Recognition + Recall),MBP-4
1768474724910,务,wù,Task / Affair,245,2,No,Tier 1: Core (Rank 1-1000),2 Cards (Recognition + Recall),MBP-4
1768474724911,备,bèi,Prepare,397,2,No,Tier 1: Core (Rank 1-1000),2 Cards (Recognition + Recall),MBP-4
1768474724912,夏,xià,Summer,1126,3,No,Tier 2: Intermediate (Rank 1001-2500),2 Cards (Recognition + Recall),MBP-4
1768474724913,令,lìng,Order / Make,378,5,No,Tier 1: Core (Rank 1-1000),2 Cards (Recognition + Recall),MBP-4
1768474724914,冷,lěng,Cold,700,1,No,Tier 1: Core (Rank 1-1000),2 Cards (Recognition + Recall),MBP-4
1768474724915,足,zú,Foot / Enough,527,2,No,Tier 1: Core (Rank 1-1000),2 Cards (Recognition + Recall),MBP-4
1768474724916,跑,pǎo,Run,864,2,No,Tier 1: Core (Rank 1-1000),2 Cards (Recognition + Recall),MBP-4
1768474724917,路,lù,Road,305,2,No,Tier 1: Core (Rank 1-1000),2 Cards (Recognition + Recall),MBP-4
1768474724918,跟,gēn,With / Follow,541,3,No,Tier 1: Core (Rank 1-1000),2 Cards (Recognition + Recall),MBP-4
1768474724919,示,shì,Show,425,4,No,Tier 1: Core (Rank 1-1000),2 Cards (Recognition + Recall),MBP-4
1768474724920,票,piào,Ticket,910,2,No,Tier 1: Core (Rank 1-1000),2 Cards (Recognition + Recall),MBP-4
1768474724921,视,shì,Vision / Look,438,1,No,Tier 1: Core (Rank 1-1000),2 Cards (Recognition + Recall),MBP-4
1768474724922,知,zhī,Know,123,2,No,Tier 1: Core (Rank 1-1000),2 Cards (Recognition + Recall),MBP-4
1768474724923,短,duǎn,Short,889,3,No,Tier 1: Core (Rank 1-1000),2 Cards (Recognition + Recall),MBP-4
1768474724924,医,yī,Doctor / Medical,482,1,No,Tier 1: Core (Rank 1-1000),2 Cards (Recognition + Recall),MBP-4
1768474724925,矮,ǎi,Short (height),2027,3,No,Tier 2: Intermediate (Rank 1001-2500),2 Cards (Recognition + Recall),MBP-4
1768474724926,侯,hóu,Marquis,1756,N/A,No,Tier 2: Intermediate (Rank 1001-2500),2 Cards (Recognition + Recall),MBP-4
1768474724927,候,hòu,Time / Wait,341,1,No,Tier 1: Core (Rank 1-1000),2 Cards (Recognition + Recall),MBP-4
1768474724928,弓,gōng,Bow,2229,N/A,No,Tier 2: Intermediate (Rank 1001-2500),2 Cards (Recognition + Recall),MBP-4
1768474724929,张,zhāng,Open / Sheet,318,3,No,Tier 1: Core (Rank 1-1000),2 Cards (Recognition + Recall),MBP-4
1768474724930,虫,chóng,Insect,1287,5,No,Tier 2: Intermediate (Rank 1001-2500),2 Cards (Recognition + Recall),MBP-4
1768474724931,虽,suī,Although,504,2,No,Tier 1: Core (Rank 1-1000),2 Cards (Recognition + Recall),MBP-4
1768474724932,强,qiáng,Strong,292,5,No,Tier 1: Core (Rank 1-1000),2 Cards (Recognition + Recall),MBP-4
1768474724933,弱,ruò,Weak,1038,5,No,Tier 2: Intermediate (Rank 1001-2500),2 Cards (Recognition + Recall),MBP-4
1768474724934,弟,dì,Younger brother,816,2,No,Tier 1: Core (Rank 1-1000),2 Cards (Recognition + Recall),MBP-4
1768474724935,第,dì,Ordinal prefix,114,2,No,Tier 1: Core (Rank 1-1000),2 Cards (Recognition + Recall),MBP-4
1768474724936,隹,zhuī,Short-tailed bird,5837,N/A,No,Tier 4: Rare / Surname (>3500 or Unranked),1 Card (Recognition Only),MBP-4
1768474724937,谁,shéi,Who,648,1,No,Tier 1: Core (Rank 1-1000),2 Cards (Recognition + Recall),MBP-4
1768474724938,推,tuī,Push,505,4,No,Tier 1: Core (Rank 1-1000),2 Cards (Recognition + Recall),MBP-4
1768474724939,难,nán,Difficult,295,3,No,Tier 1: Core (Rank 1-1000),2 Cards (Recognition + Recall),MBP-4
1768474724940,准,zhǔn,Standard,379,2,No,Tier 1: Core (Rank 1-1000),2 Cards (Recognition + Recall),MBP-4
1768474724941,夭,yāo,Young,3079,N/A,No,Tier 4: Rare / Surname (>3500 or Unranked),1 Card (Recognition Only),MBP-4
1768474724942,笑,xiào,Laugh / Smile,346,2,No,Tier 1: Core (Rank 1-1000),2 Cards (Recognition + Recall),MBP-4
1768474724943,立,lì,Stand / Establish,197,5,No,Tier 1: Core (Rank 1-1000),2 Cards (Recognition + Recall),MBP-4
1768474724944,位,wèi,Position / Seat,182,3,No,Tier 1: Core (Rank 1-1000),2 Cards (Recognition + Recall),MBP-4
1768474724945,音,yīn,Sound,540,3,No,Tier 1: Core (Rank 1-1000),2 Cards (Recognition + Recall),MBP-4
1768474724946,意,yì,Meaning / Wish,104,2,No,Tier 1: Core (Rank 1-1000),2 Cards (Recognition + Recall),MBP-4
1768474724947,站,zhàn,Station / Stand,544,2,No,Tier 1: Core (Rank 1-1000),2 Cards (Recognition + Recall),MBP-4
1768474724948,拉,"<span class=""tone1"">lā</span> <!-- la -->",Pull,324,4,No,Tier 1: Core (Rank 1-1000),2 Cards (Recognition + Recall),MBP-4
1768474724949,接,jiē,Connect / Receive,247,3,No,Tier 1: Core (Rank 1-1000),2 Cards (Recognition + Recall),MBP-4
1768474724950,亲,qīn,Parent / Close,362,4,No,Tier 1: Core (Rank 1-1000),2 Cards (Recognition + Recall),MBP-4
1768474724951,新,xīn,New,161,2,No,Tier 1: Core (Rank 1-1000),2 Cards (Recognition + Recall),MBP-4
1768474724952,杀,shā,Kill,587,5,No,Tier 1: Core (Rank 1-1000),2 Cards (Recognition + Recall),MBP-4
1768474724953,条,tiǎo,Noodle,214,2,No,Tier 1: Core (Rank 1-1000),2 Cards (Recognition + Recall),MBP-4
1768474724954,乐,lè,Happy,619,2,No,Tier 1: Core (Rank 1-1000),2 Cards (Recognition + Recall),MBP-4
1768474724955,茶,chá,Tea,1272,1,No,Tier 2: Intermediate (Rank 1001-2500),2 Cards (Recognition + Recall),MBP-4
1768474724956,乃,nǎi,Thus / To be,1165,N/A,No,Tier 2: Intermediate (Rank 1001-2500),2 Cards (Recognition + Recall),MBP-4
1768474724957,扔,rēng,Throw,1905,4,No,Tier 2: Intermediate (Rank 1001-2500),2 Cards (Recognition + Recall),MBP-4
1768474724958,奶,nǎi,Milk / Grandma,1278,2,No,Tier 2: Intermediate (Rank 1001-2500),2 Cards (Recognition + Recall),MBP-4
1768474724959,及,jí,And / Reach,198,4,No,Tier 1: Core (Rank 1-1000),2 Cards (Recognition + Recall),MBP-4
1768474724960,尸,shī,Corpse,1517,6,No,Tier 2: Intermediate (Rank 1001-2500),2 Cards (Recognition + Recall),MBP-4
1768474724961,呢,ne,Particle,383,1,No,Tier 1: Core (Rank 1-1000),2 Cards (Recognition + Recall),MBP-4
1768474724962,户,hù,Door / Household,801,4,No,Tier 1: Core (Rank 1-1000),2 Cards (Recognition + Recall),MBP-4
1768474724963,所,suǒ,Place / Particle,54,2,No,Tier 1: Core (Rank 1-1000),2 Cards (Recognition + Recall),MBP-4
1768474724964,声,shēng,Sound / Voice,195,3,No,Tier 1: Core (Rank 1-1000),2 Cards (Recognition + Recall),MBP-4
1768474724965,欠,qiàn,Owe / Lack,1948,5,No,Tier 2: Intermediate (Rank 1001-2500),2 Cards (Recognition + Recall),MBP-4
1768474724966,吹,chuī,Blow,1390,5,No,Tier 2: Intermediate (Rank 1001-2500),2 Cards (Recognition + Recall),MBP-4
1768474724967,歌,gē,Song,1040,2,No,Tier 2: Intermediate (Rank 1001-2500),2 Cards (Recognition + Recall),MBP-4
1768474724968,软,ruǎn,Soft,1043,5,No,Tier 2: Intermediate (Rank 1001-2500),2 Cards (Recognition + Recall),MBP-4
1768474724969,次,cì,Time / Next,183,2,No,Tier 1: Core (Rank 1-1000),2 Cards (Recognition + Recall),MBP-4
1768474724970,欢,huān,Happy / Joyous,685,1,No,Tier 1: Core (Rank 1-1000),2 Cards (Recognition + Recall),MBP-4
1768474724971,亡,wáng,Perish / Die,957,6,No,Tier 1: Core (Rank 1-1000),2 Cards (Recognition + Recall),MBP-4
1768474724972,忘,wàng,Forget,1056,3,No,Tier 2: Intermediate (Rank 1001-2500),2 Cards (Recognition + Recall),MBP-4
1768474724973,忙,máng,Busy,827,2,No,Tier 1: Core (Rank 1-1000),2 Cards (Recognition + Recall),MBP-4
1768474724974,万,wàn,Ten Thousand,322,3,No,Tier 1: Core (Rank 1-1000),2 Cards (Recognition + Recall),MBP-4
1768474724975,方,fāng,Square / Place,60,3,No,Tier 1: Core (Rank 1-1000),2 Cards (Recognition + Recall),MBP-4
1768474724976,放,fàng,Put / Release,291,3,No,Tier 1: Core (Rank 1-1000),2 Cards (Recognition + Recall),MBP-4
1768474724977,房,fáng,Room / House,512,2,No,Tier 1: Core (Rank 1-1000),2 Cards (Recognition + Recall),MBP-4
1768474724978,巴,bā,Bar / Wait,546,5,No,Tier 1: Core (Rank 1-1000),2 Cards (Recognition + Recall),MBP-4
1768474724979,吧,ba,Particle / Bar,470,2,No,Tier 1: Core (Rank 1-1000),2 Cards (Recognition + Recall),MBP-4
1768474724980,把,bǎ,Hold / Grasp,110,3,No,Tier 1: Core (Rank 1-1000),2 Cards (Recognition + Recall),MBP-4
1768474724981,色,sè,Color,304,2,No,Tier 1: Core (Rank 1-1000),2 Cards (Recognition + Recall),MBP-4
1768474724982,而,ér,And / But,36,3,No,Tier 1: Core (Rank 1-1000),2 Cards (Recognition + Recall),MBP-4
1768474724983,需,xū,Need,408,3,No,Tier 1: Core (Rank 1-1000),2 Cards (Recognition + Recall),MBP-4
1768474724984,且,qiè,Moreover,296,3,No,Tier 1: Core (Rank 1-1000),2 Cards (Recognition + Recall),MBP-4
1768474724985,姐,jiě,Elder Sister,830,1,No,Tier 1: Core (Rank 1-1000),2 Cards (Recognition + Recall),MBP-4
1768474724986,宜,yí,Suitable,1290,2,No,Tier 2: Intermediate (Rank 1001-2500),2 Cards (Recognition + Recall),MBP-4
1768474724987,丙,bǐng,Third (Stem),2645,6,No,Tier 3: Lower-Freq (Rank 2501-3500),2 Cards or 1 Card,MBP-4
1768474724988,病,bìng,Sick / Disease,427,2,No,Tier 1: Core (Rank 1-1000),2 Cards (Recognition + Recall),MBP-4
1768474724989,疼,téng,Pain,1710,3,No,Tier 2: Intermediate (Rank 1001-2500),2 Cards (Recognition + Recall),MBP-4
1768474724990,氏,shì,Clan / Name,1500,6,No,Tier 2: Intermediate (Rank 1001-2500),2 Cards (Recognition + Recall),MBP-4
1768474724991,纸,"<span class=""tone3"">zhǐ</span> <!-- zhi -->",Paper,1020,2,No,Tier 2: Intermediate (Rank 1001-2500),2 Cards (Recognition + Recall),MBP-4
1768474724992,低,dī,Low,592,4,No,Tier 1: Core (Rank 1-1000),2 Cards (Recognition + Recall),MBP-4
1768474724993,北,běi,North,315,1,No,Tier 1: Core (Rank 1-1000),2 Cards (Recognition + Recall),MBP-4
1768474724994,南,nán,South,307,3,No,Tier 1: Core (Rank 1-1000),2 Cards (Recognition + Recall),MBP-4
1768474724995,垂,chuí,Hang / Droop,1592,6,No,Tier 2: Intermediate (Rank 1001-2500),2 Cards (Recognition + Recall),MBP-4
1768474724996,睡,shuì,Sleep,964,1,No,Tier 1: Core (Rank 1-1000),2 Cards (Recognition + Recall),MBP-4
1768474724997,海,hǎi,Sea,189,4,No,Tier 1: Core (Rank 1-1000),2 Cards (Recognition + Recall),MBP-Intermediate
1768474724998,毒,dú,Poison,947,5,No,Tier 1: Core (Rank 1-1000),2 Cards (Recognition + Recall),MBP-Intermediate
1768474724999,洋,yáng,Ocean,803,4,No,Tier 1: Core (Rank 1-1000),2 Cards (Recognition + Recall),MBP-Intermediate
1768474725000,鲜,xiān,Fresh,958,3,No,Tier 1: Core (Rank 1-1000),2 Cards (Recognition + Recall),MBP-Intermediate
1768474725001,原,yuán,Original,193,4,No,Tier 1: Core (Rank 1-1000),2 Cards (Recognition + Recall),MBP-Intermediate
1768474725002,源,yuán,Source,670,5,Yes,Tier 1: Core (Rank 1-1000),2 Cards (Recognition + Recall),MBP-Intermediate
1768474725003,愿,yuàn,Wish / Willing,598,3,No,Tier 1: Core (Rank 1-1000),2 Cards (Recognition + Recall),MBP-Intermediate
1768474725004,川,chuān,River,1109,6,No,Tier 2: Intermediate (Rank 1001-2500),2 Cards (Recognition + Recall),MBP-Intermediate
1768474725005,州,zhōu,State / Continent,721,6,No,Tier 1: Core (Rank 1-1000),2 Cards (Recognition + Recall),MBP-Intermediate
1768474725006,洲,zhōu,Continent,701,4,No,Tier 1: Core (Rank 1-1000),2 Cards (Recognition + Recall),MBP-Intermediate
1768474725007,弃,qì,Abandon,1105,4,No,Tier 2: Intermediate (Rank 1001-2500),2 Cards (Recognition + Recall),MBP-Intermediate
1768474725008,育,yù,Educate,609,3,No,Tier 1: Core (Rank 1-1000),2 Cards (Recognition + Recall),MBP-Intermediate
1768474725009,充,chōng,Fill / Sufficient,690,5,No,Tier 1: Core (Rank 1-1000),2 Cards (Recognition + Recall),MBP-Intermediate
1768474725010,流,liú,Flow,396,4,No,Tier 1: Core (Rank 1-1000),2 Cards (Recognition + Recall),MBP-Intermediate
1768474725011,统,tǒng,System / Unify,264,5,No,Tier 1: Core (Rank 1-1000),2 Cards (Recognition + Recall),MBP-Intermediate
1768474725012,齐,qí,Together,1063,5,No,Tier 2: Intermediate (Rank 1001-2500),2 Cards (Recognition + Recall),MBP-Intermediate
1768474725013,济,jì,Aid / Cross river,360,4,No,Tier 1: Core (Rank 1-1000),2 Cards (Recognition + Recall),MBP-Intermediate
1768474725014,剂,jì,Dose / Agent,1546,6,No,Tier 2: Intermediate (Rank 1001-2500),2 Cards (Recognition + Recall),MBP-Intermediate
1768474725015,清,qīng,Clear,335,3,No,Tier 1: Core (Rank 1-1000),2 Cards (Recognition + Recall),MBP-Intermediate
1768474725016,精,jīng,Spirit / Essence,435,4,No,Tier 1: Core (Rank 1-1000),2 Cards (Recognition + Recall),MBP-Intermediate
1768474725017,消,xiāo,Disappear,439,4,No,Tier 1: Core (Rank 1-1000),2 Cards (Recognition + Recall),MBP-Intermediate
1768474725018,治,zhì,Cure / Govern,274,5,No,Tier 1: Core (Rank 1-1000),2 Cards (Recognition + Recall),MBP-Intermediate
1768474725019,落,luò,Fall / Drop,496,4,No,Tier 1: Core (Rank 1-1000),2 Cards (Recognition + Recall),MBP-Intermediate
1768474725020,露,lù,Dew / Reveal,841,6,No,Tier 1: Core (Rank 1-1000),2 Cards (Recognition + Recall),MBP-Intermediate
1768474725021,满,mǎn,Full,436,3,No,Tier 1: Core (Rank 1-1000),2 Cards (Recognition + Recall),MBP-Intermediate
1768474725022,酒,jiǔ,Alcohol,797,3,No,Tier 1: Core (Rank 1-1000),2 Cards (Recognition + Recall),MBP-Intermediate
1768474725023,配,pèi,Match / Pair,738,5,No,Tier 1: Core (Rank 1-1000),2 Cards (Recognition + Recall),MBP-Intermediate
1768474725024,醒,xǐng,Wake up,1075,4,No,Tier 2: Intermediate (Rank 1001-2500),2 Cards (Recognition + Recall),MBP-Intermediate
1768474725025,尊,zūn,Respect,1134,4,No,Tier 2: Intermediate (Rank 1001-2500),2 Cards (Recognition + Recall),MBP-Intermediate
1768474725026,酷,kù,Cool / Cruel,1867,6,No,Tier 2: Intermediate (Rank 1001-2500),2 Cards (Recognition + Recall),MBP-Intermediate
1768474725027,酸,suān,Sour,1456,4,No,Tier 2: Intermediate (Rank 1001-2500),2 Cards (Recognition + Recall),MBP-Intermediate
1768474725028,波,bō,Wave,664,6,No,Tier 1: Core (Rank 1-1000),2 Cards (Recognition + Recall),MBP-Intermediate
1768474725029,胡,hú,Beard / Reckless,806,5,No,Tier 1: Core (Rank 1-1000),2 Cards (Recognition + Recall),MBP-Intermediate
1768474725030,湖,hú,Lake,918,6,No,Tier 1: Core (Rank 1-1000),2 Cards (Recognition + Recall),MBP-Intermediate
1768474725031,永,yǒng,Forever,842,4,No,Tier 1: Core (Rank 1-1000),2 Cards (Recognition + Recall),MBP-Intermediate
1768474725032,泳,yǒng,Swim,2607,2,No,Tier 3: Lower-Freq (Rank 2501-3500),2 Cards or 1 Card,MBP-Intermediate
1768474725033,脉,mài,Pulse / Vein,1594,6,No,Tier 2: Intermediate (Rank 1001-2500),2 Cards (Recognition + Recall),MBP-Intermediate
1768474725034,承,chéng,Bear / Undertake,639,5,No,Tier 1: Core (Rank 1-1000),2 Cards (Recognition + Recall),MBP-Intermediate
1768474725035,兰,lán,Orchid,642,N/A,No,Tier 1: Core (Rank 1-1000),2 Cards (Recognition + Recall),MBP-Intermediate
1768474725036,之,zhī,Of / Go,44,4,No,Tier 1: Core (Rank 1-1000),2 Cards (Recognition + Recall),MBP-Intermediate
1768474725037,乏,fá,Lack / Tired,1399,5,No,Tier 2: Intermediate (Rank 1001-2500),2 Cards (Recognition + Recall),MBP-Intermediate
1768474725038,派,pài,Send / Pie,532,5,No,Tier 1: Core (Rank 1-1000),2 Cards (Recognition + Recall),MBP-Intermediate
1768474725039,游,yóu,Swim / Travel,695,2,No,Tier 1: Core (Rank 1-1000),2 Cards (Recognition + Recall),MBP-Intermediate
1768474725040,施,shī,Execute / Grant,553,5,No,Tier 1: Core (Rank 1-1000),2 Cards (Recognition + Recall),MBP-Intermediate
1768474725041,族,zú,Clan / Race,549,4,No,Tier 1: Core (Rank 1-1000),2 Cards (Recognition + Recall),MBP-Intermediate
1768474725042,旅,lǚ,Travel,950,2,No,Tier 1: Core (Rank 1-1000),2 Cards (Recognition + Recall),MBP-Intermediate
1768474725043,良,liáng,Good,835,5,No,Tier 1: Core (Rank 1-1000),2 Cards (Recognition + Recall),MBP-Intermediate
1768474725044,浪,làng,Wave,1186,4,No,Tier 2: Intermediate (Rank 1001-2500),2 Cards (Recognition + Recall),MBP-Intermediate
1768474725045,郎,láng,Young man,1457,6,No,Tier 2: Intermediate (Rank 1001-2500),2 Cards (Recognition + Recall),MBP-Intermediate
1768474725046,娘,niáng,Mother / Lady,881,5,No,Tier 1: Core (Rank 1-1000),2 Cards (Recognition + Recall),MBP-Intermediate
1768474725047,姑,gū,Aunt,994,5,No,Tier 1: Core (Rank 1-1000),2 Cards (Recognition + Recall),MBP-Intermediate
1768474725048,沙,shā,Sand,848,4,No,Tier 1: Core (Rank 1-1000),2 Cards (Recognition + Recall),MBP-Intermediate
1768474725049,省,"<span class=""tone3"">shěng</span> <!-- sheng -->",Province / [Save Time/Money],666,4,No,Tier 1: Core (Rank 1-1000),2 Cards (Recognition + Recall),MBP-Intermediate
1768474725050,眼,yǎn,Eye,281,2,No,Tier 1: Core (Rank 1-1000),2 Cards (Recognition + Recall),MBP-Intermediate
1768474725051,睛,jīng,Pupil (eye),934,2,No,Tier 1: Core (Rank 1-1000),2 Cards (Recognition + Recall),MBP-Intermediate
1768474725052,沉,chén,Sink / Deep,747,5,No,Tier 1: Core (Rank 1-1000),2 Cards (Recognition + Recall),MBP-Intermediate
1768474725053,染,rǎn,Dye,1141,4,No,Tier 2: Intermediate (Rank 1001-2500),2 Cards (Recognition + Recall),MBP-Intermediate
1768474725054,究,jiū,After all / Study,429,4,No,Tier 1: Core (Rank 1-1000),2 Cards (Recognition + Recall),MBP-Intermediate
1768474725055,杂,zá,Miscellaneous,853,4,No,Tier 1: Core (Rank 1-1000),2 Cards (Recognition + Recall),MBP-Intermediate
1768474725056,余,"<span class=""tone2"">yú</span> <!-- yu -->",Surplus,729,5,Yes,Tier 1: Core (Rank 1-1000),2 Cards (Recognition + Recall),MBP-Intermediate
1768474725057,除,chú,Remove / Divide,464,3,No,Tier 1: Core (Rank 1-1000),2 Cards (Recognition + Recall),MBP-Intermediate
1768474725058,途,tú,Route / Way,1085,5,No,Tier 2: Intermediate (Rank 1001-2500),2 Cards (Recognition + Recall),MBP-Intermediate
1768474725059,汇,huì,Converge / Remit,1187,5,No,Tier 2: Intermediate (Rank 1001-2500),2 Cards (Recognition + Recall),MBP-Intermediate
1768474725060,巨,jù,Huge,913,5,No,Tier 1: Core (Rank 1-1000),2 Cards (Recognition + Recall),MBP-Intermediate
1768474725061,距,jù,Distance,1202,4,No,Tier 2: Intermediate (Rank 1001-2500),2 Cards (Recognition + Recall),MBP-Intermediate
1768474725062,涨,zhǎng,Rise,1803,5,No,Tier 2: Intermediate (Rank 1001-2500),2 Cards (Recognition + Recall),MBP-Intermediate
1768474725063,湾,wān,Bay,855,6,No,Tier 1: Core (Rank 1-1000),2 Cards (Recognition + Recall),MBP-Intermediate
1768474725064,引,yǐn,Draw / Attract,479,4,No,Tier 1: Core (Rank 1-1000),2 Cards (Recognition + Recall),MBP-Intermediate
1768474725065,弹,dàn,Bullet / Play(tán),632,4,No,Tier 1: Core (Rank 1-1000),2 Cards (Recognition + Recall),MBP-Intermediate
1768474725066,淡,dàn,Bland / Light,1293,5,No,Tier 2: Intermediate (Rank 1001-2500),2 Cards (Recognition + Recall),MBP-Intermediate
1768474725067,润,rùn,Moist / Profit,1369,5,No,Tier 2: Intermediate (Rank 1001-2500),2 Cards (Recognition + Recall),MBP-Intermediate
1768474725068,渐,jiàn,Gradually,870,5,No,Tier 1: Core (Rank 1-1000),2 Cards (Recognition + Recall),MBP-Intermediate
1768474725069,汗,hàn,Sweat,1490,4,No,Tier 2: Intermediate (Rank 1001-2500),2 Cards (Recognition + Recall),MBP-Intermediate
1768474725070,平,píng,Flat / Peace,215,3,No,Tier 1: Core (Rank 1-1000),2 Cards (Recognition + Recall),MBP-Intermediate
1768474725071,幸,xìng,Luck / Happy,902,4,No,Tier 1: Core (Rank 1-1000),2 Cards (Recognition + Recall),MBP-Intermediate
1768474725072,赶,gǎn,Catch up / Rush,908,4,No,Tier 1: Core (Rank 1-1000),2 Cards (Recognition + Recall),MBP-Intermediate
1768474725073,超,chāo,Super / Exceed,754,3,No,Tier 1: Core (Rank 1-1000),2 Cards (Recognition + Recall),MBP-Intermediate
1768474725074,趣,qù,Interest,1065,3,No,Tier 2: Intermediate (Rank 1001-2500),2 Cards (Recognition + Recall),MBP-Intermediate
1768474725075,聚,jù,Gather,1306,4,No,Tier 2: Intermediate (Rank 1001-2500),2 Cards (Recognition + Recall),MBP-Intermediate
1768474725076,汁,zhī,Juice,2540,4,No,Tier 3: Lower-Freq (Rank 2501-3500),2 Cards or 1 Card,MBP-Intermediate
1768474725077,泼,"<span class=""tone1"">pō</span> <!-- po -->",Splash,2327,4,No,Tier 2: Intermediate (Rank 1001-2500),2 Cards (Recognition + Recall),MBP-Intermediate
1768474725078,演,yǎn,Perform / Act,715,4,No,Tier 1: Core (Rank 1-1000),2 Cards (Recognition + Recall),MBP-Intermediate
1768474725079,勿,wù,Do not,2563,5,No,Tier 3: Lower-Freq (Rank 2501-3500),2 Cards or 1 Card,MBP-Intermediate
1768474725080,物,wù,Thing / Object,142,3,No,Tier 1: Core (Rank 1-1000),2 Cards (Recognition + Recall),MBP-Intermediate
1768474725081,易,yì,Easy / Change,461,3,No,Tier 1: Core (Rank 1-1000),2 Cards (Recognition + Recall),MBP-Intermediate
1768474725082,踢,tī,Kick,2444,2,No,Tier 2: Intermediate (Rank 1001-2500),2 Cards (Recognition + Recall),MBP-Intermediate
1768474725083,汤,tāng,Soup,1618,4,No,Tier 2: Intermediate (Rank 1001-2500),2 Cards (Recognition + Recall),MBP-Intermediate
1768474725084,场,chǎng,Field / Place,249,2,No,Tier 1: Core (Rank 1-1000),2 Cards (Recognition + Recall),MBP-Intermediate
1768474725085,杨,yáng,Poplar,1062,N/A,Yes,Tier 2: Intermediate (Rank 1001-2500),2 Cards (Recognition + Recall),MBP-Intermediate
1768474725086,扬,yáng,Raise / Praise,1084,4,No,Tier 2: Intermediate (Rank 1001-2500),2 Cards (Recognition + Recall),MBP-Intermediate
1768474725087,持,chí,Hold / Support,357,4,No,Tier 1: Core (Rank 1-1000),2 Cards (Recognition + Recall),MBP-Intermediate
1768474725088,待,dài,Wait / Treat,673,5,No,Tier 1: Core (Rank 1-1000),2 Cards (Recognition + Recall),MBP-Intermediate
1768474725089,征,zhēng,Journey / Sign,739,5,No,Tier 1: Core (Rank 1-1000),2 Cards (Recognition + Recall),MBP-Intermediate
1768474725090,微,wēi,Tiny / Micro,653,4,No,Tier 1: Core (Rank 1-1000),2 Cards (Recognition + Recall),MBP-Intermediate
1768474725091,据,jù,According to,313,3,No,Tier 1: Core (Rank 1-1000),2 Cards (Recognition + Recall),MBP-Intermediate
1768474725092,投,tóu,Throw / Invest,516,5,No,Tier 1: Core (Rank 1-1000),2 Cards (Recognition + Recall),MBP-Intermediate
1768474725093,指,zhǐ,Finger / Point,261,4,No,Tier 1: Core (Rank 1-1000),2 Cards (Recognition + Recall),MBP-Intermediate
1768474725094,龙,lóng,Dragon,696,5,No,Tier 1: Core (Rank 1-1000),2 Cards (Recognition + Recall),MBP-Intermediate
1768474725095,技,jì,Skill,422,4,No,Tier 1: Core (Rank 1-1000),2 Cards (Recognition + Recall),MBP-Intermediate
1768474725096,鼓,gǔ,Drum,1123,4,No,Tier 2: Intermediate (Rank 1001-2500),2 Cards (Recognition + Recall),MBP-Intermediate
1768474725097,护,hù,Protect,529,3,No,Tier 1: Core (Rank 1-1000),2 Cards (Recognition + Recall),MBP-Intermediate
1768474725098,扁,biǎn,Flat,1737,6,No,Tier 2: Intermediate (Rank 1001-2500),2 Cards (Recognition + Recall),MBP-Intermediate
1768474725099,编,biān,Weave / Edit,858,5,No,Tier 1: Core (Rank 1-1000),2 Cards (Recognition + Recall),MBP-Intermediate
1768474725100,偏,piān,Slanted / Biased,1204,6,No,Tier 2: Intermediate (Rank 1001-2500),2 Cards (Recognition + Recall),MBP-Intermediate
1768474725101,遍,biàn,All over / Time,1012,4,No,Tier 2: Intermediate (Rank 1001-2500),2 Cards (Recognition + Recall),MBP-Intermediate
1768474725102,篇,piān,Sheet / Piece,1008,4,No,Tier 2: Intermediate (Rank 1001-2500),2 Cards (Recognition + Recall),MBP-Intermediate
1768474725103,骗,piàn,Cheat / Trick,1503,4,No,Tier 2: Intermediate (Rank 1001-2500),2 Cards (Recognition + Recall),MBP-Intermediate
1768474725104,控,kòng,Control,780,5,No,Tier 1: Core (Rank 1-1000),2 Cards (Recognition + Recall),MBP-Intermediate
1768474725105,按,àn,Press,573,4,No,Tier 1: Core (Rank 1-1000),2 Cards (Recognition + Recall),MBP-Intermediate
1768474725106,招,zhāo,Beckon / Recruit,941,4,No,Tier 1: Core (Rank 1-1000),2 Cards (Recognition + Recall),MBP-Intermediate
1768474725107,括,kuò,Include,850,5,No,Tier 1: Core (Rank 1-1000),2 Cards (Recognition + Recall),"leech, leech::toolkit-filtered, MBP-Intermediate"
1768474725108,掉,diào,Fall / Drop,849,4,No,Tier 1: Core (Rank 1-1000),2 Cards (Recognition + Recall),MBP-Intermediate
1768474725109,托,tuō,Entrust / Hold,799,5,No,Tier 1: Core (Rank 1-1000),2 Cards (Recognition + Recall),MBP-Intermediate
1768474725110,挥,huī,Wave / Wipe,742,5,No,Tier 1: Core (Rank 1-1000),2 Cards (Recognition + Recall),MBP-Intermediate
1768474725111,损,sǔn,Damage / Loss,911,5,No,Tier 1: Core (Rank 1-1000),2 Cards (Recognition + Recall),MBP-Intermediate
1768474725112,折,zhé,Fold / Discount,1131,4,No,Tier 2: Intermediate (Rank 1001-2500),2 Cards (Recognition + Recall),MBP-Intermediate
1768474725113,爪,zhuǎ,Claw,2363,N/A,No,Tier 2: Intermediate (Rank 1001-2500),2 Cards (Recognition + Recall),MBP-Intermediate
1768474725114,抓,zhuā,Grab,992,5,No,Tier 1: Core (Rank 1-1000),2 Cards (Recognition + Recall),MBP-Intermediate
1768474725115,瓜,guā,Melon,1827,2,No,Tier 2: Intermediate (Rank 1001-2500),2 Cards (Recognition + Recall),MBP-Intermediate
1768474725116,孤,gū,Lonely,1334,6,No,Tier 2: Intermediate (Rank 1001-2500),2 Cards (Recognition + Recall),MBP-Intermediate
1768474725117,爬,pá,Climb / Crawl,1426,3,No,Tier 2: Intermediate (Rank 1001-2500),2 Cards (Recognition + Recall),MBP-Intermediate
1768474725118,拥,yōng,Embrace / Own,1059,5,No,Tier 2: Intermediate (Rank 1001-2500),2 Cards (Recognition + Recall),MBP-Intermediate
1768474725119,抢,qiǎng,Rob / Snatch,1412,5,No,Tier 2: Intermediate (Rank 1001-2500),2 Cards (Recognition + Recall),MBP-Intermediate
1768474725120,探,tàn,Explore,917,6,No,Tier 1: Core (Rank 1-1000),2 Cards (Recognition + Recall),MBP-Intermediate
1768474725121,兆,zhào,Omen / Mega,2246,6,No,Tier 2: Intermediate (Rank 1001-2500),2 Cards (Recognition + Recall),MBP-Intermediate
1768474725122,挑,tiāo,Pick / Choose,1309,5,No,Tier 2: Intermediate (Rank 1001-2500),2 Cards (Recognition + Recall),MBP-Intermediate
1768474725123,跳,tiào,Jump,999,2,No,Tier 1: Core (Rank 1-1000),2 Cards (Recognition + Recall),MBP-Intermediate
1768474725124,逃,táo,Escape,996,5,No,Tier 1: Core (Rank 1-1000),2 Cards (Recognition + Recall),MBP-Intermediate
1768474725125,扩,kuò,Expand,1051,5,No,Tier 2: Intermediate (Rank 1001-2500),2 Cards (Recognition + Recall),MBP-Intermediate
1768474725126,批,pī,Criticize / Batch,569,4,No,Tier 1: Core (Rank 1-1000),2 Cards (Recognition + Recall),MBP-Intermediate
1768474725127,混,hùn,Mix / Confuse,1137,6,No,Tier 2: Intermediate (Rank 1001-2500),2 Cards (Recognition + Recall),MBP-Intermediate
1768474725128,毕,bì,Finish,1093,4,No,Tier 2: Intermediate (Rank 1001-2500),2 Cards (Recognition + Recall),MBP-Intermediate
1768474725129,措,cuò,Measure / Step,1148,5,No,Tier 2: Intermediate (Rank 1001-2500),2 Cards (Recognition + Recall),MBP-Intermediate
1768474725130,展,zhǎn,Exhibition,275,4,No,Tier 1: Core (Rank 1-1000),2 Cards (Recognition + Recall),MBP-Intermediate
1768474725131,授,shòu,Instruct,968,4,No,Tier 1: Core (Rank 1-1000),2 Cards (Recognition + Recall),MBP-Intermediate
1768474725132,延,yán,Delay,1103,5,No,Tier 2: Intermediate (Rank 1001-2500),2 Cards (Recognition + Recall),MBP-Intermediate
1768474725133,挺,tǐng,Very / Erect,1467,4,No,Tier 2: Intermediate (Rank 1001-2500),2 Cards (Recognition + Recall),MBP-Intermediate
1768474725134,庭,tíng,Courtyard,931,5,No,Tier 1: Core (Rank 1-1000),2 Cards (Recognition + Recall),MBP-Intermediate
1768474725135,抱,bào,Hug / Hold,1122,4,No,Tier 2: Intermediate (Rank 1001-2500),2 Cards (Recognition + Recall),MBP-Intermediate
1768474725136,扰,rǎo,Disturb,1483,4,No,Tier 2: Intermediate (Rank 1001-2500),2 Cards (Recognition + Recall),MBP-Intermediate
1768474725137,抬,tái,Lift / Raise,1386,4,No,Tier 2: Intermediate (Rank 1001-2500),2 Cards (Recognition + Recall),MBP-Intermediate
1768474725138,扮,bàn,Dress up,1974,4,No,Tier 2: Intermediate (Rank 1001-2500),2 Cards (Recognition + Recall),MBP-Intermediate
1768474725139,粉,fěn,Powder / Pink,1498,6,No,Tier 2: Intermediate (Rank 1001-2500),2 Cards (Recognition + Recall),MBP-Intermediate
1768474725140,拾,"<span class=""tone2"">shí</span> <!-- shi -->",Pick up,1961,4,No,Tier 2: Intermediate (Rank 1001-2500),2 Cards (Recognition + Recall),MBP-Intermediate
1768474725141,术,shù,Art / Skill,328,4,No,Tier 1: Core (Rank 1-1000),2 Cards (Recognition + Recall),MBP-Intermediate
1768474725142,格,gé,Grid / Style,325,4,No,Tier 1: Core (Rank 1-1000),2 Cards (Recognition + Recall),MBP-Intermediate
1768474725143,标,biāo,Mark / Standard,473,4,No,Tier 1: Core (Rank 1-1000),2 Cards (Recognition + Recall),MBP-Intermediate
1768474725144,林,lín,Forest,364,4,Yes,Tier 1: Core (Rank 1-1000),2 Cards (Recognition + Recall),MBP-Intermediate
1768474725145,禁,jìn,Prohibit,986,4,No,Tier 1: Core (Rank 1-1000),2 Cards (Recognition + Recall),MBP-Intermediate
1768474725146,际,jì,Border / Inter-,423,4,No,Tier 1: Core (Rank 1-1000),2 Cards (Recognition + Recall),MBP-Intermediate
1768474725147,梦,mèng,Dream,865,4,No,Tier 1: Core (Rank 1-1000),2 Cards (Recognition + Recall),MBP-Intermediate
1768474725148,麻,má,Hemp / Numb,1108,4,No,Tier 2: Intermediate (Rank 1001-2500),2 Cards (Recognition + Recall),MBP-Intermediate
1768474725149,摩,mó,Rub / Friction,1162,5,No,Tier 2: Intermediate (Rank 1001-2500),2 Cards (Recognition + Recall),MBP-Intermediate
1768474725150,楚,chǔ,Clear,859,3,No,Tier 1: Core (Rank 1-1000),2 Cards (Recognition + Recall),MBP-Intermediate
1768474725151,蛋,dàn,Egg,1387,2,No,Tier 2: Intermediate (Rank 1001-2500),2 Cards (Recognition + Recall),MBP-Intermediate
1768474725152,森,sēn,Forest,1029,4,No,Tier 2: Intermediate (Rank 1001-2500),2 Cards (Recognition + Recall),MBP-Intermediate
1768474725153,查,chá,Check,459,3,No,Tier 1: Core (Rank 1-1000),2 Cards (Recognition + Recall),MBP-Intermediate
1768474725154,集,jí,Gather,406,5,No,Tier 1: Core (Rank 1-1000),2 Cards (Recognition + Recall),MBP-Intermediate
1768474725155,案,àn,Case / File,518,4,No,Tier 1: Core (Rank 1-1000),2 Cards (Recognition + Recall),MBP-Intermediate
1768474725156,未,wèi,Not yet,385,5,No,Tier 1: Core (Rank 1-1000),2 Cards (Recognition + Recall),MBP-Intermediate
1768474725157,味,wèi,Taste,844,4,No,Tier 1: Core (Rank 1-1000),2 Cards (Recognition + Recall),MBP-Intermediate
1768474725158,妹,mèi,Younger Sister,1185,2,No,Tier 2: Intermediate (Rank 1001-2500),2 Cards (Recognition + Recall),MBP-Intermediate
1768474725159,根,gēn,Root / Basis,352,3,No,Tier 1: Core (Rank 1-1000),2 Cards (Recognition + Recall),MBP-Intermediate
1768474725160,极,jí,Extreme / Pole,363,3,No,Tier 1: Core (Rank 1-1000),2 Cards (Recognition + Recall),MBP-Intermediate
1768474725161,勾,gōu,Hook / Cancel,2034,6,No,Tier 2: Intermediate (Rank 1001-2500),2 Cards (Recognition + Recall),MBP-Intermediate
1768474725162,构,gòu,Construct,511,5,No,Tier 1: Core (Rank 1-1000),2 Cards (Recognition + Recall),MBP-Intermediate
1768474725163,购,gòu,Purchase,1078,4,No,Tier 2: Intermediate (Rank 1001-2500),2 Cards (Recognition + Recall),MBP-Intermediate
1768474725164,沟,gōu,Ditch / Communicate,1610,5,No,Tier 2: Intermediate (Rank 1001-2500),2 Cards (Recognition + Recall),MBP-Intermediate
1768474725165,村,cūn,Village,712,5,No,Tier 1: Core (Rank 1-1000),2 Cards (Recognition + Recall),MBP-Intermediate
1768474725166,树,shù,Tree,697,3,No,Tier 1: Core (Rank 1-1000),2 Cards (Recognition + Recall),MBP-Intermediate
1768474725167,板,bǎn,Board / Plank,930,3,No,Tier 1: Core (Rank 1-1000),2 Cards (Recognition + Recall),MBP-Intermediate
1768474725168,版,bǎn,Edition,810,5,No,Tier 1: Core (Rank 1-1000),2 Cards (Recognition + Recall),MBP-Intermediate
1768474725169,材,cái,Material,952,4,No,Tier 1: Core (Rank 1-1000),2 Cards (Recognition + Recall),MBP-Intermediate
1768474725170,析,xī,Analyze,1073,5,No,Tier 2: Intermediate (Rank 1001-2500),2 Cards (Recognition + Recall),MBP-Intermediate
1768474725171,束,shù,Bind / Bundle,998,3,No,Tier 1: Core (Rank 1-1000),2 Cards (Recognition + Recall),MBP-Intermediate
1768474725172,整,zhěng,Whole / Organize,416,4,No,Tier 1: Core (Rank 1-1000),2 Cards (Recognition + Recall),MBP-Intermediate
1768474725173,辛,xīn,Hard (difficult) / Pungent&nbsp;,1463,4,No,Tier 2: Intermediate (Rank 1001-2500),2 Cards (Recognition + Recall),MBP-Intermediate
1768474725174,辣,là,Spicy,2420,4,No,Tier 2: Intermediate (Rank 1001-2500),2 Cards (Recognition + Recall),MBP-Intermediate
1768474725175,核,hé,Core / Check,828,5,No,Tier 1: Core (Rank 1-1000),2 Cards (Recognition + Recall),MBP-Intermediate
1768474725176,刻,kè,Carve / Quarter,618,3,No,Tier 1: Core (Rank 1-1000),2 Cards (Recognition + Recall),MBP-Intermediate
1768474725177,咳,ké,Cough,2373,4,No,Tier 2: Intermediate (Rank 1001-2500),2 Cards (Recognition + Recall),MBP-Intermediate
1768474725178,嗽,sòu,Cough,2815,4,No,Tier 3: Lower-Freq (Rank 2501-3500),2 Cards or 1 Card,MBP-Intermediate
1768474725179,松,sōng,Pine / Loose,895,4,No,Tier 1: Core (Rank 1-1000),2 Cards (Recognition + Recall),MBP-Intermediate
1768474725180,架,jià,Frame / Rack,846,5,No,Tier 1: Core (Rank 1-1000),2 Cards (Recognition + Recall),MBP-Intermediate
1768474725181,枪,qiāng,Gun,874,5,No,Tier 1: Core (Rank 1-1000),2 Cards (Recognition + Recall),MBP-Intermediate
1768474725182,档,dàng,File / Grade,1787,5,No,Tier 2: Intermediate (Rank 1001-2500),2 Cards (Recognition + Recall),MBP-Intermediate
1768474725183,光,guāng,Light,290,4,No,Tier 1: Core (Rank 1-1000),2 Cards (Recognition + Recall),MBP-Intermediate
1768474725184,梯,tī,Ladder / Stairs,1672,3,No,Tier 2: Intermediate (Rank 1001-2500),2 Cards (Recognition + Recall),MBP-Intermediate
1768474725185,朵,duǒ,Flower M.W.,1571,3,No,Tier 2: Intermediate (Rank 1001-2500),2 Cards (Recognition + Recall),MBP-Intermediate
1768474725186,棵,kē,Tree M.W.,2108,4,No,Tier 2: Intermediate (Rank 1001-2500),2 Cards (Recognition + Recall),MBP-Intermediate
1768474725187,柿,shì,Persimmon,3355,4,No,Tier 4: Rare / Surname (>3500 or Unranked),1 Card (Recognition Only),MBP-Intermediate
1768474725188,橡,xiàng,Rubber / Oak,2871,4,No,Tier 3: Lower-Freq (Rank 2501-3500),2 Cards or 1 Card,MBP-Intermediate
1768474725189,植,zhí,Plant,1124,4,No,Tier 2: Intermediate (Rank 1001-2500),2 Cards (Recognition + Recall),MBP-Intermediate
1768474725190,置,zhì,Place / Set up,677,5,No,Tier 1: Core (Rank 1-1000),2 Cards (Recognition + Recall),MBP-Intermediate
1768474725191,值,zhí,Value,600,4,No,Tier 1: Core (Rank 1-1000),2 Cards (Recognition + Recall),MBP-Intermediate
1768474725192,罗,luó,Net / Gather,392,N/A,No,Tier 1: Core (Rank 1-1000),2 Cards (Recognition + Recall),MBP-Intermediate
1768474725193,保,bǎo,Protect,266,4,No,Tier 1: Core (Rank 1-1000),2 Cards (Recognition + Recall),MBP-Intermediate
1768474725194,价,jià,Price,409,4,No,Tier 1: Core (Rank 1-1000),2 Cards (Recognition + Recall),MBP-Intermediate
1768474725195,界,jiè,Boundary / World,288,3,No,Tier 1: Core (Rank 1-1000),2 Cards (Recognition + Recall),MBP-Intermediate
1768474725196,养,yǎng,Raise / Nourish,760,4,No,Tier 1: Core (Rank 1-1000),2 Cards (Recognition + Recall),MBP-Intermediate
1768474725197,阶,jiē,Step / Rank,745,5,No,Tier 1: Core (Rank 1-1000),2 Cards (Recognition + Recall),MBP-Intermediate
1768474725198,专,zhuān,Specialist,485,4,No,Tier 1: Core (Rank 1-1000),2 Cards (Recognition + Recall),MBP-Intermediate
1768474725199,传,chuán,Tradition / Spread,332,4,No,Tier 1: Core (Rank 1-1000),2 Cards (Recognition + Recall),MBP-Intermediate
1768474725200,转,zhuǎn,Turn,376,4,No,Tier 1: Core (Rank 1-1000),2 Cards (Recognition + Recall),MBP-Intermediate
1768474725201,何,hé,What / How,229,4,No,Tier 1: Core (Rank 1-1000),2 Cards (Recognition + Recall),MBP-Intermediate
1768474725202,供,gōng,Supply,550,4,No,Tier 1: Core (Rank 1-1000),2 Cards (Recognition + Recall),MBP-Intermediate
1768474725203,港,gǎng,Harbor,927,6,No,Tier 1: Core (Rank 1-1000),2 Cards (Recognition + Recall),MBP-Intermediate
1768474725204,暴,bào,Violent / Sudden,1028,6,No,Tier 2: Intermediate (Rank 1001-2500),2 Cards (Recognition + Recall),MBP-Intermediate
1768474725205,爆,bào,Explode,1243,6,No,Tier 2: Intermediate (Rank 1001-2500),2 Cards (Recognition + Recall),MBP-Intermediate
1768474725206,伤,shāng,Wound / Hurt,660,4,No,Tier 1: Core (Rank 1-1000),2 Cards (Recognition + Recall),MBP-Intermediate
1768474725207,优,yōu,Excellent,774,4,No,Tier 1: Core (Rank 1-1000),2 Cards (Recognition + Recall),MBP-Intermediate
1768474725208,仅,jǐn,Only / Merely,494,4,No,Tier 1: Core (Rank 1-1000),2 Cards (Recognition + Recall),MBP-Intermediate
1768474725209,夜,yè,Night,665,5,No,Tier 1: Core (Rank 1-1000),2 Cards (Recognition + Recall),MBP-Intermediate
1768474725210,液,yè,Liquid,1451,6,No,Tier 2: Intermediate (Rank 1001-2500),2 Cards (Recognition + Recall),MBP-Intermediate
1768474725211,依,yī,Rely on,568,5,No,Tier 1: Core (Rank 1-1000),2 Cards (Recognition + Recall),MBP-Intermediate
1768474725212,假,jiǎ,Fake / Vacation,636,3,No,Tier 1: Core (Rank 1-1000),2 Cards (Recognition + Recall),MBP-Intermediate
1768474725213,倒,dào,Pour / Reverse,608,4,No,Tier 1: Core (Rank 1-1000),2 Cards (Recognition + Recall),MBP-Intermediate
1768474725214,致,zhì,Send / Cause,524,5,No,Tier 1: Core (Rank 1-1000),2 Cards (Recognition + Recall),MBP-Intermediate
1768474725215,室,shì,Room,708,2,No,Tier 1: Core (Rank 1-1000),2 Cards (Recognition + Recall),MBP-Intermediate
1768474725216,屋,wū,House / Room,863,5,No,Tier 1: Core (Rank 1-1000),2 Cards (Recognition + Recall),MBP-Intermediate
1768474725217,似,sì,Similar,431,5,No,Tier 1: Core (Rank 1-1000),2 Cards (Recognition + Recall),MBP-Intermediate
1768474725218,仍,réng,Still / Yet,601,4,No,Tier 1: Core (Rank 1-1000),2 Cards (Recognition + Recall),MBP-Intermediate
1768474725219,促,cù,Promote / Urge,1102,5,No,Tier 2: Intermediate (Rank 1001-2500),2 Cards (Recognition + Recall),MBP-Intermediate
1768474725220,伙,huǒ,Partner / Guy,1047,4,No,Tier 2: Intermediate (Rank 1001-2500),2 Cards (Recognition + Recall),MBP-Intermediate
1768474725221,伴,bàn,Partner,1298,5,No,Tier 2: Intermediate (Rank 1001-2500),2 Cards (Recognition + Recall),MBP-Intermediate
1768474725222,估,gū,Estimate,1326,4,No,Tier 2: Intermediate (Rank 1001-2500),2 Cards (Recognition + Recall),MBP-Intermediate
1768474725223,倍,bèi,Times / Fold,1392,4,No,Tier 2: Intermediate (Rank 1001-2500),2 Cards (Recognition + Recall),MBP-Intermediate
1768474725224,俩,liǎ,Two (people),1574,4,No,Tier 2: Intermediate (Rank 1001-2500),2 Cards (Recognition + Recall),MBP-Intermediate
1768474725225,伪,wěi,Fake / False,1556,6,No,Tier 2: Intermediate (Rank 1001-2500),2 Cards (Recognition + Recall),MBP-Intermediate
1768474725226,尹,yǐn,Overseer,2885,N/A,No,Tier 3: Lower-Freq (Rank 2501-3500),2 Cards or 1 Card,MBP-Intermediate
1768474725227,伊,yī,Iran / She,761,N/A,No,Tier 1: Core (Rank 1-1000),2 Cards (Recognition + Recall),MBP-Intermediate
1768474725228,康,kāng,Healthy,900,3,No,Tier 1: Core (Rank 1-1000),2 Cards (Recognition + Recall),MBP-Intermediate
1768474725229,争,zhēng,Compete,344,4,No,Tier 1: Core (Rank 1-1000),2 Cards (Recognition + Recall),MBP-Intermediate
1768474725230,静,jìng,Quiet,722,3,No,Tier 1: Core (Rank 1-1000),2 Cards (Recognition + Recall),MBP-Intermediate
1768474725231,净,jìng,Clean,1377,3,No,Tier 2: Intermediate (Rank 1001-2500),2 Cards (Recognition + Recall),MBP-Intermediate
1768474725232,减,jiǎn,Subtract / Reduce,857,4,No,Tier 1: Core (Rank 1-1000),2 Cards (Recognition + Recall),MBP-Intermediate
1768474725233,律,lǜ,Law,526,4,No,Tier 1: Core (Rank 1-1000),2 Cards (Recognition + Recall),MBP-Intermediate
1768474725234,建,jiàn,Build,244,4,No,Tier 1: Core (Rank 1-1000),2 Cards (Recognition + Recall),MBP-Intermediate
1768474725235,健,jiàn,Healthy,979,3,No,Tier 1: Core (Rank 1-1000),2 Cards (Recognition + Recall),MBP-Intermediate
1768474725236,君,jūn,Gentelman / Monarch,985,6,No,Tier 1: Core (Rank 1-1000),2 Cards (Recognition + Recall),MBP-Intermediate
1768474725237,群,qún,Crowd / Group,570,5,No,Tier 1: Core (Rank 1-1000),2 Cards (Recognition + Recall),MBP-Intermediate
1768474725238,向,xiàng,Towards,146,3,No,Tier 1: Core (Rank 1-1000),2 Cards (Recognition + Recall),MBP-Intermediate
1768474725239,响,xiǎng,Sound / Ring,503,3,No,Tier 1: Core (Rank 1-1000),2 Cards (Recognition + Recall),MBP-Intermediate
1768474725240,尚,shàng,Esteem / Still,878,5,No,Tier 1: Core (Rank 1-1000),2 Cards (Recognition + Recall),MBP-Intermediate
1768474725241,躺,tǎng,Lie down,1608,4,No,Tier 2: Intermediate (Rank 1001-2500),2 Cards (Recognition + Recall),MBP-Intermediate
1768474725242,趟,tàng,Time / Trip,2457,4,No,Tier 2: Intermediate (Rank 1001-2500),2 Cards (Recognition + Recall),MBP-Intermediate
1768474725243,品,pǐn,Product / Taste,308,5,No,Tier 1: Core (Rank 1-1000),2 Cards (Recognition + Recall),MBP-Intermediate
1768474725244,噪,zào,Noise,2799,6,No,Tier 3: Lower-Freq (Rank 2501-3500),2 Cards or 1 Card,MBP-Intermediate
1768474725245,操,cāo,Exercise / Operate,1173,5,No,Tier 2: Intermediate (Rank 1001-2500),2 Cards (Recognition + Recall),MBP-Intermediate
1768474725246,澡,zǎo,Bath,2695,3,No,Tier 3: Lower-Freq (Rank 2501-3500),2 Cards or 1 Card,MBP-Intermediate
1768474725247,器,qì,Device / Tool,441,5,No,Tier 1: Core (Rank 1-1000),2 Cards (Recognition + Recall),MBP-Intermediate
1768474725248,突,tū,Sudden / Dash,484,3,No,Tier 1: Core (Rank 1-1000),2 Cards (Recognition + Recall),MBP-Intermediate
1768474725249,曾,céng,Once / Already,463,5,No,Tier 1: Core (Rank 1-1000),2 Cards (Recognition + Recall),MBP-Intermediate
1768474725250,增,zēng,Increase,446,4,No,Tier 1: Core (Rank 1-1000),2 Cards (Recognition + Recall),MBP-Intermediate
1768474725251,号,hào,Number / Day,487,1,No,Tier 1: Core (Rank 1-1000),2 Cards (Recognition + Recall),MBP-Intermediate
1768474725252,亏,kuī,Deficit / Loss,1738,5,No,Tier 2: Intermediate (Rank 1001-2500),2 Cards (Recognition + Recall),MBP-Intermediate
1768474725253,污,wū,Dirt / Pollute,1405,4,No,Tier 2: Intermediate (Rank 1001-2500),2 Cards (Recognition + Recall),MBP-Intermediate
1768474725254,考,kǎo,Exam / Test,495,2,No,Tier 1: Core (Rank 1-1000),2 Cards (Recognition + Recall),MBP-Intermediate
1768474725255,巧,qiǎo,Clever,1219,4,No,Tier 2: Intermediate (Rank 1001-2500),2 Cards (Recognition + Recall),MBP-Intermediate
1768474725256,由,yóu,From / Reason,136,4,No,Tier 1: Core (Rank 1-1000),2 Cards (Recognition + Recall),MBP-Intermediate
1768474725257,油,yóu,Oil,948,4,No,Tier 1: Core (Rank 1-1000),2 Cards (Recognition + Recall),MBP-Intermediate
1768474725258,聘,pìn,Hire,2253,4,No,Tier 2: Intermediate (Rank 1001-2500),2 Cards (Recognition + Recall),MBP-Intermediate
1768474725259,抽,chōu,Draw out / Smoke,1178,4,No,Tier 2: Intermediate (Rank 1001-2500),2 Cards (Recognition + Recall),MBP-Intermediate
1768474725260,黄,huáng,Yellow,561,3,Yes,Tier 1: Core (Rank 1-1000),2 Cards (Recognition + Recall),MBP-Intermediate
1768474725261,害,hài,Harm / Fear,579,3,No,Tier 1: Core (Rank 1-1000),2 Cards (Recognition + Recall),MBP-Intermediate
1768474725262,拜,bài,GoodBye / Worship / Visit,1218,4,No,Tier 2: Intermediate (Rank 1001-2500),2 Cards (Recognition + Recall),MBP-Intermediate
1768474725263,峰,fēng,Peak,1473,6,No,Tier 2: Intermediate (Rank 1001-2500),2 Cards (Recognition + Recall),MBP-Intermediate
1768474725264,否,fǒu,No / Negate,620,4,No,Tier 1: Core (Rank 1-1000),2 Cards (Recognition + Recall),MBP-Intermediate
1768474725265,舍,shè,Hut / Shed,1344,5,No,Tier 2: Intermediate (Rank 1001-2500),2 Cards (Recognition + Recall),MBP-Intermediate
1768474725266,哈,hā,Ha / Breath,713,5,No,Tier 1: Core (Rank 1-1000),2 Cards (Recognition + Recall),MBP-Intermediate
1768474725267,命,mìng,Life / Fate,258,4,No,Tier 1: Core (Rank 1-1000),2 Cards (Recognition + Recall),MBP-Intermediate
1768474725268,善,shàn,Good / Kind,749,5,No,Tier 1: Core (Rank 1-1000),2 Cards (Recognition + Recall),MBP-Intermediate
1768474725269,吉,jí,Lucky,856,6,No,Tier 1: Core (Rank 1-1000),2 Cards (Recognition + Recall),MBP-Intermediate
1768474725270,叶,yè,Leaf,920,4,No,Tier 1: Core (Rank 1-1000),2 Cards (Recognition + Recall),MBP-Intermediate
1768474725271,吸,xī,Absorb / Suck,924,4,No,Tier 1: Core (Rank 1-1000),2 Cards (Recognition + Recall),MBP-Intermediate
1768474725272,于,yú,In / At / For,40,3,Yes,Tier 1: Core (Rank 1-1000),2 Cards (Recognition + Recall),MBP-Intermediate
1768474725273,乎,hū,Particle,458,3,No,Tier 1: Core (Rank 1-1000),2 Cards (Recognition + Recall),MBP-Intermediate
1768474725274,呼,hū,Breathe / Call,843,4,No,Tier 1: Core (Rank 1-1000),2 Cards (Recognition + Recall),MBP-Intermediate
1768474725275,呀,ya,Particle,929,4,No,Tier 1: Core (Rank 1-1000),2 Cards (Recognition + Recall),MBP-Intermediate
1768474725276,含,hán,Contain,937,5,No,Tier 1: Core (Rank 1-1000),2 Cards (Recognition + Recall),MBP-Intermediate
1768474725277,嘴,zuǐ,Mouth,1010,3,No,Tier 2: Intermediate (Rank 1001-2500),2 Cards (Recognition + Recall),MBP-Intermediate
1768474725278,确,què,Certain / Firm,331,4,No,Tier 1: Core (Rank 1-1000),2 Cards (Recognition + Recall),MBP-Intermediate
1768474725279,售,shòu,Sell,1114,4,No,Tier 2: Intermediate (Rank 1001-2500),2 Cards (Recognition + Recall),MBP-Intermediate
1768474725280,啦,la,Particle,1194,6,No,Tier 2: Intermediate (Rank 1001-2500),2 Cards (Recognition + Recall),MBP-Intermediate
1768474725281,咱,zán,We (inclusive),1265,4,No,Tier 2: Intermediate (Rank 1001-2500),2 Cards (Recognition + Recall),MBP-Intermediate
1768474725282,哦,ó,Oh,1913,6,No,Tier 2: Intermediate (Rank 1001-2500),2 Cards (Recognition + Recall),MBP-Intermediate
1768474725283,咖,kā,Coffee,2379,2,No,Tier 2: Intermediate (Rank 1001-2500),2 Cards (Recognition + Recall),MBP-Intermediate
1768474725284,啡,fēi,Coffee,2326,2,No,Tier 2: Intermediate (Rank 1001-2500),2 Cards (Recognition + Recall),MBP-Intermediate
1768474725285,排,pái,Row / Line up,682,4,No,Tier 1: Core (Rank 1-1000),2 Cards (Recognition + Recall),MBP-Intermediate
1768474725286,罪,zuì,Crime / Sin,718,6,No,Tier 1: Core (Rank 1-1000),2 Cards (Recognition + Recall),MBP-Intermediate
1768474725287,靠,kào,Lean / Rely,808,5,No,Tier 1: Core (Rank 1-1000),2 Cards (Recognition + Recall),MBP-Intermediate
1768474725288,喝,hē,Drink,983,1,No,Tier 1: Core (Rank 1-1000),2 Cards (Recognition + Recall),MBP-Intermediate
1768474725289,渴,kě,Thirsty,1972,3,No,Tier 2: Intermediate (Rank 1001-2500),2 Cards (Recognition + Recall),MBP-Intermediate
1768474725290,歇,xiē,Rest,1828,5,No,Tier 2: Intermediate (Rank 1001-2500),2 Cards (Recognition + Recall),MBP-Intermediate
1768474725291,结,jié,Knot / Tie,236,3,No,Tier 1: Core (Rank 1-1000),2 Cards (Recognition + Recall),MBP-Intermediate
1768474725292,组,zǔ,Group / Team,358,5,No,Tier 1: Core (Rank 1-1000),2 Cards (Recognition + Recall),MBP-Intermediate
1768474725293,具,jù,Tool / Device,391,4,No,Tier 1: Core (Rank 1-1000),2 Cards (Recognition + Recall),MBP-Intermediate
1768474725294,惧,jù,Fear,1616,6,No,Tier 2: Intermediate (Rank 1001-2500),2 Cards (Recognition + Recall),MBP-Intermediate
1768474725295,线,xiàn,Line / Thread,430,4,No,Tier 1: Core (Rank 1-1000),2 Cards (Recognition + Recall),MBP-Intermediate
1768474725296,级,jí,Level / Grade,415,3,No,Tier 1: Core (Rank 1-1000),2 Cards (Recognition + Recall),MBP-Intermediate
1768474725297,续,xù,Continue,552,4,No,Tier 1: Core (Rank 1-1000),2 Cards (Recognition + Recall),MBP-Intermediate
1768474725298,织,zhī,Weave,578,5,No,Tier 1: Core (Rank 1-1000),2 Cards (Recognition + Recall),MBP-Intermediate
1768474725299,职,zhí,Duty / Job,616,4,No,Tier 1: Core (Rank 1-1000),2 Cards (Recognition + Recall),MBP-Intermediate
1768474725300,终,zhōng,End / Final,558,3,No,Tier 1: Core (Rank 1-1000),2 Cards (Recognition + Recall),MBP-Intermediate
1768474725301,细,xì,Fine / Thin,597,4,No,Tier 1: Core (Rank 1-1000),2 Cards (Recognition + Recall),MBP-Intermediate
1768474725302,维,wéi,Maintain,520,5,No,Tier 1: Core (Rank 1-1000),2 Cards (Recognition + Recall),MBP-Intermediate
1768474725303,焦,jiāo,Burnt / Focus,1554,6,No,Tier 2: Intermediate (Rank 1001-2500),2 Cards (Recognition + Recall),MBP-Intermediate
1768474725304,蕉,jiāo,Banana,3104,3,No,Tier 4: Rare / Surname (>3500 or Unranked),1 Card (Recognition Only),MBP-Intermediate
1768474725305,熊,xióng,Bear,1741,3,Yes,Tier 2: Intermediate (Rank 1001-2500),2 Cards (Recognition + Recall),MBP-Intermediate
1768474725306,继,jì,Continue,655,4,No,Tier 1: Core (Rank 1-1000),2 Cards (Recognition + Recall),MBP-Intermediate
1768474725307,世,shì,World / Age,181,3,No,Tier 1: Core (Rank 1-1000),2 Cards (Recognition + Recall),MBP-Intermediate
1768474725308,绝,jué,Absolute / Cut,562,4,No,Tier 1: Core (Rank 1-1000),2 Cards (Recognition + Recall),MBP-Intermediate
1768474725309,负,fù,Bear / Negative,691,4,No,Tier 1: Core (Rank 1-1000),2 Cards (Recognition + Recall),MBP-Intermediate
1768474725310,赖,lài,Rely / Blame,1365,6,No,Tier 2: Intermediate (Rank 1001-2500),2 Cards (Recognition + Recall),MBP-Intermediate
1768474725311,懒,lǎn,Lazy,2230,4,No,Tier 2: Intermediate (Rank 1001-2500),2 Cards (Recognition + Recall),MBP-Intermediate
1768474725312,纪,jì,Century / Record,584,4,No,Tier 1: Core (Rank 1-1000),2 Cards (Recognition + Recall),MBP-Intermediate
1768474725313,练,liàn,Practice,1005,3,No,Tier 2: Intermediate (Rank 1001-2500),2 Cards (Recognition + Recall),MBP-Intermediate
1768474725314,纳,nà,Accept / Admit,684,5,No,Tier 1: Core (Rank 1-1000),2 Cards (Recognition + Recall),MBP-Intermediate
1768474725315,络,luò,Network,1118,5,No,Tier 2: Intermediate (Rank 1001-2500),2 Cards (Recognition + Recall),MBP-Intermediate
1768474725316,丝,sī,Silk,1026,5,No,Tier 2: Intermediate (Rank 1001-2500),2 Cards (Recognition + Recall),MBP-Intermediate
1768474725317,纯,chún,Pure,1125,5,No,Tier 2: Intermediate (Rank 1001-2500),2 Cards (Recognition + Recall),MBP-Intermediate
1768474725318,顿,dùn,M.W. (meal) / Pause,794,5,No,Tier 1: Core (Rank 1-1000),2 Cards (Recognition + Recall),MBP-Intermediate
1768474725319,吨,dūn,Ton,1700,5,No,Tier 2: Intermediate (Rank 1001-2500),2 Cards (Recognition + Recall),MBP-Intermediate
1768474725320,绩,jì,Achievement,1547,3,No,Tier 2: Intermediate (Rank 1001-2500),2 Cards (Recognition + Recall),MBP-Intermediate
1768474725321,综,"<span class=""tone1"">zōng</span> <!-- zong -->",Synthesize,1425,5,No,Tier 2: Intermediate (Rank 1001-2500),2 Cards (Recognition + Recall),MBP-Intermediate
1768474725322,缓,huǎn,Slow / Relax,1111,5,No,Tier 2: Intermediate (Rank 1001-2500),2 Cards (Recognition + Recall),MBP-Intermediate
1768474725323,暖,nuǎn,Warm,1745,4,No,Tier 2: Intermediate (Rank 1001-2500),2 Cards (Recognition + Recall),MBP-Intermediate
1768474725324,纷,fēn,Diverse / Tangled,1181,5,No,Tier 2: Intermediate (Rank 1001-2500),2 Cards (Recognition + Recall),MBP-Intermediate
1768474725325,纠,jiū,Entangle / Correct,1723,6,No,Tier 2: Intermediate (Rank 1001-2500),2 Cards (Recognition + Recall),MBP-Intermediate
1768474725326,宿,sù,Lodge / Dorm,1752,5,No,Tier 2: Intermediate (Rank 1001-2500),2 Cards (Recognition + Recall),MBP-Intermediate
1768474725327,缩,suō,Shrink,1304,5,No,Tier 2: Intermediate (Rank 1001-2500),2 Cards (Recognition + Recall),MBP-Intermediate
1768474725328,互,hù,Mutual,819,4,No,Tier 1: Core (Rank 1-1000),2 Cards (Recognition + Recall),MBP-Intermediate
1768474725329,缘,yuán,Fate / Edge,1274,6,No,Tier 2: Intermediate (Rank 1001-2500),2 Cards (Recognition + Recall),MBP-Intermediate
1768474725330,制,zhì,Manufacture / Restrain,163,5,No,Tier 1: Core (Rank 1-1000),2 Cards (Recognition + Recall),MBP-Intermediate
1768474725331,刑,xíng,Punishment,1087,6,No,Tier 2: Intermediate (Rank 1001-2500),2 Cards (Recognition + Recall),MBP-Intermediate
1768474725332,型,xíng,Model / Type,556,5,No,Tier 1: Core (Rank 1-1000),2 Cards (Recognition + Recall),MBP-Intermediate
1768474725333,形,xíng,Shape / Form,269,5,No,Tier 1: Core (Rank 1-1000),2 Cards (Recognition + Recall),MBP-Intermediate
1768474725334,研,yán,Grind / Research,447,4,No,Tier 1: Core (Rank 1-1000),2 Cards (Recognition + Recall),MBP-Intermediate
1768474725335,则,zé,Rule / Principle,284,4,No,Tier 1: Core (Rank 1-1000),2 Cards (Recognition + Recall),MBP-Intermediate
1768474725336,厕,cè,Toilet,2920,4,No,Tier 3: Lower-Freq (Rank 2501-3500),2 Cards or 1 Card,MBP-Intermediate
1768474725337,测,cè,Measure / Test,861,5,No,Tier 1: Core (Rank 1-1000),2 Cards (Recognition + Recall),MBP-Intermediate
1768474725338,创,chuàng,Create,635,5,No,Tier 1: Core (Rank 1-1000),2 Cards (Recognition + Recall),MBP-Intermediate
1768474725339,列,liè,List / Rank,500,4,No,Tier 1: Core (Rank 1-1000),2 Cards (Recognition + Recall),MBP-Intermediate
1768474725340,例,lì,Example,547,4,No,Tier 1: Core (Rank 1-1000),2 Cards (Recognition + Recall),MBP-Intermediate
1768474725341,残,cán,Remnant / Cruel,1150,6,No,Tier 2: Intermediate (Rank 1001-2500),2 Cards (Recognition + Recall),MBP-Intermediate
1768474725342,烈,liè,Intense / Fierce,802,5,No,Tier 1: Core (Rank 1-1000),2 Cards (Recognition + Recall),MBP-Intermediate
1768474725343,副,fù,Vice / Assistant,764,6,No,Tier 1: Core (Rank 1-1000),2 Cards (Recognition + Recall),MBP-Intermediate
1768474725344,福,fú,Fortune / Good luck,683,4,No,Tier 1: Core (Rank 1-1000),2 Cards (Recognition + Recall),MBP-Intermediate
1768474725345,富,fù,Rich / Wealthy,733,4,No,Tier 1: Core (Rank 1-1000),2 Cards (Recognition + Recall),MBP-Intermediate
1768474725346,幅,fú,Width / M.W.,1444,5,No,Tier 2: Intermediate (Rank 1001-2500),2 Cards (Recognition + Recall),MBP-Intermediate
1768474725347,剧,jù,Drama / Severe,909,4,No,Tier 1: Core (Rank 1-1000),2 Cards (Recognition + Recall),MBP-Intermediate
1768474725348,刘,liú,(Surname),751,N/A,Yes,Tier 1: Core (Rank 1-1000),2 Cards (Recognition + Recall),MBP-Intermediate
1768474725349,判,pàn,Judge / Sentence,719,4,No,Tier 1: Core (Rank 1-1000),2 Cards (Recognition + Recall),MBP-Intermediate
1768474725350,归,guī,Return / Belongs,933,5,No,Tier 1: Core (Rank 1-1000),2 Cards (Recognition + Recall),MBP-Intermediate
1768474725351,刺,cì,Thorn / Sting,1058,5,No,Tier 2: Intermediate (Rank 1001-2500),2 Cards (Recognition + Recall),MBP-Intermediate
1768474725352,刷,shuā,Brush,1824,3,No,Tier 2: Intermediate (Rank 1001-2500),2 Cards (Recognition + Recall),MBP-Intermediate
1768474725353,刮,guā,Blow (wind),2350,3,No,Tier 2: Intermediate (Rank 1001-2500),2 Cards (Recognition + Recall),MBP-Intermediate
1768474725354,俞,yú,Consent,3251,N/A,Yes,Tier 4: Rare / Surname (>3500 or Unranked),1 Card (Recognition Only),MBP-Intermediate
1768474725355,偷,tōu,Steal,1284,5,No,Tier 2: Intermediate (Rank 1001-2500),2 Cards (Recognition + Recall),MBP-Intermediate
1768474725356,输,shū,Lose,939,4,No,Tier 1: Core (Rank 1-1000),2 Cards (Recognition + Recall),MBP-Intermediate
1768474725357,愉,yú,Pleasant / Happy,1982,4,No,Tier 2: Intermediate (Rank 1001-2500),2 Cards (Recognition + Recall),MBP-Intermediate
1768474725358,紧,jǐn,Tight / Urgent,560,4,No,Tier 1: Core (Rank 1-1000),2 Cards (Recognition + Recall),MBP-Intermediate
1768474725359,索,suǒ,Cable / Search,805,5,No,Tier 1: Core (Rank 1-1000),2 Cards (Recognition + Recall),MBP-Intermediate
1768474725360,素,sù,Plain / Element,661,5,No,Tier 1: Core (Rank 1-1000),2 Cards (Recognition + Recall),MBP-Intermediate
1768474725361,责,zé,Responsibility,535,4,No,Tier 1: Core (Rank 1-1000),2 Cards (Recognition + Recall),MBP-Intermediate
1768474725362,达,dá,Reach / Express,289,5,No,Tier 1: Core (Rank 1-1000),2 Cards (Recognition + Recall),MBP-Intermediate
1768474725363,选,xuǎn,Choose,499,3,No,Tier 1: Core (Rank 1-1000),2 Cards (Recognition + Recall),MBP-Intermediate
1768474725364,造,zào,Create / Build,354,5,No,Tier 1: Core (Rank 1-1000),2 Cards (Recognition + Recall),MBP-Intermediate
1768474725365,适,shì,Suitable,663,4,No,Tier 1: Core (Rank 1-1000),2 Cards (Recognition + Recall),MBP-Intermediate
1768474725366,退,tuì,Retreat / Back,723,5,No,Tier 1: Core (Rank 1-1000),2 Cards (Recognition + Recall),MBP-Intermediate
1768474725367,遇,yù,Meet / Encounter,899,3,No,Tier 1: Core (Rank 1-1000),2 Cards (Recognition + Recall),MBP-Intermediate
1768474725368,偶,ǒu,Occasional / Idol,1361,4,No,Tier 2: Intermediate (Rank 1001-2500),2 Cards (Recognition + Recall),MBP-Intermediate
1768474725369,寓,yù,Residence / Fable,2199,5,No,Tier 2: Intermediate (Rank 1001-2500),2 Cards (Recognition + Recall),MBP-Intermediate
1768474725370,追,zhuī,Chase,768,5,No,Tier 1: Core (Rank 1-1000),2 Cards (Recognition + Recall),MBP-Intermediate
1768474725371,官,guān,Official,432,5,No,Tier 1: Core (Rank 1-1000),2 Cards (Recognition + Recall),MBP-Intermediate
1768474725372,管,guǎn,Manage / Pipe,252,4,No,Tier 1: Core (Rank 1-1000),2 Cards (Recognition + Recall),MBP-Intermediate
1768474725373,馆,guǎn,Building / Hall,1011,2,No,Tier 2: Intermediate (Rank 1001-2500),2 Cards (Recognition + Recall),MBP-Intermediate
1768474725374,饺,jiǎo,Dumpling,3650,4,No,Tier 4: Rare / Surname (>3500 or Unranked),1 Card (Recognition Only),MBP-Intermediate
1768474725375,饮,yǐn,Drink,1569,3,No,Tier 2: Intermediate (Rank 1001-2500),2 Cards (Recognition + Recall),MBP-Intermediate
1768474725376,迷,mí,Lost / Fan,1153,4,No,Tier 2: Intermediate (Rank 1001-2500),2 Cards (Recognition + Recall),MBP-Intermediate
1768474725377,透,tòu,Transparent / Penetrate,1077,5,No,Tier 2: Intermediate (Rank 1001-2500),2 Cards (Recognition + Recall),MBP-Intermediate
1768474725378,述,shù,State / Narrate,674,5,No,Tier 1: Core (Rank 1-1000),2 Cards (Recognition + Recall),MBP-Intermediate
1768474725379,迎,yíng,Welcome,1069,3,No,Tier 2: Intermediate (Rank 1001-2500),2 Cards (Recognition + Recall),MBP-Intermediate
1768474725380,印,yìn,Print / Seal,640,4,No,Tier 1: Core (Rank 1-1000),2 Cards (Recognition + Recall),MBP-Intermediate
1768474725381,即,jí,Immediate / Namely,293,4,No,Tier 1: Core (Rank 1-1000),2 Cards (Recognition + Recall),MBP-Intermediate
1768474725382,却,què,But / Yet,287,4,No,Tier 1: Core (Rank 1-1000),2 Cards (Recognition + Recall),MBP-Intermediate
1768474725383,脚,jiǎo,Foot,790,3,No,Tier 1: Core (Rank 1-1000),2 Cards (Recognition + Recall),MBP-Intermediate
1768474725384,遗,yí,Lose / Bequeath,892,5,No,Tier 1: Core (Rank 1-1000),2 Cards (Recognition + Recall),MBP-Intermediate
1768474725385,逐,zhú,Pursue / Step by step,954,5,No,Tier 1: Core (Rank 1-1000),2 Cards (Recognition + Recall),MBP-Intermediate
1768474725386,逛,guàng,Stroll / Roam,2642,4,No,Tier 3: Lower-Freq (Rank 2501-3500),2 Cards or 1 Card,MBP-Intermediate
1768474725387,违,wéi,Violate,1184,5,No,Tier 2: Intermediate (Rank 1001-2500),2 Cards (Recognition + Recall),MBP-Intermediate
1768474725388,避,bì,Avoid,991,5,No,Tier 1: Core (Rank 1-1000),2 Cards (Recognition + Recall),MBP-Intermediate
1768474725389,邀,yāo,Invite,1854,4,No,Tier 2: Intermediate (Rank 1001-2500),2 Cards (Recognition + Recall),MBP-Intermediate
1768474725390,激,jī,Excite / Stimulate,710,4,No,Tier 1: Core (Rank 1-1000),2 Cards (Recognition + Recall),MBP-Intermediate
1768474725391,疑,yí,Doubt,698,4,No,Tier 1: Core (Rank 1-1000),2 Cards (Recognition + Recall),MBP-Intermediate
1768474725392,予,yǔ,Give / Grant,925,6,No,Tier 1: Core (Rank 1-1000),2 Cards (Recognition + Recall),MBP-Intermediate
1768474725393,预,yù,Prepare / Advance,647,4,No,Tier 1: Core (Rank 1-1000),2 Cards (Recognition + Recall),MBP-Intermediate
1768474725394,序,xù,Order / Sequence,836,4,No,Tier 1: Core (Rank 1-1000),2 Cards (Recognition + Recall),MBP-Intermediate
1768474725395,野,yě,Wild / Field,845,6,No,Tier 1: Core (Rank 1-1000),2 Cards (Recognition + Recall),MBP-Intermediate
1768474725396,舒,shū,Relax / Comfortable,1459,3,No,Tier 2: Intermediate (Rank 1001-2500),2 Cards (Recognition + Recall),MBP-Intermediate
1768474725397,无,wú,None,105,4,No,Tier 1: Core (Rank 1-1000),2 Cards (Recognition + Recall),MBP-Intermediate
1768474725398,既,jì,Since / Already,724,4,No,Tier 1: Core (Rank 1-1000),2 Cards (Recognition + Recall),MBP-Intermediate
1768474725399,概,gài,General / Concept,791,4,No,Tier 1: Core (Rank 1-1000),2 Cards (Recognition + Recall),MBP-Intermediate
1768474725400,击,jī,Hit / Strike,395,5,No,Tier 1: Core (Rank 1-1000),2 Cards (Recognition + Recall),MBP-Intermediate
1768474725401,毛,máo,Hair / Fur,623,4,No,Tier 1: Core (Rank 1-1000),2 Cards (Recognition + Recall),MBP-Intermediate
1768474725402,丈,"<span class=""tone4"">zhàng</span> <!-- zhang -->",Husband / Measure,1242,2,No,Tier 2: Intermediate (Rank 1001-2500),2 Cards (Recognition + Recall),MBP-Intermediate
1768474725403,夫,fū,Man / Husband,377,2,No,Tier 1: Core (Rank 1-1000),2 Cards (Recognition + Recall),MBP-Intermediate
1768474725404,规,guī,Rule / Regulation,321,4,No,Tier 1: Core (Rank 1-1000),2 Cards (Recognition + Recall),MBP-Intermediate
1768474725405,肤,fū,Skin,1790,4,No,Tier 2: Intermediate (Rank 1001-2500),2 Cards (Recognition + Recall),MBP-Intermediate
1768474725406,失,shī,Lose,375,4,No,Tier 1: Core (Rank 1-1000),2 Cards (Recognition + Recall),MBP-Intermediate
1768474725407,跌,diē,Fall / Drop,1590,6,No,Tier 2: Intermediate (Rank 1001-2500),2 Cards (Recognition + Recall),MBP-Intermediate
1768474725408,铁,tiě,Iron,779,3,No,Tier 1: Core (Rank 1-1000),2 Cards (Recognition + Recall),MBP-Intermediate
1768474725409,升,shēng,Rise / Litre,837,5,No,Tier 1: Core (Rank 1-1000),2 Cards (Recognition + Recall),MBP-Intermediate
1768474725410,久,jiǔ,Long (time),637,3,No,Tier 1: Core (Rank 1-1000),2 Cards (Recognition + Recall),MBP-Intermediate
1768474725411,乡,xiāng,Village / Home,922,5,No,Tier 1: Core (Rank 1-1000),2 Cards (Recognition + Recall),MBP-Intermediate
1768474725412,玄,xuán,Profound / Dark,1717,N/A,No,Tier 2: Intermediate (Rank 1001-2500),2 Cards (Recognition + Recall),MBP-Intermediate
1768474725413,幽,yōu,Deep / Dark / Ghost,1636,4,No,Tier 2: Intermediate (Rank 1001-2500),2 Cards (Recognition + Recall),MBP-Intermediate
1768474725414,率,lǜ,Rate / Ratio,625,5,No,Tier 1: Core (Rank 1-1000),2 Cards (Recognition + Recall),MBP-Intermediate
1768474725415,利,lì,Profit / Sharp,155,4,No,Tier 1: Core (Rank 1-1000),2 Cards (Recognition + Recall),MBP-Intermediate
1768474725416,程,chéng,Rule / Journey,314,4,No,Tier 1: Core (Rank 1-1000),2 Cards (Recognition + Recall),MBP-Intermediate
1768474725417,斗,dòu,Fight / Struggle,580,5,No,Tier 1: Core (Rank 1-1000),2 Cards (Recognition + Recall),MBP-Intermediate
1768474725418,科,kē,Science / Branch,277,4,No,Tier 1: Core (Rank 1-1000),2 Cards (Recognition + Recall),MBP-Intermediate
1768474725419,料,liào,Material / Stuff,557,3,No,Tier 1: Core (Rank 1-1000),2 Cards (Recognition + Recall),MBP-Intermediate
1768474725420,称,chēng,Name / Call,449,5,No,Tier 1: Core (Rank 1-1000),2 Cards (Recognition + Recall),MBP-Intermediate
1768474725421,积,jī,Accumulate,728,4,No,Tier 1: Core (Rank 1-1000),2 Cards (Recognition + Recall),MBP-Intermediate
1768474725422,税,shuì,Tax,781,5,No,Tier 1: Core (Rank 1-1000),2 Cards (Recognition + Recall),MBP-Intermediate
1768474725423,季,jì,Season,1279,3,Yes,Tier 2: Intermediate (Rank 1001-2500),2 Cards (Recognition + Recall),MBP-Intermediate
1768474725424,移,yí,"Move, Shift",880,5,No,Tier 1: Core (Rank 1-1000),2 Cards (Recognition + Recall),MBP-Intermediate
1768474725425,私,sī,Private,1023,5,No,Tier 2: Intermediate (Rank 1001-2500),2 Cards (Recognition + Recall),MBP-Intermediate
1768474725426,秀,xiù,Elegant / Show,1136,4,No,Tier 2: Intermediate (Rank 1001-2500),2 Cards (Recognition + Recall),MBP-Intermediate
1768474725427,必,bì,Must / Certainly,248,3,No,Tier 1: Core (Rank 1-1000),2 Cards (Recognition + Recall),MBP-Intermediate
1768474725428,秘,mì,Secret,896,5,No,Tier 1: Core (Rank 1-1000),2 Cards (Recognition + Recall),MBP-Intermediate
1768474725429,密,mì,Dense / Secret,591,4,No,Tier 1: Core (Rank 1-1000),2 Cards (Recognition + Recall),MBP-Intermediate
1768474725430,租,zū,Rent,1397,1,No,Tier 2: Intermediate (Rank 1001-2500),2 Cards (Recognition + Recall),MBP-Intermediate
1768474725431,粗,cū,Coarse / Rude,1414,4,No,Tier 2: Intermediate (Rank 1001-2500),2 Cards (Recognition + Recall),MBP-Intermediate
1768474725432,秋,qiū,Autumn,1151,3,No,Tier 2: Intermediate (Rank 1001-2500),2 Cards (Recognition + Recall),MBP-Intermediate
1768474725433,秒,miǎo,Second (time),2028,4,No,Tier 2: Intermediate (Rank 1001-2500),2 Cards (Recognition + Recall),MBP-Intermediate
1768474725434,稍,shāo,A little / Slightly,1373,4,No,Tier 2: Intermediate (Rank 1001-2500),2 Cards (Recognition + Recall),MBP-Intermediate
1768474725435,队,duì,Team / Squad,268,4,No,Tier 1: Core (Rank 1-1000),2 Cards (Recognition + Recall),MBP-Intermediate
1768474725436,防,fáng,Defend / Guard,548,5,No,Tier 1: Core (Rank 1-1000),2 Cards (Recognition + Recall),MBP-Intermediate
1768474725437,阿,ā,Prefix (names),471,3,No,Tier 1: Core (Rank 1-1000),2 Cards (Recognition + Recall),MBP-Intermediate
1768474725438,啊,a,Ah (Particle),753,3,No,Tier 1: Core (Rank 1-1000),2 Cards (Recognition + Recall),MBP-Intermediate
1768474725439,限,xiàn,Limit,613,5,No,Tier 1: Core (Rank 1-1000),2 Cards (Recognition + Recall),MBP-Intermediate
1768474725440,降,"<span class=""tone4"">jiàng</span> <!-- jiang -->",Drop / Descend,744,4,No,Tier 1: Core (Rank 1-1000),2 Cards (Recognition + Recall),MBP-Intermediate
1768474725441,舞,wǔ,Dance,1144,2,No,Tier 2: Intermediate (Rank 1001-2500),2 Cards (Recognition + Recall),MBP-Intermediate
1768474725442,处,chù,Place / Deal with,206,4,No,Tier 1: Core (Rank 1-1000),2 Cards (Recognition + Recall),MBP-Intermediate
1768474725443,陈,chén,State / Old,525,6,Yes,Tier 1: Core (Rank 1-1000),2 Cards (Recognition + Recall),MBP-Intermediate
1768474725444,阵,zhèn,Formation / Burst,788,5,No,Tier 1: Core (Rank 1-1000),2 Cards (Recognition + Recall),MBP-Intermediate
1768474725445,陆,lù,Land,675,5,No,Tier 1: Core (Rank 1-1000),2 Cards (Recognition + Recall),MBP-Intermediate
1768474725446,附,fù,Attach / Near,923,3,No,Tier 1: Core (Rank 1-1000),2 Cards (Recognition + Recall),MBP-Intermediate
1768474725447,障,zhàng,Barrier / Hinder,1237,6,No,Tier 2: Intermediate (Rank 1001-2500),2 Cards (Recognition + Recall),MBP-Intermediate
1768474725448,阻,zǔ,Block / Hinder,1175,5,No,Tier 2: Intermediate (Rank 1001-2500),2 Cards (Recognition + Recall),MBP-Intermediate
1768474725449,陪,péi,Accompany,1664,4,No,Tier 2: Intermediate (Rank 1001-2500),2 Cards (Recognition + Recall),MBP-Intermediate
1768474725450,邮,yóu,Post / Mail,1652,3,No,Tier 2: Intermediate (Rank 1001-2500),2 Cards (Recognition + Recall),MBP-Intermediate
1768474725451,邻,lín,Neighbor,1659,3,No,Tier 2: Intermediate (Rank 1001-2500),2 Cards (Recognition + Recall),MBP-Intermediate
1768474725452,郊,jiāo,Outskirts,2351,4,No,Tier 2: Intermediate (Rank 1001-2500),2 Cards (Recognition + Recall),MBP-Intermediate
1768474725453,理,lǐ,Reason / Manage,89,3,No,Tier 1: Core (Rank 1-1000),2 Cards (Recognition + Recall),MBP-Intermediate
1768474725454,量,liàng,Quantity / Measure,241,4,No,Tier 1: Core (Rank 1-1000),2 Cards (Recognition + Recall),MBP-Intermediate
1768474725455,望,wàng,Hope / Look,326,2,No,Tier 1: Core (Rank 1-1000),2 Cards (Recognition + Recall),MBP-Intermediate
1768474725456,环,huán,Ring / Surround,681,3,No,Tier 1: Core (Rank 1-1000),2 Cards (Recognition + Recall),MBP-Intermediate
1768474725457,弄,nòng,Do / Manage,1053,4,No,Tier 2: Intermediate (Rank 1001-2500),2 Cards (Recognition + Recall),MBP-Intermediate
1768474725458,皇,huáng,Emperor,759,6,No,Tier 1: Core (Rank 1-1000),2 Cards (Recognition + Recall),MBP-Intermediate
1768474725459,泉,quán,Spring / Fountain,1641,4,No,Tier 2: Intermediate (Rank 1001-2500),2 Cards (Recognition + Recall),MBP-Intermediate
1768474725460,貌,mào,Appearance / Manners,1595,4,No,Tier 2: Intermediate (Rank 1001-2500),2 Cards (Recognition + Recall),MBP-Intermediate
1768474725461,卑,bēi,Low / Inferior,2059,6,No,Tier 2: Intermediate (Rank 1001-2500),2 Cards (Recognition + Recall),MBP-Intermediate
1768474725462,牌,pái,Brand / Card,1261,4,No,Tier 2: Intermediate (Rank 1001-2500),2 Cards (Recognition + Recall),MBP-Intermediate
1768474725463,啤,pí,Beer,2849,3,No,Tier 3: Lower-Freq (Rank 2501-3500),2 Cards or 1 Card,MBP-Intermediate
1768474725464,脾,pí,Spleen / Temper,2223,4,No,Tier 2: Intermediate (Rank 1001-2500),2 Cards (Recognition + Recall),MBP-Intermediate
1768474725465,基,jī,Base / Foundation,280,4,No,Tier 1: Core (Rank 1-1000),2 Cards (Recognition + Recall),MBP-Intermediate
1768474725466,社,shè,Society,270,4,No,Tier 1: Core (Rank 1-1000),2 Cards (Recognition + Recall),MBP-Intermediate
1768474725467,礼,lǐ,Gift / Ceremony,926,3,No,Tier 1: Core (Rank 1-1000),2 Cards (Recognition + Recall),MBP-Intermediate
1768474725468,祝,zhù,Wish / Celebrate,1651,4,No,Tier 2: Intermediate (Rank 1001-2500),2 Cards (Recognition + Recall),MBP-Intermediate
1768474725469,竟,jìng,Unexpectedly / End,706,4,No,Tier 1: Core (Rank 1-1000),2 Cards (Recognition + Recall),MBP-Intermediate
1768474725470,境,jìng,Border / Place,582,3,No,Tier 1: Core (Rank 1-1000),2 Cards (Recognition + Recall),MBP-Intermediate
1768474725471,镜,jìng,Mirror / Lens,1251,4,No,Tier 2: Intermediate (Rank 1001-2500),2 Cards (Recognition + Recall),MBP-Intermediate
1768474725472,压,yā,Press / Pressure,756,4,No,Tier 1: Core (Rank 1-1000),2 Cards (Recognition + Recall),MBP-Intermediate
1768474725473,均,jūn,Equal / Even,903,5,No,Tier 1: Core (Rank 1-1000),2 Cards (Recognition + Recall),MBP-Intermediate
1768474725474,坚,jiān,Strong / Firm,748,4,No,Tier 1: Core (Rank 1-1000),2 Cards (Recognition + Recall),MBP-Intermediate
1768474725475,域,yù,Region / Territory,847,5,No,Tier 1: Core (Rank 1-1000),2 Cards (Recognition + Recall),MBP-Intermediate
1768474725476,培,péi,Cultivate / Train,1152,5,No,Tier 2: Intermediate (Rank 1001-2500),2 Cards (Recognition + Recall),MBP-Intermediate
1768474725477,圣,shèng,Holy / Christmas,960,6,No,Tier 1: Core (Rank 1-1000),2 Cards (Recognition + Recall),MBP-Intermediate
1768474725478,址,zhǐ,Address / Location,1848,4,No,Tier 2: Intermediate (Rank 1001-2500),2 Cards (Recognition + Recall),MBP-Intermediate
1768474725479,填,tián,Fill in,1970,4,No,Tier 2: Intermediate (Rank 1001-2500),2 Cards (Recognition + Recall),MBP-Intermediate
1768474725480,堵,dǔ,Block / Stop up,2284,4,No,Tier 2: Intermediate (Rank 1001-2500),2 Cards (Recognition + Recall),MBP-Intermediate
1768474725481,垃,lā,Trash,2628,4,No,Tier 3: Lower-Freq (Rank 2501-3500),2 Cards or 1 Card,MBP-Intermediate
1768474725482,圾,jī,Trash,2634,4,No,Tier 3: Lower-Freq (Rank 2501-3500),2 Cards or 1 Card,MBP-Intermediate
1768474725483,丑,chǒu,Ugly / Clown,1901,5,No,Tier 2: Intermediate (Rank 1001-2500),2 Cards (Recognition + Recall),MBP-Intermediate
1768474725484,羞,xiū,Shy / Shame,2048,4,No,Tier 2: Intermediate (Rank 1001-2500),2 Cards (Recognition + Recall),MBP-Intermediate
1768474725485,塑,sù,Plastic / Sculpt,2038,4,No,Tier 2: Intermediate (Rank 1001-2500),2 Cards (Recognition + Recall),MBP-Intermediate
1768474725486,逆,nì,Reverse / Defy,1975,6,No,Tier 2: Intermediate (Rank 1001-2500),2 Cards (Recognition + Recall),MBP-Intermediate
1768474725487,股,gǔ,Stock / Thigh,644,5,No,Tier 1: Core (Rank 1-1000),2 Cards (Recognition + Recall),MBP-Intermediate
1768474725488,胜,shèng,Victory / Win,743,5,No,Tier 1: Core (Rank 1-1000),2 Cards (Recognition + Recall),MBP-Intermediate
1768474725489,胞,bāo,Cell / Womb-born,1341,6,No,Tier 2: Intermediate (Rank 1001-2500),2 Cards (Recognition + Recall),MBP-Intermediate
1768474725490,腿,tuǐ,Leg,1351,3,No,Tier 2: Intermediate (Rank 1001-2500),2 Cards (Recognition + Recall),MBP-Intermediate
1768474725491,脱,tuō,Take off / Shed,943,4,No,Tier 1: Core (Rank 1-1000),2 Cards (Recognition + Recall),MBP-Intermediate
1768474725492,阅,yuè,Read / Review,1489,4,No,Tier 2: Intermediate (Rank 1001-2500),2 Cards (Recognition + Recall),MBP-Intermediate
1768474725493,肥,féi,Fat / Fertilizer,1620,4,No,Tier 2: Intermediate (Rank 1001-2500),2 Cards (Recognition + Recall),MBP-Intermediate
1768474725494,爸,bà,Dad,1050,1,No,Tier 2: Intermediate (Rank 1001-2500),2 Cards (Recognition + Recall),MBP-Intermediate
1768474725495,肯,kěn,Willing / Agree,860,4,No,Tier 1: Core (Rank 1-1000),2 Cards (Recognition + Recall),MBP-Intermediate
1768474725496,阴,yīn,Cloudy / Yin,987,2,No,Tier 1: Core (Rank 1-1000),2 Cards (Recognition + Recall),MBP-Intermediate
1768474725497,肿,zhǒng,Swollen,1792,6,No,Tier 2: Intermediate (Rank 1001-2500),2 Cards (Recognition + Recall),MBP-Intermediate
1768474725498,冲,chōng,Rush / Rinse,702,5,No,Tier 1: Core (Rank 1-1000),2 Cards (Recognition + Recall),MBP-Intermediate
1768474725499,膏,gāo,Paste / Ointment,2673,4,No,Tier 3: Lower-Freq (Rank 2501-3500),2 Cards or 1 Card,MBP-Intermediate
1768474725500,胳,gē,Arm,2490,4,No,Tier 2: Intermediate (Rank 1001-2500),2 Cards (Recognition + Recall),MBP-Intermediate
1768474725501,朝,cháo,Dynasty / Towards,593,5,No,Tier 1: Core (Rank 1-1000),2 Cards (Recognition + Recall),MBP-Intermediate
1768474725502,潮,cháo,Climax,1302,5,No,Tier 2: Intermediate (Rank 1001-2500),2 Cards (Recognition + Recall),MBP-Intermediate
1768474725503,韩,hán,Korea,1221,N/A,Yes,Tier 2: Intermediate (Rank 1001-2500),2 Cards (Recognition + Recall),MBP-Intermediate
1768474725504,赢,yíng,Win,1836,4,No,Tier 2: Intermediate (Rank 1001-2500),2 Cards (Recognition + Recall),MBP-Intermediate
1768474725505,背,bèi,Back,787,5,No,Tier 1: Core (Rank 1-1000),2 Cards (Recognition + Recall),MBP-Intermediate
1768474725506,肌,jī,Muscle,1935,5,No,Tier 2: Intermediate (Rank 1001-2500),2 Cards (Recognition + Recall),MBP-Intermediate
1768474725507,胶,jiāo,Glue / Rubber,2170,5,No,Tier 2: Intermediate (Rank 1001-2500),2 Cards (Recognition + Recall),MBP-Intermediate
1768474725508,乘,chéng,Ride / Multiply,1231,4,No,Tier 2: Intermediate (Rank 1001-2500),2 Cards (Recognition + Recall),MBP-Intermediate
1768474725509,剩,shèng,Leftover,1446,4,No,Tier 2: Intermediate (Rank 1001-2500),2 Cards (Recognition + Recall),MBP-Intermediate
1768474725510,骨,gǔ,Bone,1036,5,No,Tier 2: Intermediate (Rank 1001-2500),2 Cards (Recognition + Recall),MBP-Intermediate
1768474725511,滑,huá,Slide / Smooth,1480,5,No,Tier 2: Intermediate (Rank 1001-2500),2 Cards (Recognition + Recall),MBP-Intermediate
1768474725512,区,qū,Area / District,265,4,No,Tier 1: Core (Rank 1-1000),2 Cards (Recognition + Recall),MBP-Intermediate
1768474725513,欧,ōu,Europe,823,5,Yes,Tier 1: Core (Rank 1-1000),2 Cards (Recognition + Recall),MBP-Intermediate
1768474725514,义,yì,Justice / Meaning,208,5,No,Tier 1: Core (Rank 1-1000),2 Cards (Recognition + Recall),MBP-Intermediate
1768474725515,议,yì,Discuss / Opinion,368,3,No,Tier 1: Core (Rank 1-1000),2 Cards (Recognition + Recall),MBP-Intermediate
1768474725516,希,xī,Hope,508,2,No,Tier 1: Core (Rank 1-1000),2 Cards (Recognition + Recall),MBP-Intermediate
1768474725517,凶,xiōng,Fierce / Omen,1378,6,No,Tier 2: Intermediate (Rank 1001-2500),2 Cards (Recognition + Recall),MBP-Intermediate
1768474725518,曲,qǔ,Song / Bend,1066,6,No,Tier 2: Intermediate (Rank 1001-2500),2 Cards (Recognition + Recall),MBP-Intermediate
1768474725519,典,diǎn,Classic / Dictionary,1044,3,No,Tier 2: Intermediate (Rank 1001-2500),2 Cards (Recognition + Recall),MBP-Intermediate
1768474725520,胸,xiōng,Chest,1356,5,No,Tier 2: Intermediate (Rank 1001-2500),2 Cards (Recognition + Recall),MBP-Intermediate
1768474725521,齿,chǐ,Tooth,1773,5,No,Tier 2: Intermediate (Rank 1001-2500),2 Cards (Recognition + Recall),MBP-Intermediate
1768474725522,龄,líng,Age,1510,4,No,Tier 2: Intermediate (Rank 1001-2500),2 Cards (Recognition + Recall),MBP-Intermediate
1768474725523,离,lí,Leave / Depart,418,2,No,Tier 1: Core (Rank 1-1000),2 Cards (Recognition + Recall),MBP-Intermediate
1768474725524,脑,nǎo,Brain,646,1,No,Tier 1: Core (Rank 1-1000),2 Cards (Recognition + Recall),MBP-Intermediate
1768474725525,恼,nǎo,Annoyed / Vexed,1704,4,No,Tier 2: Intermediate (Rank 1001-2500),2 Cards (Recognition + Recall),MBP-Intermediate
1768474725526,功,gōng,Work / Merit,452,4,No,Tier 1: Core (Rank 1-1000),2 Cards (Recognition + Recall),MBP-Intermediate
1768474725527,势,shì,Power / Trend,506,5,No,Tier 1: Core (Rank 1-1000),2 Cards (Recognition + Recall),MBP-Intermediate
1768474725528,助,zhù,Help,607,2,No,Tier 1: Core (Rank 1-1000),2 Cards (Recognition + Recall),MBP-Intermediate
1768474725529,历,lì,Calendar / Experience,480,3,No,Tier 1: Core (Rank 1-1000),2 Cards (Recognition + Recall),MBP-Intermediate
1768474725530,努,nǔ,Strive,1081,3,No,Tier 2: Intermediate (Rank 1001-2500),2 Cards (Recognition + Recall),MBP-Intermediate
1768474725531,劲,jìn,Strength / Energy,1358,5,No,Tier 2: Intermediate (Rank 1001-2500),2 Cards (Recognition + Recall),MBP-Intermediate
1768474725532,穷,qióng,Poor / Exhausted,1343,4,No,Tier 2: Intermediate (Rank 1001-2500),2 Cards (Recognition + Recall),MBP-Intermediate
1768474725533,勇,yǒng,Brave,1206,4,No,Tier 2: Intermediate (Rank 1001-2500),2 Cards (Recognition + Recall),MBP-Intermediate
1768474725534,通,tōng,Through / Communicate,190,4,No,Tier 1: Core (Rank 1-1000),2 Cards (Recognition + Recall),MBP-Intermediate
1768474725535,桶,tǒng,Bucket / Barrel,2411,4,No,Tier 2: Intermediate (Rank 1001-2500),2 Cards (Recognition + Recall),MBP-Intermediate
1768474725536,痛,tòng,Pain,730,5,No,Tier 1: Core (Rank 1-1000),2 Cards (Recognition + Recall),MBP-Intermediate
1768474725537,疗,liáo,Treat / Cure,949,5,No,Tier 1: Core (Rank 1-1000),2 Cards (Recognition + Recall),MBP-Intermediate
1768474725538,症,zhèng,Symptom / Disease,1258,6,No,Tier 2: Intermediate (Rank 1001-2500),2 Cards (Recognition + Recall),MBP-Intermediate
1768474725539,瘦,shòu,Thin / Lean,1841,3,No,Tier 2: Intermediate (Rank 1001-2500),2 Cards (Recognition + Recall),MBP-Intermediate
1768474725540,搜,sōu,Search,1564,5,No,Tier 2: Intermediate (Rank 1001-2500),2 Cards (Recognition + Recall),MBP-Intermediate
1768474725541,疯,fēng,Crazy / Insane,1549,5,No,Tier 2: Intermediate (Rank 1001-2500),2 Cards (Recognition + Recall),MBP-Intermediate
1768474725542,疾,"<span class=""tone2"">jí</span> <!-- ji -->",Sickness,1273,6,No,Tier 2: Intermediate (Rank 1001-2500),2 Cards (Recognition + Recall),MBP-Intermediate
1768474725543,业,yè,Trade / Industry,130,3,No,Tier 1: Core (Rank 1-1000),2 Cards (Recognition + Recall),MBP-Intermediate
1768474725544,亚,yà,Asia / Second,420,4,No,Tier 1: Core (Rank 1-1000),2 Cards (Recognition + Recall),MBP-Intermediate
1768474725545,显,xiǎn,Show / Apparent,469,5,No,Tier 1: Core (Rank 1-1000),2 Cards (Recognition + Recall),MBP-Intermediate
1768474725546,普,pǔ,General / Universal,630,4,No,Tier 1: Core (Rank 1-1000),2 Cards (Recognition + Recall),MBP-Intermediate
1768474725547,严,yán,Strict / Severe,545,4,No,Tier 1: Core (Rank 1-1000),2 Cards (Recognition + Recall),MBP-Intermediate
1768474725548,恶,è,Evil / Bad,792,5,No,Tier 1: Core (Rank 1-1000),2 Cards (Recognition + Recall),MBP-Intermediate
1768474725549,卫,wèi,Guard / Defend,669,4,No,Tier 1: Core (Rank 1-1000),2 Cards (Recognition + Recall),MBP-Intermediate
1768474725550,武,wǔ,Military / Martial,501,5,No,Tier 1: Core (Rank 1-1000),2 Cards (Recognition + Recall),MBP-Intermediate
1768474725551,丽,lì,Beautiful,834,4,No,Tier 1: Core (Rank 1-1000),2 Cards (Recognition + Recall),MBP-Intermediate
1768474725552,导,dǎo,Lead / Guide,343,4,No,Tier 1: Core (Rank 1-1000),2 Cards (Recognition + Recall),MBP-Intermediate
1768474725553,民,mín,People,113,4,No,Tier 1: Core (Rank 1-1000),2 Cards (Recognition + Recall),MBP-Intermediate
1768474725554,异,yì,Different / Strange,709,6,No,Tier 1: Core (Rank 1-1000),2 Cards (Recognition + Recall),MBP-Intermediate
1768474725555,将,jiāng,Will / Shall,132,4,No,Tier 1: Core (Rank 1-1000),2 Cards (Recognition + Recall),MBP-Intermediate
1768474725556,装,zhuāng,Dress / Load,467,5,No,Tier 1: Core (Rank 1-1000),2 Cards (Recognition + Recall),MBP-Intermediate
1768474725557,奖,jiǎng,Award / Prize,1233,4,No,Tier 2: Intermediate (Rank 1001-2500),2 Cards (Recognition + Recall),MBP-Intermediate
1768474725558,状,zhuàng,Shape / Condition,624,5,No,Tier 1: Core (Rank 1-1000),2 Cards (Recognition + Recall),MBP-Intermediate
1768474725559,射,shè,Shoot / Fire,703,5,No,Tier 1: Core (Rank 1-1000),2 Cards (Recognition + Recall),MBP-Intermediate
1768474725560,寻,xún,Seek / Find,962,5,No,Tier 1: Core (Rank 1-1000),2 Cards (Recognition + Recall),MBP-Intermediate
1768474725561,耐,nài,Endure / Patient,1409,4,No,Tier 2: Intermediate (Rank 1001-2500),2 Cards (Recognition + Recall),MBP-Intermediate
1768474725562,冠,guān,Crown / Hat,1713,5,No,Tier 2: Intermediate (Rank 1001-2500),2 Cards (Recognition + Recall),MBP-Intermediate
1768474725563,节,jié,Node / Festival,514,3,No,Tier 1: Core (Rank 1-1000),2 Cards (Recognition + Recall),MBP-Intermediate
1768474725564,爷,yé,Grandpa,1007,3,No,Tier 2: Intermediate (Rank 1001-2500),2 Cards (Recognition + Recall),MBP-Intermediate
1768474725565,范,fàn,Pattern / Model,705,5,Yes,Tier 1: Core (Rank 1-1000),2 Cards (Recognition + Recall),MBP-Intermediate
1768474725566,艺,yì,Art / Skill,786,4,No,Tier 1: Core (Rank 1-1000),2 Cards (Recognition + Recall),MBP-Intermediate
1768474725567,瓦,wǎ,Tile / Watt,1195,6,No,Tier 2: Intermediate (Rank 1001-2500),2 Cards (Recognition + Recall),MBP-Intermediate
1768474725568,瓶,píng,Bottle,1703,3,No,Tier 2: Intermediate (Rank 1001-2500),2 Cards (Recognition + Recall),MBP-Intermediate
1768474725569,饼,bǐng,Cake / Cookie,2359,4,No,Tier 2: Intermediate (Rank 1001-2500),2 Cards (Recognition + Recall),MBP-Intermediate
1768474725570,著,zhù,Famous / Write,777,4,No,Tier 1: Core (Rank 1-1000),2 Cards (Recognition + Recall),MBP-Intermediate
1768474725571,若,ruò,If / As if,651,6,No,Tier 1: Core (Rank 1-1000),2 Cards (Recognition + Recall),MBP-Intermediate
1768474725572,苹,píng,Apple,2478,1,No,Tier 2: Intermediate (Rank 1001-2500),2 Cards (Recognition + Recall),MBP-Intermediate
1768474725573,苏,sū,Revive / Soviet,590,6,No,Tier 1: Core (Rank 1-1000),2 Cards (Recognition + Recall),MBP-Intermediate
1768474725574,协,xié,Coordinate,735,6,No,Tier 1: Core (Rank 1-1000),2 Cards (Recognition + Recall),MBP-Intermediate
1768474725575,胁,xié,Threaten,1494,5,No,Tier 2: Intermediate (Rank 1001-2500),2 Cards (Recognition + Recall),MBP-Intermediate
1768474725576,藏,cáng,Hide / Store,907,5,No,Tier 1: Core (Rank 1-1000),2 Cards (Recognition + Recall),MBP-Intermediate
1768474725577,吕,lǚ,(Surname),1716,N/A,Yes,Tier 2: Intermediate (Rank 1001-2500),2 Cards (Recognition + Recall),MBP-Intermediate
1768474725578,宫,gōng,Palace,982,6,No,Tier 1: Core (Rank 1-1000),2 Cards (Recognition + Recall),MBP-Intermediate
1768474725579,营,yíng,Camp / Run,536,5,No,Tier 1: Core (Rank 1-1000),2 Cards (Recognition + Recall),MBP-Intermediate
1768474725580,劳,láo,Labor / Toil,679,5,No,Tier 1: Core (Rank 1-1000),2 Cards (Recognition + Recall),MBP-Intermediate
1768474725581,荣,róng,Glory / Honor,993,5,No,Tier 1: Core (Rank 1-1000),2 Cards (Recognition + Recall),MBP-Intermediate
1768474725582,论,lùn,Theory / Debate,205,4,No,Tier 1: Core (Rank 1-1000),2 Cards (Recognition + Recall),MBP-Intermediate
1768474725583,评,píng,Appraise / Review,809,4,No,Tier 1: Core (Rank 1-1000),2 Cards (Recognition + Recall),MBP-Intermediate
1768474725584,讯,xùn,Information / News,1238,6,No,Tier 2: Intermediate (Rank 1001-2500),2 Cards (Recognition + Recall),MBP-Intermediate
1768474725585,讲,jiǎng,Speak / Tell,555,3,No,Tier 1: Core (Rank 1-1000),2 Cards (Recognition + Recall),MBP-Intermediate
1768474725586,证,zhèng,Certificate / Proof,373,4,No,Tier 1: Core (Rank 1-1000),2 Cards (Recognition + Recall),MBP-Intermediate
1768474725587,谈,tán,Chat / Talk,474,4,Yes,Tier 1: Core (Rank 1-1000),2 Cards (Recognition + Recall),MBP-Intermediate
1768474725588,训,xùn,Train / Lesson,1022,5,No,Tier 2: Intermediate (Rank 1001-2500),2 Cards (Recognition + Recall),MBP-Intermediate
1768474725589,访,fǎng,Visit / Interview,1037,5,No,Tier 2: Intermediate (Rank 1001-2500),2 Cards (Recognition + Recall),MBP-Intermediate
1768474725590,误,wù,Error / Mistake,854,4,No,Tier 1: Core (Rank 1-1000),2 Cards (Recognition + Recall),MBP-Intermediate
1768474725591,订,dìng,Order / Subscribe,1176,5,No,Tier 2: Intermediate (Rank 1001-2500),2 Cards (Recognition + Recall),MBP-Intermediate
1768474725592,诊,"<span class=""tone3"">zhěn</span> <!-- zhen -->",Diagnose,1401,5,No,Tier 2: Intermediate (Rank 1001-2500),2 Cards (Recognition + Recall),MBP-Intermediate
1768474725593,诺,nuò,Promise,969,6,No,Tier 1: Core (Rank 1-1000),2 Cards (Recognition + Recall),MBP-Intermediate
1768474725594,诚,chéng,Honest / Sincere,1154,4,No,Tier 2: Intermediate (Rank 1001-2500),2 Cards (Recognition + Recall),MBP-Intermediate
1768474725595,详,xiáng,Detailed,1439,4,No,Tier 2: Intermediate (Rank 1001-2500),2 Cards (Recognition + Recall),MBP-Intermediate
1768474725596,谊,yì,Friendship,2136,4,No,Tier 2: Intermediate (Rank 1001-2500),2 Cards (Recognition + Recall),MBP-Intermediate
1768474725597,县,xiàn,County,877,5,No,Tier 1: Core (Rank 1-1000),2 Cards (Recognition + Recall),MBP-Intermediate
1768474725598,谅,liàng,Forgive / Understand,2120,4,No,Tier 2: Intermediate (Rank 1001-2500),2 Cards (Recognition + Recall),MBP-Intermediate
1768474725599,凉,liáng,Cool,1581,4,No,Tier 2: Intermediate (Rank 1001-2500),2 Cards (Recognition + Recall),MBP-Intermediate
1768474725600,度,dù,Degree / Measure,184,4,No,Tier 1: Core (Rank 1-1000),2 Cards (Recognition + Recall),MBP-Intermediate
1768474725601,席,xí,Seat / Mat,894,5,No,Tier 1: Core (Rank 1-1000),2 Cards (Recognition + Recall),MBP-Intermediate
1768474725602,府,fǔ,Government office,417,5,No,Tier 1: Core (Rank 1-1000),2 Cards (Recognition + Recall),MBP-Intermediate
1768474725603,底,dǐ,Bottom,543,4,No,Tier 1: Core (Rank 1-1000),2 Cards (Recognition + Recall),MBP-Intermediate
1768474725604,座,zuò,Seat / M.W. (mountains),812,4,No,Tier 1: Core (Rank 1-1000),2 Cards (Recognition + Recall),MBP-Intermediate
1768474725605,庆,qìng,Celebrate,1269,5,No,Tier 2: Intermediate (Rank 1001-2500),2 Cards (Recognition + Recall),MBP-Intermediate
1768474725606,矿,kuàng,Mine / Mineral,1385,4,No,Tier 2: Intermediate (Rank 1001-2500),2 Cards (Recognition + Recall),MBP-Intermediate
1768474725607,破,pò,Break / Broken,604,4,No,Tier 1: Core (Rank 1-1000),2 Cards (Recognition + Recall),MBP-Intermediate
1768474725608,础,chǔ,Foundation,1014,4,No,Tier 2: Intermediate (Rank 1001-2500),2 Cards (Recognition + Recall),MBP-Intermediate
1768474725609,碍,ài,Hinder / Obstacle,1437,5,No,Tier 2: Intermediate (Rank 1001-2500),2 Cards (Recognition + Recall),MBP-Intermediate
1768474725610,码,mǎ,Code / Yard,1345,4,No,Tier 2: Intermediate (Rank 1001-2500),2 Cards (Recognition + Recall),MBP-Intermediate
1768474725611,库,kù,Warehouse / Storage,1097,5,No,Tier 2: Intermediate (Rank 1001-2500),2 Cards (Recognition + Recall),MBP-Intermediate
1768474725612,庄,zhuāng,Village / Manor,1024,6,No,Tier 2: Intermediate (Rank 1001-2500),2 Cards (Recognition + Recall),MBP-Intermediate
1768474725613,脏,zàng,Organ / Dirty,1634,4,No,Tier 2: Intermediate (Rank 1001-2500),2 Cards (Recognition + Recall),MBP-Intermediate
1768474725614,唐,táng,Tang Dynasty,973,6,No,Tier 1: Core (Rank 1-1000),2 Cards (Recognition + Recall),MBP-Intermediate
1768474725615,糖,táng,Sugar / Candy,1746,4,No,Tier 2: Intermediate (Rank 1001-2500),2 Cards (Recognition + Recall),MBP-Intermediate
1768474725616,领,lǐng,Lead / Neck,329,5,No,Tier 1: Core (Rank 1-1000),2 Cards (Recognition + Recall),MBP-Intermediate
1768474725617,零,líng,Zero / Fragment,1342,2,No,Tier 2: Intermediate (Rank 1001-2500),2 Cards (Recognition + Recall),MBP-Intermediate
1768474725618,项,xiàng,Item / Term,571,5,No,Tier 1: Core (Rank 1-1000),2 Cards (Recognition + Recall),MBP-Intermediate
1768474725619,须,xū,Must / Beard,444,3,No,Tier 1: Core (Rank 1-1000),2 Cards (Recognition + Recall),MBP-Intermediate
1768474725620,修,xiū,Repair / Study,740,4,No,Tier 1: Core (Rank 1-1000),2 Cards (Recognition + Recall),MBP-Intermediate
1768474725621,彩,cǎi,Color / Prize,1177,4,No,Tier 2: Intermediate (Rank 1001-2500),2 Cards (Recognition + Recall),MBP-Intermediate
1768474725622,额,é,Forehead / Amount,936,6,No,Tier 1: Core (Rank 1-1000),2 Cards (Recognition + Recall),MBP-Intermediate
1768474725623,彦,"<span class=""tone4"">yàn</span> <!-- yan -->",Elegant,2559,N/A,No,Tier 3: Lower-Freq (Rank 2501-3500),2 Cards or 1 Card,MBP-Intermediate
1768474725624,颜,yán,Color / Face,1545,2,No,Tier 2: Intermediate (Rank 1001-2500),2 Cards (Recognition + Recall),MBP-Intermediate
1768474725625,顺,shùn,Smooth / Along,938,4,No,Tier 1: Core (Rank 1-1000),2 Cards (Recognition + Recall),MBP-Intermediate
1768474725626,顾,gù,Look after / Customer,815,3,No,Tier 1: Core (Rank 1-1000),2 Cards (Recognition + Recall),MBP-Intermediate
1768474725627,频,pín,Frequency,1535,5,No,Tier 2: Intermediate (Rank 1001-2500),2 Cards (Recognition + Recall),MBP-Intermediate
1768474725628,顶,dǐng,Top / Roof,1000,5,No,Tier 1: Core (Rank 1-1000),2 Cards (Recognition + Recall),MBP-Intermediate
1768474725629,硕,shuò,Large / Master (degree),2304,4,No,Tier 2: Intermediate (Rank 1001-2500),2 Cards (Recognition + Recall),MBP-Intermediate
1768474725630,态,tài,Attitude / State,528,4,No,Tier 1: Core (Rank 1-1000),2 Cards (Recognition + Recall),MBP-Intermediate
1768474725631,志,zhì,Will / Mark,542,4,No,Tier 1: Core (Rank 1-1000),2 Cards (Recognition + Recall),MBP-Intermediate
1768474725632,念,niàn,Think / Read,477,5,No,Tier 1: Core (Rank 1-1000),2 Cards (Recognition + Recall),MBP-Intermediate
1768474725633,恋,liàn,Love / Longing,1464,5,No,Tier 2: Intermediate (Rank 1001-2500),2 Cards (Recognition + Recall),MBP-Intermediate
1768474725634,蛮,mán,Wild / Quite,2068,6,No,Tier 2: Intermediate (Rank 1001-2500),2 Cards (Recognition + Recall),MBP-Intermediate
1768474725635,恩,ēn,Grace / Favor,888,6,No,Tier 1: Core (Rank 1-1000),2 Cards (Recognition + Recall),MBP-Intermediate
1768474725636,怨,yuàn,Resentment,1637,5,No,Tier 2: Intermediate (Rank 1001-2500),2 Cards (Recognition + Recall),MBP-Intermediate
1768474725637,宛,wǎn,As if,2528,N/A,No,Tier 3: Lower-Freq (Rank 2501-3500),2 Cards or 1 Card,MBP-Intermediate
1768474725638,腕,wàn,Wrist,2581,N/A,No,Tier 3: Lower-Freq (Rank 2501-3500),2 Cards or 1 Card,MBP-Intermediate
1768474725639,碗,wǎn,Bowl,1939,3,No,Tier 2: Intermediate (Rank 1001-2500),2 Cards (Recognition + Recall),MBP-Intermediate
1768474725640,德,dé,Virtue / Germany,256,5,No,Tier 1: Core (Rank 1-1000),2 Cards (Recognition + Recall),MBP-Intermediate
1768474725641,急,jí,Urgent / Anxious,657,3,No,Tier 1: Core (Rank 1-1000),2 Cards (Recognition + Recall),MBP-Intermediate
1768474725642,隐,yǐn,Hidden,1034,6,No,Tier 2: Intermediate (Rank 1001-2500),2 Cards (Recognition + Recall),MBP-Intermediate
1768474725643,稳,wěn,Stable,1055,5,No,Tier 2: Intermediate (Rank 1001-2500),2 Cards (Recognition + Recall),MBP-Intermediate
1768474725644,悲,bēi,Sad / Tragedy,1166,5,No,Tier 2: Intermediate (Rank 1001-2500),2 Cards (Recognition + Recall),MBP-Intermediate
1768474725645,串,chuàn,String / Skewer,1832,6,No,Tier 2: Intermediate (Rank 1001-2500),2 Cards (Recognition + Recall),MBP-Intermediate
1768474725646,患,huàn,Suffer / Disaster,1249,6,No,Tier 2: Intermediate (Rank 1001-2500),2 Cards (Recognition + Recall),MBP-Intermediate
1768474725647,虑,lǜ,Consider / Anxiety,901,4,No,Tier 1: Core (Rank 1-1000),2 Cards (Recognition + Recall),MBP-Intermediate
1768474725648,虚,xū,Empty / Hollow,1071,5,No,Tier 2: Intermediate (Rank 1001-2500),2 Cards (Recognition + Recall),MBP-Intermediate
1768474725649,虎,hǔ,Tiger,1083,4,Yes,Tier 2: Intermediate (Rank 1001-2500),2 Cards (Recognition + Recall),MBP-Intermediate
1768474725650,忍,rěn,Endure / Tolerate,1127,5,No,Tier 2: Intermediate (Rank 1001-2500),2 Cards (Recognition + Recall),MBP-Intermediate
1768474725651,企,qǐ,Attempt / Hope /enterprise,450,5,No,Tier 1: Core (Rank 1-1000),2 Cards (Recognition + Recall),MBP-Intermediate
1768474725652,众,zhòng,Crowd,510,4,No,Tier 1: Core (Rank 1-1000),2 Cards (Recognition + Recall),MBP-Intermediate
1768474725653,食,shí,Food / Eat,671,5,No,Tier 1: Core (Rank 1-1000),2 Cards (Recognition + Recall),MBP-Intermediate
1768474725654,餐,cān,Meal / Eat,1465,4,No,Tier 2: Intermediate (Rank 1001-2500),2 Cards (Recognition + Recall),MBP-Intermediate
1768474725655,伞,sǎn,Umbrella,2202,3,No,Tier 2: Intermediate (Rank 1001-2500),2 Cards (Recognition + Recall),MBP-Intermediate
1768474725656,谷,gǔ,Valley / Grain,1095,6,No,Tier 2: Intermediate (Rank 1001-2500),2 Cards (Recognition + Recall),MBP-Intermediate
1768474725657,容,róng,Contain / Easy,442,3,No,Tier 1: Core (Rank 1-1000),2 Cards (Recognition + Recall),MBP-Intermediate
1768474725658,欲,yù,Desire / Want,1045,6,No,Tier 2: Intermediate (Rank 1001-2500),2 Cards (Recognition + Recall),MBP-Intermediate
1768474725659,复,fù,Repeat / Again,426,3,No,Tier 1: Core (Rank 1-1000),2 Cards (Recognition + Recall),MBP-Intermediate
1768474725660,阳,yáng,Sun / Yang,650,3,No,Tier 1: Core (Rank 1-1000),2 Cards (Recognition + Recall),MBP-Intermediate
1768474725661,申,shēn,Apply / State,1110,4,No,Tier 2: Intermediate (Rank 1001-2500),2 Cards (Recognition + Recall),MBP-Intermediate
1768474725662,审,shěn,Examine / Judge,746,6,No,Tier 1: Core (Rank 1-1000),2 Cards (Recognition + Recall),MBP-Intermediate
1768474725663,神,shén,God / Spirit,227,5,No,Tier 1: Core (Rank 1-1000),2 Cards (Recognition + Recall),MBP-Intermediate
1768474725664,智,"<span class=""tone4"">zhì</span> <!-- zhi -->",Wisdom / Smart,885,5,No,Tier 1: Core (Rank 1-1000),2 Cards (Recognition + Recall),MBP-Intermediate
1768474725665,暗,àn,Dark / Secret,829,5,No,Tier 1: Core (Rank 1-1000),2 Cards (Recognition + Recall),MBP-Intermediate
1768474725666,辰,chén,Celestial body / Time,2317,6,No,Tier 2: Intermediate (Rank 1001-2500),2 Cards (Recognition + Recall),MBP-Intermediate
1768474725667,晨,chén,Morning,1388,6,No,Tier 2: Intermediate (Rank 1001-2500),2 Cards (Recognition + Recall),MBP-Intermediate
1768474725668,震,zhèn,Shake / Shock,1104,5,No,Tier 2: Intermediate (Rank 1001-2500),2 Cards (Recognition + Recall),MBP-Intermediate
1768474725669,晴,"<span class=""tone2"">qíng</span> <!-- qing -->",Sunny,1968,2,No,Tier 2: Intermediate (Rank 1001-2500),2 Cards (Recognition + Recall),MBP-Intermediate
1768474725670,暑,"<span class=""tone3"">shǔ</span> <!-- shu -->",Heat / Summer,2743,4,No,Tier 3: Lower-Freq (Rank 2501-3500),2 Cards or 1 Card,MBP-Intermediate
1768474725671,怪,guài,Strange / Monster,775,3,No,Tier 1: Core (Rank 1-1000),2 Cards (Recognition + Recall),MBP-Intermediate
1768474725672,性,"<span class=""tone4"">xìng</span> <!-- xing -->",Nature / Sex,122,4,No,Tier 1: Core (Rank 1-1000),2 Cards (Recognition + Recall),MBP-Intermediate
1768474725673,怀,huái,Bosom / Cherish,762,4,No,Tier 1: Core (Rank 1-1000),2 Cards (Recognition + Recall),MBP-Intermediate
1768474725674,惊,"<span class=""tone1"">jīng</span> <!-- jing -->",Surprise / Scare,659,4,No,Tier 1: Core (Rank 1-1000),2 Cards (Recognition + Recall),MBP-Intermediate
1768474725675,惜,xī,Cherish / Pity,1512,4,No,Tier 2: Intermediate (Rank 1001-2500),2 Cards (Recognition + Recall),MBP-Intermediate
1768474725676,忆,"<span class=""tone4"">yì</span> <!-- yi -->",Remember / Memory,1333,4,No,Tier 2: Intermediate (Rank 1001-2500),2 Cards (Recognition + Recall),MBP-Intermediate
1768474725677,悔,"<span class=""tone3"">huǐ</span> <!-- hui -->",Regret,1853,4,No,Tier 2: Intermediate (Rank 1001-2500),2 Cards (Recognition + Recall),MBP-Intermediate
1768474725678,憾,hàn,Regret,2269,5,No,Tier 2: Intermediate (Rank 1001-2500),2 Cards (Recognition + Recall),MBP-Intermediate
1768474725679,怖,"<span class=""tone4"">bù</span> <!-- bu -->",Terror / Scare,1776,6,No,Tier 2: Intermediate (Rank 1001-2500),2 Cards (Recognition + Recall),MBP-Intermediate
1768474725680,怜,"<span class=""tone2"">lián</span> <!-- lian -->",Pity,1599,4,No,Tier 2: Intermediate (Rank 1001-2500),2 Cards (Recognition + Recall),MBP-Intermediate
1768474725681,贯,"<span class=""tone4"">guàn</span> <!-- guan -->",Pierce / String,1478,6,No,Tier 2: Intermediate (Rank 1001-2500),2 Cards (Recognition + Recall),MBP-Intermediate
1768474725682,惯,"<span class=""tone4"">guàn</span> <!-- guan -->",Habit / Accustom,1226,3,No,Tier 2: Intermediate (Rank 1001-2500),2 Cards (Recognition + Recall),MBP-Intermediate
1768474725683,华,"<span class=""tone2"">huá</span> <!-- hua -->",surname Hua,412,5,Yes,Tier 1: Core (Rank 1-1000),2 Cards (Recognition + Recall),MBP-Intermediate
1768474725684,克,kè,Gram / Overcome,262,4,No,Tier 1: Core (Rank 1-1000),2 Cards (Recognition + Recall),MBP-Intermediate
1768474725685,党,dǎng,Party / Faction,411,6,No,Tier 1: Core (Rank 1-1000),2 Cards (Recognition + Recall),MBP-Intermediate
1768474725686,掌,zhǎng,Palm / Control,890,5,No,Tier 1: Core (Rank 1-1000),2 Cards (Recognition + Recall),MBP-Intermediate
1768474725687,堂,táng,Hall,980,6,No,Tier 1: Core (Rank 1-1000),2 Cards (Recognition + Recall),MBP-Intermediate
1768474725688,甫,fǔ,Begin / Just,2152,N/A,No,Tier 2: Intermediate (Rank 1001-2500),2 Cards (Recognition + Recall),MBP-Intermediate
1768474725689,葡,pú,Grape,2130,4,No,Tier 2: Intermediate (Rank 1001-2500),2 Cards (Recognition + Recall),MBP-Intermediate
1768474725690,萄,táo,Grape,2210,4,No,Tier 2: Intermediate (Rank 1001-2500),2 Cards (Recognition + Recall),MBP-Intermediate
1768474725691,缺,quē,Lack,875,4,No,Tier 1: Core (Rank 1-1000),2 Cards (Recognition + Recall),MBP-Intermediate
1768474725692,筷,kuài,Chopsticks,3110,3,No,Tier 4: Rare / Surname (>3500 or Unranked),1 Card (Recognition Only),MBP-Intermediate
1768474725693,傅,fù,Teacher / Master,1887,4,Yes,Tier 2: Intermediate (Rank 1001-2500),2 Cards (Recognition + Recall),MBP-Intermediate
1768474725694,博,bó,Abundant / Gamble,965,4,No,Tier 1: Core (Rank 1-1000),2 Cards (Recognition + Recall),MBP-Intermediate
1768474725695,膊,bó,Shoulder / Arm,2440,4,No,Tier 2: Intermediate (Rank 1001-2500),2 Cards (Recognition + Recall),MBP-Intermediate
1768474725696,薄,báo,Thin / Weak,1433,5,No,Tier 2: Intermediate (Rank 1001-2500),2 Cards (Recognition + Recall),MBP-Intermediate
1768474725697,产,chǎn,Produce / Property,159,5,No,Tier 1: Core (Rank 1-1000),2 Cards (Recognition + Recall),MBP-Intermediate
1768474725698,质,zhì,Quality / Nature,404,4,No,Tier 1: Core (Rank 1-1000),2 Cards (Recognition + Recall),MBP-Intermediate
1768474725699,厅,tīng,Hall / Room,1217,4,No,Tier 2: Intermediate (Rank 1001-2500),2 Cards (Recognition + Recall),MBP-Intermediate
1768474725700,厉,lì,Strict / Severe,1339,4,No,Tier 2: Intermediate (Rank 1001-2500),2 Cards (Recognition + Recall),MBP-Intermediate
1768474725701,励,"<span class=""tone4"">lì</span> <!-- li -->",Encourage / Urge,1468,4,No,Tier 2: Intermediate (Rank 1001-2500),2 Cards (Recognition + Recall),MBP-Intermediate
1768474725702,危,wēi,Danger,826,4,No,Tier 1: Core (Rank 1-1000),2 Cards (Recognition + Recall),MBP-Intermediate
1768474725703,厨,chú,Kitchen / Cook,2132,4,No,Tier 2: Intermediate (Rank 1001-2500),2 Cards (Recognition + Recall),MBP-Intermediate
1768474725704,登,dēng,Climb / Register,817,4,No,Tier 1: Core (Rank 1-1000),2 Cards (Recognition + Recall),MBP-Intermediate
1768474725705,段,duàn,Segment / Section,567,3,No,Tier 1: Core (Rank 1-1000),2 Cards (Recognition + Recall),MBP-Intermediate
1768474725706,锻,"<span class=""tone4"">duàn</span> <!-- duan -->",Forge / Exercise,2531,3,No,Tier 3: Lower-Freq (Rank 2501-3500),2 Cards or 1 Card,MBP-Intermediate
1768474725707,政,zhèng,Politics / Government,150,5,No,Tier 1: Core (Rank 1-1000),2 Cards (Recognition + Recall),MBP-Intermediate
1768474725708,效,xiào,Effect / Efficacy,551,4,No,Tier 1: Core (Rank 1-1000),2 Cards (Recognition + Recall),MBP-Intermediate
1768474725709,故,"<span class=""tone4"">gù</span> <!-- gu -->",Old / Story,572,3,No,Tier 1: Core (Rank 1-1000),2 Cards (Recognition + Recall),MBP-Intermediate
1768474725710,散,sàn,Scatter / Relax,866,4,No,Tier 1: Core (Rank 1-1000),2 Cards (Recognition + Recall),MBP-Intermediate
1768474725711,攻,"<span class=""tone1"">gōng</span> <!-- gong -->",Attack,588,6,No,Tier 1: Core (Rank 1-1000),2 Cards (Recognition + Recall),MBP-Intermediate
1768474725712,败,"<span class=""tone4"">bài</span> <!-- bai -->",Defeat / Lose,862,4,No,Tier 1: Core (Rank 1-1000),2 Cards (Recognition + Recall),MBP-Intermediate
1768474725713,敢,"<span class=""tone3"">gǎn</span> <!-- gan -->",Dare,795,4,No,Tier 1: Core (Rank 1-1000),2 Cards (Recognition + Recall),MBP-Intermediate
1768474725714,聪,cōng,Clever / Wise,1669,3,No,Tier 2: Intermediate (Rank 1001-2500),2 Cards (Recognition + Recall),MBP-Intermediate
1768474725715,敌,dí,Enemy,523,5,No,Tier 1: Core (Rank 1-1000),2 Cards (Recognition + Recall),MBP-Intermediate
1768474725716,敬,"<span class=""tone4"">jìng</span> <!-- jing -->",Respect,1209,5,No,Tier 2: Intermediate (Rank 1001-2500),2 Cards (Recognition + Recall),MBP-Intermediate
1768474725717,警,"<span class=""tone3"">jǐng</span> <!-- jing -->",Police / Warn,687,4,No,Tier 1: Core (Rank 1-1000),2 Cards (Recognition + Recall),MBP-Intermediate
1768474725718,傲,ào,Proud / Arrogant,1960,4,No,Tier 2: Intermediate (Rank 1001-2500),2 Cards (Recognition + Recall),MBP-Intermediate
1768474725719,熬,áo,Endure / Boil,2705,5,No,Tier 3: Lower-Freq (Rank 2501-3500),2 Cards or 1 Card,MBP-Intermediate
1768474725720,局,jú,Bureau / Office,483,4,No,Tier 1: Core (Rank 1-1000),2 Cards (Recognition + Recall),MBP-Intermediate
1768474725721,居,jū,Reside / Dwell,678,3,No,Tier 1: Core (Rank 1-1000),2 Cards (Recognition + Recall),MBP-Intermediate
1768474725722,层,céng,Layer / Floor,699,3,No,Tier 1: Core (Rank 1-1000),2 Cards (Recognition + Recall),MBP-Intermediate
1768474725723,尝,"<span class=""tone2"">cháng</span> <!-- chang -->",Taste,1621,4,No,Tier 2: Intermediate (Rank 1001-2500),2 Cards (Recognition + Recall),MBP-Intermediate
1768474725724,偿,"<span class=""tone2"">cháng</span> <!-- chang -->",Compensate,1329,5,No,Tier 2: Intermediate (Rank 1001-2500),2 Cards (Recognition + Recall),MBP-Intermediate
1768474725725,属,"<span class=""tone3"">shǔ</span> <!-- shu -->",Belong to,610,5,No,Tier 1: Core (Rank 1-1000),2 Cards (Recognition + Recall),MBP-Intermediate
1768474725726,尼,ní,Nun / Buddhist,654,N/A,No,Tier 1: Core (Rank 1-1000),2 Cards (Recognition + Recall),MBP-Intermediate
1768474725727,届,jiè,Period / Session,1522,5,No,Tier 2: Intermediate (Rank 1001-2500),2 Cards (Recognition + Recall),"leech, leech::toolkit-filtered, MBP-Intermediate"
1768474725728,尺,chǐ,Ruler / Unit,1474,5,No,Tier 2: Intermediate (Rank 1001-2500),2 Cards (Recognition + Recall),MBP-Intermediate
1768474725729,尽,"<span class=""tone3"">jǐn</span> <!-- jin -->",Exhaust / Finish,488,4,No,Tier 1: Core (Rank 1-1000),2 Cards (Recognition + Recall),MBP-Intermediate
1768474725730,迟,chí,Late,1374,3,No,Tier 2: Intermediate (Rank 1001-2500),2 Cards (Recognition + Recall),MBP-Intermediate
1768474725731,屏,píng,Screen,1891,6,No,Tier 2: Intermediate (Rank 1001-2500),2 Cards (Recognition + Recall),MBP-Intermediate
1768474725732,权,quán,Power / Right,297,5,No,Tier 1: Core (Rank 1-1000),2 Cards (Recognition + Recall),MBP-Intermediate
1768474725733,观,"<span class=""tone4"">guàn</span> <!-- guan -->",Look / View,334,4,No,Tier 1: Core (Rank 1-1000),2 Cards (Recognition + Recall),MBP-Intermediate
1768474725734,双,"<span class=""tone1"">shuāng</span> <!-- shuang -->",Pair / Double,581,3,No,Tier 1: Core (Rank 1-1000),2 Cards (Recognition + Recall),MBP-Intermediate
1768474725735,摄,shè,Take photo / Absorb,1403,5,No,Tier 2: Intermediate (Rank 1001-2500),2 Cards (Recognition + Recall),MBP-Intermediate
1768474725736,戏,"<span class=""tone4"">xì</span> <!-- xi -->",Drama / Play,1033,3,No,Tier 2: Intermediate (Rank 1001-2500),2 Cards (Recognition + Recall),MBP-Intermediate
1768474725737,敲,"<span class=""tone1"">qiāo</span> <!-- qiao -->",Knock,1732,4,No,Tier 2: Intermediate (Rank 1001-2500),2 Cards (Recognition + Recall),MBP-Intermediate
1768474725738,叔,shū,Uncle,1422,3,No,Tier 2: Intermediate (Rank 1001-2500),2 Cards (Recognition + Recall),MBP-Intermediate
1768474725739,督,dū,Supervise,946,6,No,Tier 1: Core (Rank 1-1000),2 Cards (Recognition + Recall),MBP-Intermediate
1768474725740,戚,qī,Relative,2316,4,No,Tier 2: Intermediate (Rank 1001-2500),2 Cards (Recognition + Recall),MBP-Intermediate
1768474725741,椒,jiāo,Pepper,3187,5,No,Tier 4: Rare / Surname (>3500 or Unranked),1 Card (Recognition Only),MBP-Intermediate
1768474725742,血,"<span class=""tone4"">xuè</span> <!-- xue -->",Blood,658,5,No,Tier 1: Core (Rank 1-1000),2 Cards (Recognition + Recall),MBP-Intermediate
1768474725743,益,yì,Benefit / Profit,649,5,No,Tier 1: Core (Rank 1-1000),2 Cards (Recognition + Recall),MBP-Intermediate
1768474725744,温,"<span class=""tone1"">wēn</span> <!-- wen -->",Warm,867,4,No,Tier 1: Core (Rank 1-1000),2 Cards (Recognition + Recall),MBP-Intermediate
1768474725745,监,"<span class=""tone1"">jiān</span> <!-- jian -->",Supervise / Prison,838,6,No,Tier 1: Core (Rank 1-1000),2 Cards (Recognition + Recall),MBP-Intermediate
1768474725746,临,lín,Approach / Near,839,5,No,Tier 1: Core (Rank 1-1000),2 Cards (Recognition + Recall),MBP-Intermediate
1768474725747,篮,lán,Basket,2357,2,No,Tier 2: Intermediate (Rank 1001-2500),2 Cards (Recognition + Recall),MBP-Intermediate
1768474725748,蓝,lán,Blue,1190,3,Yes,Tier 2: Intermediate (Rank 1001-2500),2 Cards (Recognition + Recall),MBP-Intermediate
1768474725749,盛,shèng,Flourishing / Fill(chéng),1142,6,No,Tier 2: Intermediate (Rank 1001-2500),2 Cards (Recognition + Recall),MBP-Intermediate
1768474725750,盖,gài,Cover / Lid,1052,5,No,Tier 2: Intermediate (Rank 1001-2500),2 Cards (Recognition + Recall),MBP-Intermediate
1768474725751,盟,méng,Alliance,1163,6,No,Tier 2: Intermediate (Rank 1001-2500),2 Cards (Recognition + Recall),MBP-Intermediate
1768474725752,盐,"<span class=""tone2"">yán</span> <!-- yan -->",Salt,1885,4,No,Tier 2: Intermediate (Rank 1001-2500),2 Cards (Recognition + Recall),MBP-Intermediate
1768474725753,盒,hé,Box,2067,4,No,Tier 2: Intermediate (Rank 1001-2500),2 Cards (Recognition + Recall),MBP-Intermediate
1768474725754,宣,"<span class=""tone1"">xuān</span> <!-- xuan -->",Declare / Announce,770,5,No,Tier 1: Core (Rank 1-1000),2 Cards (Recognition + Recall),MBP-Intermediate
1768474725755,宁,níng,Peace / Rather,1019,5,No,Tier 2: Intermediate (Rank 1001-2500),2 Cards (Recognition + Recall),MBP-Intermediate
1768474725756,守,"<span class=""tone3"">shǒu</span> <!-- shou -->",Guard / Keep,796,5,No,Tier 1: Core (Rank 1-1000),2 Cards (Recognition + Recall),MBP-Intermediate
1768474725757,灾,"<span class=""tone1"">zāi</span> <!-- zai -->",Disaster,1349,5,No,Tier 2: Intermediate (Rank 1001-2500),2 Cards (Recognition + Recall),MBP-Intermediate
1768474725758,宗,"<span class=""tone1"">zōng</span> <!-- zong -->",Ancestor / Clan,727,6,No,Tier 1: Core (Rank 1-1000),2 Cards (Recognition + Recall),MBP-Intermediate
1768474725759,奥,ào,Obscure / Olympic,972,6,No,Tier 1: Core (Rank 1-1000),2 Cards (Recognition + Recall),MBP-Intermediate
1768474725760,祭,"<span class=""tone4"">Jì</span>",Sacrifice,1782,N/A,No,Tier 2: Intermediate (Rank 1001-2500),2 Cards (Recognition + Recall),MBP-Intermediate
1768474725761,察,"<span class=""tone2"">chá</span> <!-- cha -->",Examine / Observe,564,4,No,Tier 1: Core (Rank 1-1000),2 Cards (Recognition + Recall),MBP-Intermediate
1768474725762,擦,cā,Wipe,1761,4,No,Tier 2: Intermediate (Rank 1001-2500),2 Cards (Recognition + Recall),MBP-Intermediate
1768474725763,赛,sài,Race / Match,1064,3,No,Tier 2: Intermediate (Rank 1001-2500),2 Cards (Recognition + Recall),MBP-Intermediate
1768474725764,寒,hán,Cold,1297,4,No,Tier 2: Intermediate (Rank 1001-2500),2 Cards (Recognition + Recall),MBP-Intermediate
1768474725765,塞,sāi,Plug / Fill,1080,6,No,Tier 2: Intermediate (Rank 1001-2500),2 Cards (Recognition + Recall),MBP-Intermediate
1768474725766,春,"<span class=""tone1"">chūn</span> <!-- chun -->",Spring,921,3,No,Tier 1: Core (Rank 1-1000),2 Cards (Recognition + Recall),MBP-Intermediate
1768474725767,奉,"<span class=""tone4"">fèng</span> <!-- feng -->",Offer / Serve,1382,6,No,Tier 2: Intermediate (Rank 1001-2500),2 Cards (Recognition + Recall),MBP-Intermediate
1768474725768,棒,"<span class=""tone4"">bàng</span> <!-- bang -->",Stick / Great,2288,4,No,Tier 2: Intermediate (Rank 1001-2500),2 Cards (Recognition + Recall),MBP-Intermediate
1768474725769,举,"<span class=""tone3"">jǔ</span> <!-- ju -->",Lift / Hold / Raise,586,4,No,Tier 1: Core (Rank 1-1000),2 Cards (Recognition + Recall),MBP-Intermediate
1768474725770,择,"<span class=""tone2"">zé</span> <!-- ze -->",Select / Choose,961,3,No,Tier 1: Core (Rank 1-1000),2 Cards (Recognition + Recall),MBP-Intermediate
1768474725771,播,"<span class=""tone1"">bō</span> <!-- bo -->",to scatter/ to broadcast,1275,4,No,Tier 2: Intermediate (Rank 1001-2500),2 Cards (Recognition + Recall),MBP-Intermediate
1768474725772,释,"<span class=""tone4"">shì</span> <!-- shi -->",Release / Explain,813,4,No,Tier 1: Core (Rank 1-1000),2 Cards (Recognition + Recall),MBP-Intermediate
1768474725773,译,"<span class=""tone4"">yì</span> <!-- yi -->",Translate,1198,4,No,Tier 2: Intermediate (Rank 1001-2500),2 Cards (Recognition + Recall),MBP-Intermediate
1768474725774,悉,xī,Know / Familiar,1428,4,No,Tier 2: Intermediate (Rank 1001-2500),2 Cards (Recognition + Recall),MBP-Intermediate
1768474725775,羽,yǔ,Feather / Wings,1865,4,No,Tier 2: Intermediate (Rank 1001-2500),2 Cards (Recognition + Recall),MBP-Intermediate
1768474725776,翻,"<span class=""tone1"">fān</span> <!-- fan -->",Turn over / Translate,1027,4,No,Tier 2: Intermediate (Rank 1001-2500),2 Cards (Recognition + Recall),MBP-Intermediate
1768474725777,扇,"<span class=""tone1"">shān</span> <!-- shan -->",Fan,1993,5,No,Tier 2: Intermediate (Rank 1001-2500),2 Cards (Recognition + Recall),MBP-Intermediate
1768474725778,旁,páng,Beside / Side,981,2,No,Tier 1: Core (Rank 1-1000),2 Cards (Recognition + Recall),MBP-Intermediate
1768474725779,童,tóng,Child,1229,4,No,Tier 2: Intermediate (Rank 1001-2500),2 Cards (Recognition + Recall),MBP-Intermediate
1768474725780,竞,jìng,Compete,1100,4,No,Tier 2: Intermediate (Rank 1001-2500),2 Cards (Recognition + Recall),MBP-Intermediate
1768474725781,章,zhāng,Chapter / Stamp,539,4,No,Tier 1: Core (Rank 1-1000),2 Cards (Recognition + Recall),MBP-Intermediate
1768474725782,端,duān,End / Extremity,916,6,No,Tier 1: Core (Rank 1-1000),2 Cards (Recognition + Recall),MBP-Intermediate
1768474725783,帝,dì,Emperor,612,6,No,Tier 1: Core (Rank 1-1000),2 Cards (Recognition + Recall),MBP-Intermediate
1768474725784,商,"<span class=""tone1"">shāng</span> <!-- shang -->",Business / Commerce,402,1,No,Tier 1: Core (Rank 1-1000),2 Cards (Recognition + Recall),MBP-Intermediate
1768474725785,橘,jú,Orange (fruit),3614,N/A,No,Tier 4: Rare / Surname (>3500 or Unranked),1 Card (Recognition Only),MBP-Intermediate
1768474725786,费,fèi,Fee / Waste,486,4,No,Tier 1: Core (Rank 1-1000),2 Cards (Recognition + Recall),MBP-Intermediate
1768474725787,佛,fó,Buddha,771,5,No,Tier 1: Core (Rank 1-1000),2 Cards (Recognition + Recall),MBP-Intermediate
1768474725788,聊,liáo,Chat,1932,3,No,Tier 2: Intermediate (Rank 1001-2500),2 Cards (Recognition + Recall),MBP-Intermediate
1768474725789,贸,"<span class=""tone4"">mào</span> <!-- mao -->",Trade,1092,5,No,Tier 2: Intermediate (Rank 1001-2500),2 Cards (Recognition + Recall),MBP-Intermediate
1768474725790,留,liú,Stay / Leave behind,554,3,No,Tier 1: Core (Rank 1-1000),2 Cards (Recognition + Recall),MBP-Intermediate
1768474725791,债,zhài,Debt,1223,6,No,Tier 2: Intermediate (Rank 1001-2500),2 Cards (Recognition + Recall),MBP-Intermediate
1768474725792,贴,tiē,Paste / Stick,1454,5,No,Tier 2: Intermediate (Rank 1001-2500),2 Cards (Recognition + Recall),MBP-Intermediate
1768474725793,战,"<span class=""tone4"">zhàn</span> <!-- zhan -->",War / Fight,145,5,No,Tier 1: Core (Rank 1-1000),2 Cards (Recognition + Recall),MBP-Intermediate
1768474725794,赔,péi,Compensate / Lose money,1734,5,No,Tier 2: Intermediate (Rank 1001-2500),2 Cards (Recognition + Recall),MBP-Intermediate
1768474725795,财,cái,Wealth / Finance,680,5,No,Tier 1: Core (Rank 1-1000),2 Cards (Recognition + Recall),MBP-Intermediate
1768474725796,贫,pín,Poor,1359,6,No,Tier 2: Intermediate (Rank 1001-2500),2 Cards (Recognition + Recall),MBP-Intermediate
1768474725797,贷,dài,Loan,1605,5,No,Tier 2: Intermediate (Rank 1001-2500),2 Cards (Recognition + Recall),MBP-Intermediate
1768474725798,贡,gòng,Tribute / Contribute,1548,5,No,Tier 2: Intermediate (Rank 1001-2500),2 Cards (Recognition + Recall),MBP-Intermediate
1768474725799,参,"<span class=""tone1"">cān</span> <!-- can -->",Participate,507,3,No,Tier 1: Core (Rank 1-1000),2 Cards (Recognition + Recall),MBP-Intermediate
1768474725800,类,lèi,Class / Kind,311,5,No,Tier 1: Core (Rank 1-1000),2 Cards (Recognition + Recall),MBP-Intermediate
1768474725801,央,"<span class=""tone1"">yāng</span> <!-- yang -->",Center,800,6,No,Tier 1: Core (Rank 1-1000),2 Cards (Recognition + Recall),MBP-Intermediate
1768474725802,英,"<span class=""tone1"">yīng</span> <!-- ying -->",English / Brave,371,5,No,Tier 1: Core (Rank 1-1000),2 Cards (Recognition + Recall),MBP-Intermediate
1768474725803,映,"<span class=""tone4"">yìng</span> <!-- ying -->",Reflect / Shine,1316,5,No,Tier 2: Intermediate (Rank 1001-2500),2 Cards (Recognition + Recall),MBP-Intermediate
1768474725804,换,huàn,Change / Exchange,824,3,No,Tier 1: Core (Rank 1-1000),2 Cards (Recognition + Recall),MBP-Intermediate
1768474725805,奋,"<span class=""tone4"">fèn</span> <!-- fen -->",Strive / Excite,1268,4,No,Tier 2: Intermediate (Rank 1001-2500),2 Cards (Recognition + Recall),MBP-Intermediate
1768474725806,夺,duó,Seize / Snatch,1199,6,No,Tier 2: Intermediate (Rank 1001-2500),2 Cards (Recognition + Recall),MBP-Intermediate
1768474725807,莫,mò,Do not / No one,955,6,No,Tier 1: Core (Rank 1-1000),2 Cards (Recognition + Recall),MBP-Intermediate
1768474725808,模,mó,Model / Pattern,689,5,No,Tier 1: Core (Rank 1-1000),2 Cards (Recognition + Recall),MBP-Intermediate
1768474725809,幕,mù,Curtain / Screen,1315,5,No,Tier 2: Intermediate (Rank 1001-2500),2 Cards (Recognition + Recall),MBP-Intermediate
1768474725810,膜,mó,Membrane / Film,1945,6,No,Tier 2: Intermediate (Rank 1001-2500),2 Cards (Recognition + Recall),MBP-Intermediate
1768474725811,羡,xiàn,Envy,2732,4,No,Tier 3: Lower-Freq (Rank 2501-3500),2 Cards or 1 Card,MBP-Intermediate
1768474725812,慕,mù,Admire / Yearn,1990,4,No,Tier 2: Intermediate (Rank 1001-2500),2 Cards (Recognition + Recall),MBP-Intermediate
1768474725813,存,cún,Exist / Store,384,4,No,Tier 1: Core (Rank 1-1000),2 Cards (Recognition + Recall),MBP-Intermediate
1768474725814,李,lǐ,Plum / (Surname),472,3,Yes,Tier 1: Core (Rank 1-1000),2 Cards (Recognition + Recall),MBP-Intermediate
1768474725815,享,"<span class=""tone3"">xiǎng</span> <!-- xiang -->",Enjoy,1227,5,No,Tier 2: Intermediate (Rank 1001-2500),2 Cards (Recognition + Recall),MBP-Intermediate
1768474725816,亮,liàng,Bright,840,1,No,Tier 1: Core (Rank 1-1000),2 Cards (Recognition + Recall),MBP-Intermediate
1768474725817,漂,piào,Beautiful / Drift,1568,1,No,Tier 2: Intermediate (Rank 1001-2500),2 Cards (Recognition + Recall),MBP-Intermediate
1768474725818,熟,shú,Cooked / Ripe / Familiar,1035,4,No,Tier 2: Intermediate (Rank 1001-2500),2 Cards (Recognition + Recall),MBP-Intermediate
1768474725819,孙,sūn,Grandson,995,4,Yes,Tier 1: Core (Rank 1-1000),2 Cards (Recognition + Recall),MBP-Intermediate
1768474725820,获,"<span class=""tone4"">huò</span> <!-- huo -->",Obtain / Catch,688,4,No,Tier 1: Core (Rank 1-1000),2 Cards (Recognition + Recall),MBP-Intermediate
1768474725821,献,"<span class=""tone4"">xiàn</span> <!-- xian -->",Offer / Dedicate,1192,5,No,Tier 2: Intermediate (Rank 1001-2500),2 Cards (Recognition + Recall),MBP-Intermediate
1768474725822,默,mò,Silent,1031,4,No,Tier 2: Intermediate (Rank 1001-2500),2 Cards (Recognition + Recall),MBP-Intermediate
1768474725823,独,dú,Alone,627,5,No,Tier 1: Core (Rank 1-1000),2 Cards (Recognition + Recall),MBP-Intermediate
1768474725824,融,róng,Melt / Finance,1225,6,No,Tier 2: Intermediate (Rank 1001-2500),2 Cards (Recognition + Recall),MBP-Intermediate
1768474725825,犯,fàn,Offend / Commit,767,6,No,Tier 1: Core (Rank 1-1000),2 Cards (Recognition + Recall),MBP-Intermediate
1768474725826,狂,kuáng,Crazy,1147,5,No,Tier 2: Intermediate (Rank 1001-2500),2 Cards (Recognition + Recall),MBP-Intermediate
1768474725827,猜,cāi,Guess,1598,4,No,Tier 2: Intermediate (Rank 1001-2500),2 Cards (Recognition + Recall),MBP-Intermediate
1768474725828,检,jiǎn,Examine / Check,731,3,No,Tier 1: Core (Rank 1-1000),2 Cards (Recognition + Recall),MBP-Intermediate
1768474725829,验,yàn,Test / Verify,534,4,No,Tier 1: Core (Rank 1-1000),2 Cards (Recognition + Recall),MBP-Intermediate
1768474725830,险,"<span class=""tone3"">xiǎn</span> <!-- xian -->",Danger,672,4,No,Tier 1: Core (Rank 1-1000),2 Cards (Recognition + Recall),MBP-Intermediate
1768474725831,脸,"<span class=""tone3"">liǎn</span> <!-- lian -->",Face,615,3,No,Tier 1: Core (Rank 1-1000),2 Cards (Recognition + Recall),MBP-Intermediate
1768474725832,签,"<span class=""tone1"">qiān</span> <!-- qian -->",Sign / Visa,1254,4,No,Tier 2: Intermediate (Rank 1001-2500),2 Cards (Recognition + Recall),MBP-Intermediate
1768474725833,斯,sī,This / (Suffix),168,6,No,Tier 1: Core (Rank 1-1000),2 Cards (Recognition + Recall),MBP-Intermediate
1768474725834,甚,shèn,Extremely / More than,626,4,No,Tier 1: Core (Rank 1-1000),2 Cards (Recognition + Recall),MBP-Intermediate
1768474725835,断,duàn,Break / Snap,434,4,No,Tier 1: Core (Rank 1-1000),2 Cards (Recognition + Recall),MBP-Intermediate
1768474725836,斩,zhǎn,Chop / Cut,2463,6,No,Tier 2: Intermediate (Rank 1001-2500),2 Cards (Recognition + Recall),MBP-Intermediate
1768474725837,暂,zàn,Temporary,1325,4,No,Tier 2: Intermediate (Rank 1001-2500),2 Cards (Recognition + Recall),MBP-Intermediate
1768474725838,丘,qiū,Hill,1929,6,No,Tier 2: Intermediate (Rank 1001-2500),2 Cards (Recognition + Recall),MBP-Intermediate
1768474725839,乒,pīng,Ping,3447,4,No,Tier 4: Rare / Surname (>3500 or Unranked),1 Card (Recognition Only),MBP-Intermediate
1768474725840,乓,pāng,Pang,3502,4,No,Tier 4: Rare / Surname (>3500 or Unranked),1 Card (Recognition Only),MBP-Intermediate
1768474725841,兵,"<span class=""tone1"">bīng</span> <!-- bing -->",Soldier,398,5,No,Tier 1: Core (Rank 1-1000),2 Cards (Recognition + Recall),MBP-Intermediate
1768474725842,宾,"<span class=""tone1"">bīn</span> <!-- bin -->",Guest,1534,2,Yes,Tier 2: Intermediate (Rank 1001-2500),2 Cards (Recognition + Recall),MBP-Intermediate
1768474725843,军,"<span class=""tone1"">jūn</span> <!-- jun -->",Army / Military,102,5,No,Tier 1: Core (Rank 1-1000),2 Cards (Recognition + Recall),MBP-Intermediate
1768474725844,农,nóng,Agriculture / Farm,465,5,No,Tier 1: Core (Rank 1-1000),2 Cards (Recognition + Recall),MBP-Intermediate
1768474725845,辑,jí,Edit / Collect,1362,5,No,Tier 2: Intermediate (Rank 1001-2500),2 Cards (Recognition + Recall),MBP-Intermediate
1768474725846,载,"<span class=""tone3"">zǎi</span> <!-- zai -->",Load / Carry / Year,977,5,No,Tier 1: Core (Rank 1-1000),2 Cards (Recognition + Recall),MBP-Intermediate
1768474725847,裁,cái,Cut,1203,5,No,Tier 2: Intermediate (Rank 1001-2500),2 Cards (Recognition + Recall),MBP-Intermediate
1768474725848,戴,dài,Wear (accessories),1228,4,No,Tier 2: Intermediate (Rank 1001-2500),2 Cards (Recognition + Recall),MBP-Intermediate
1768474725849,舟,"<span class=""tone1"">zhōu</span> <!-- zhou -->",Boat / Ship,2224,6,No,Tier 2: Intermediate (Rank 1001-2500),2 Cards (Recognition + Recall),MBP-Intermediate
1768474725850,船,"<span class=""tone2"">chuán</span> <!-- chuan -->",Boat / Ship,614,3,No,Tier 1: Core (Rank 1-1000),2 Cards (Recognition + Recall),MBP-Intermediate
1768474725851,般,"<span class=""tone1"">bān</span> <!-- ban -->",Sort / General,629,3,No,Tier 1: Core (Rank 1-1000),2 Cards (Recognition + Recall),MBP-Intermediate
1768474725852,搬,"<span class=""tone1"">bān</span> <!-- ban -->",Move (heavy items),1766,3,No,Tier 2: Intermediate (Rank 1001-2500),2 Cards (Recognition + Recall),MBP-Intermediate
1768474725853,抗,kàng,Resist / Fight,766,6,No,Tier 1: Core (Rank 1-1000),2 Cards (Recognition + Recall),MBP-Intermediate
1768474725854,航,háng,Sail / Flight,773,4,No,Tier 1: Core (Rank 1-1000),2 Cards (Recognition + Recall),MBP-Intermediate
1768474725855,盘,"<span class=""tone2"">pán</span> <!-- pan -->",Plate / Disk,1049,3,No,Tier 2: Intermediate (Rank 1001-2500),2 Cards (Recognition + Recall),MBP-Intermediate
1768474725856,封,"<span class=""tone1"">fēng</span> <!-- feng -->",to seal/ envelope class,871,4,No,Tier 1: Core (Rank 1-1000),2 Cards (Recognition + Recall),MBP-Intermediate
1768474725857,佳,jiā,Excellent / Good,1583,6,No,Tier 2: Intermediate (Rank 1001-2500),2 Cards (Recognition + Recall),MBP-Intermediate
1768474725858,挂,guà,Hang / Call off,1232,4,No,Tier 2: Intermediate (Rank 1001-2500),2 Cards (Recognition + Recall),MBP-Intermediate
1768474725859,革,gé,Leather / Reform,521,5,No,Tier 1: Core (Rank 1-1000),2 Cards (Recognition + Recall),MBP-Intermediate
1768474725860,鞋,xié,Shoes,1638,3,No,Tier 2: Intermediate (Rank 1001-2500),2 Cards (Recognition + Recall),MBP-Intermediate
1768474725861,街,jiē,Street,1101,3,No,Tier 2: Intermediate (Rank 1001-2500),2 Cards (Recognition + Recall),MBP-Intermediate
1768474725862,策,cè,Policy / Scheme,714,6,No,Tier 1: Core (Rank 1-1000),2 Cards (Recognition + Recall),MBP-Intermediate
1768474725863,符,fú,Symbol / Mark,1205,4,No,Tier 2: Intermediate (Rank 1001-2500),2 Cards (Recognition + Recall),MBP-Intermediate
1768474725864,箱,"<span class=""tone1"">xiāng</span> <!-- xiang -->",Box / Chest,1453,3,No,Tier 2: Intermediate (Rank 1001-2500),2 Cards (Recognition + Recall),MBP-Intermediate
1768474725865,笨,bèn,Stupid,2323,4,No,Tier 2: Intermediate (Rank 1001-2500),2 Cards (Recognition + Recall),MBP-Intermediate
1768474725866,笔,bǐ,Pen,956,2,No,Tier 1: Core (Rank 1-1000),2 Cards (Recognition + Recall),MBP-Intermediate
1768474725867,答,dá,Answer / Reply,559,3,No,Tier 1: Core (Rank 1-1000),2 Cards (Recognition + Recall),MBP-Intermediate
1768474725868,巩,gǒng,Secure / Solid,2384,6,No,Tier 2: Intermediate (Rank 1001-2500),2 Cards (Recognition + Recall),MBP-Intermediate
1768474725869,筑,zhù,Build,1130,5,No,Tier 2: Intermediate (Rank 1001-2500),2 Cards (Recognition + Recall),MBP-Intermediate
1768474725870,恐,"<span class=""tone3"">kǒng</span> <!-- kong -->",Fear / Scared,891,4,No,Tier 1: Core (Rank 1-1000),2 Cards (Recognition + Recall),MBP-Intermediate
1768474725871,委,"<span class=""tone3"">wěi</span> <!-- wei -->",Committee / Entrust,457,5,No,Tier 1: Core (Rank 1-1000),2 Cards (Recognition + Recall),MBP-Intermediate
1768474725872,威,"<span class=""tone1"">wēi</span> <!-- wei -->",Might / Power,622,5,No,Tier 1: Core (Rank 1-1000),2 Cards (Recognition + Recall),MBP-Intermediate
1768474725873,婚,"<span class=""tone1"">hūn</span> <!-- hun -->",Marriage,942,3,No,Tier 1: Core (Rank 1-1000),2 Cards (Recognition + Recall),MBP-Intermediate
1768474725874,媒,méi,Medium / Matchmaker,1506,5,No,Tier 2: Intermediate (Rank 1001-2500),2 Cards (Recognition + Recall),MBP-Intermediate
1768474725875,妇,"<span class=""tone4"">fù</span> <!-- fu -->",Woman / Wife,932,5,No,Tier 1: Core (Rank 1-1000),2 Cards (Recognition + Recall),MBP-Intermediate
1768474725876,妻,qī,Wife,1076,2,No,Tier 2: Intermediate (Rank 1001-2500),2 Cards (Recognition + Recall),MBP-Intermediate
1768474725877,妨,fáng,Hinder / Harm,1873,5,No,Tier 2: Intermediate (Rank 1001-2500),2 Cards (Recognition + Recall),MBP-Intermediate
1768474725878,围,"<span class=""tone2"">wéi</span> <!-- wei -->",Surround / Enclose,576,4,No,Tier 1: Core (Rank 1-1000),2 Cards (Recognition + Recall),MBP-Intermediate
1768474725879,困,"<span class=""tone4"">kùn</span> <!-- kun -->",Difficult / Sleepy,868,4,No,Tier 1: Core (Rank 1-1000),2 Cards (Recognition + Recall),MBP-Intermediate
1768474725880,固,"<span class=""tone4"">gù</span> <!-- gu -->",Solid / Firm,893,5,No,Tier 1: Core (Rank 1-1000),2 Cards (Recognition + Recall),MBP-Intermediate
1768474725881,圆,"<span class=""tone2"">yuán</span> <!-- yuan -->",Round / Circle,1145,5,No,Tier 2: Intermediate (Rank 1001-2500),2 Cards (Recognition + Recall),MBP-Intermediate
1768474725882,卷,juǎn,Roll / Scroll,1016,5,No,Tier 2: Intermediate (Rank 1001-2500),2 Cards (Recognition + Recall),MBP-Intermediate
1768474725883,券,quàn,Ticket / Voucher,1481,6,No,Tier 2: Intermediate (Rank 1001-2500),2 Cards (Recognition + Recall),MBP-Intermediate
1768474725884,圈,quān,Circle / Ring,1366,5,No,Tier 2: Intermediate (Rank 1001-2500),2 Cards (Recognition + Recall),MBP-Intermediate
1768474725885,窗,chuāng,Window,1074,4,No,Tier 2: Intermediate (Rank 1001-2500),2 Cards (Recognition + Recall),MBP-Intermediate
1768474725886,帘,lián,Curtain,2458,5,No,Tier 2: Intermediate (Rank 1001-2500),2 Cards (Recognition + Recall),MBP-Intermediate
1768474725887,布,"<span class=""tone4"">bù</span> <!-- bu -->",Cloth / Spread,380,5,No,Tier 1: Core (Rank 1-1000),2 Cards (Recognition + Recall),MBP-Intermediate
1768474725888,币,bì,Currency / Money,1188,5,No,Tier 2: Intermediate (Rank 1001-2500),2 Cards (Recognition + Recall),MBP-Intermediate
1768474725889,闹,nào,Noisy / Rowdy,1336,4,No,Tier 2: Intermediate (Rank 1001-2500),2 Cards (Recognition + Recall),MBP-Intermediate
1768474725890,冒,"<span class=""tone4"">mào</span> <!-- mao -->",Emit / Risk,1222,3,No,Tier 2: Intermediate (Rank 1001-2500),2 Cards (Recognition + Recall),MBP-Intermediate
1768474725891,帽,"<span class=""tone4"">mào</span> <!-- mao -->",Hat,1750,3,No,Tier 2: Intermediate (Rank 1001-2500),2 Cards (Recognition + Recall),MBP-Intermediate
1768474725892,套,tào,Cover / Set,1091,5,No,Tier 2: Intermediate (Rank 1001-2500),2 Cards (Recognition + Recall),MBP-Intermediate
1768474725893,录,lù,Record,919,5,No,Tier 1: Core (Rank 1-1000),2 Cards (Recognition + Recall),MBP-Intermediate
1768474725894,绿,lǜ,Green,1088,3,No,Tier 2: Intermediate (Rank 1001-2500),2 Cards (Recognition + Recall),MBP-Intermediate
1768474725895,兼,"<span class=""tone1"">jiān</span> <!-- jian -->",Simultaneous,1515,5,No,Tier 2: Intermediate (Rank 1001-2500),2 Cards (Recognition + Recall),MBP-Intermediate
1768474725896,赚,zhuàn,Earn / Gain,2182,4,No,Tier 2: Intermediate (Rank 1001-2500),2 Cards (Recognition + Recall),MBP-Intermediate
1768474725897,歉,qiàn,Apologize / Regret,2149,4,No,Tier 2: Intermediate (Rank 1001-2500),2 Cards (Recognition + Recall),MBP-Intermediate
1768474725898,谦,qiān,Humble,2345,5,No,Tier 2: Intermediate (Rank 1001-2500),2 Cards (Recognition + Recall),MBP-Intermediate
1768474725899,初,chū,First / Early,667,5,No,Tier 1: Core (Rank 1-1000),2 Cards (Recognition + Recall),MBP-Intermediate
1768474725900,彻,chè,Thorough,1240,5,No,Tier 2: Intermediate (Rank 1001-2500),2 Cards (Recognition + Recall),MBP-Intermediate
1768474725901,补,bǔ,Repair / Patch,944,5,No,Tier 1: Core (Rank 1-1000),2 Cards (Recognition + Recall),MBP-Intermediate
1768474725902,裤,kù,Pants,2090,3,No,Tier 2: Intermediate (Rank 1001-2500),2 Cards (Recognition + Recall),MBP-Intermediate
1768474725903,裙,"<span class=""tone2"">qún</span> <!-- qun -->",Skirt,2431,3,No,Tier 2: Intermediate (Rank 1001-2500),2 Cards (Recognition + Recall),MBP-Intermediate
1768474725904,衫,shān,Shirt,2153,3,No,Tier 2: Intermediate (Rank 1001-2500),2 Cards (Recognition + Recall),MBP-Intermediate
1768474725905,衬,chèn,Undergarment / Line,2502,3,No,Tier 3: Lower-Freq (Rank 2501-3500),2 Cards or 1 Card,MBP-Intermediate
1768474725906,袜,wà,Socks,3045,4,No,Tier 4: Rare / Surname (>3500 or Unranked),1 Card (Recognition Only),MBP-Intermediate
1768474725907,略,lüè,Strategy / Omit,704,5,No,Tier 1: Core (Rank 1-1000),2 Cards (Recognition + Recall),MBP-Intermediate
1768474725908,画,huà,Painting / Draw,883,3,No,Tier 1: Core (Rank 1-1000),2 Cards (Recognition + Recall),MBP-Intermediate
1768474725909,雷,léi,Thunder,686,5,No,Tier 1: Core (Rank 1-1000),2 Cards (Recognition + Recall),MBP-Intermediate
1768474725910,甲,jiǎ,Shell / First,1106,5,No,Tier 2: Intermediate (Rank 1001-2500),2 Cards (Recognition + Recall),MBP-Intermediate
1768474725911,鼻,bí,Nose,1335,3,No,Tier 2: Intermediate (Rank 1001-2500),2 Cards (Recognition + Recall),MBP-Intermediate
1768474725912,畏,"<span class=""tone4"">wèi</span> <!-- wei -->",Fear,2039,6,No,Tier 2: Intermediate (Rank 1001-2500),2 Cards (Recognition + Recall),MBP-Intermediate
1768474725913,喂,wèi,Feed / Hello,1988,1,No,Tier 2: Intermediate (Rank 1001-2500),2 Cards (Recognition + Recall),MBP-Intermediate
1768474725914,针,zhēn,Needle,1116,4,No,Tier 2: Intermediate (Rank 1001-2500),2 Cards (Recognition + Recall),MBP-Intermediate
1768474725915,镇,zhèn,Town / Calm,1002,6,No,Tier 2: Intermediate (Rank 1001-2500),2 Cards (Recognition + Recall),MBP-Intermediate
1768474725916,钢,gāng,Steel,1609,4,No,Tier 2: Intermediate (Rank 1001-2500),2 Cards (Recognition + Recall),MBP-Intermediate
1768474725917,键,jiàn,Key,1471,4,No,Tier 2: Intermediate (Rank 1001-2500),2 Cards (Recognition + Recall),MBP-Intermediate
1768474725919,铅,qiān,Lead (metal),2641,2,No,Tier 3: Lower-Freq (Rank 2501-3500),2 Cards or 1 Card,MBP-Intermediate
1768474725920,钥,yuè,Key,2481,4,No,Tier 2: Intermediate (Rank 1001-2500),2 Cards (Recognition + Recall),MBP-Intermediate
1768474725921,匙,shi,Spoon,2476,4,Yes,Tier 2: Intermediate (Rank 1001-2500),2 Cards (Recognition + Recall),MBP-Intermediate
1768474725922,乔,"<span class=""tone2"">qiáo</span> <!-- qiao -->",Tall / Disguise,1488,N/A,No,Tier 2: Intermediate (Rank 1001-2500),2 Cards (Recognition + Recall),MBP-Intermediate
1768474725923,骄,"<span class=""tone1"">jiāo</span> <!-- jiao -->",Proud,2248,4,No,Tier 2: Intermediate (Rank 1001-2500),2 Cards (Recognition + Recall),MBP-Intermediate
1768474725924,桥,"<span class=""tone2"">qiáo</span> <!-- qiao -->",Bridge,1292,4,No,Tier 2: Intermediate (Rank 1001-2500),2 Cards (Recognition + Recall),MBP-Intermediate
1768474725925,鸟,niǎo,Bird,1263,3,No,Tier 2: Intermediate (Rank 1001-2500),2 Cards (Recognition + Recall),MBP-Intermediate
1768474725926,鸡,jī,Chicken,1391,2,No,Tier 2: Intermediate (Rank 1001-2500),2 Cards (Recognition + Recall),MBP-Intermediate
1768474725927,岛,dǎo,Island,798,5,No,Tier 1: Core (Rank 1-1000),2 Cards (Recognition + Recall),MBP-Intermediate
1768474725928,鸭,"<span class=""tone1"">yā</span> <!-- ya -->",Duck,2133,4,No,Tier 2: Intermediate (Rank 1001-2500),2 Cards (Recognition + Recall),MBP-Intermediate
1768474725929,灵,líng,Soul / Agile,734,5,No,Tier 1: Core (Rank 1-1000),2 Cards (Recognition + Recall),MBP-Intermediate
1768474725930,烟,yān,Smoke / Cigarette,967,4,No,Tier 1: Core (Rank 1-1000),2 Cards (Recognition + Recall),MBP-Intermediate
1768474725931,炎,yán,Flame / Inflammation,1324,6,No,Tier 2: Intermediate (Rank 1001-2500),2 Cards (Recognition + Recall),MBP-Intermediate
1768474725932,炼,liàn,Refine / Exercise,1763,3,No,Tier 2: Intermediate (Rank 1001-2500),2 Cards (Recognition + Recall),MBP-Intermediate
1768474725933,烧,shāo,Burn / Roast / Fever,1201,3,No,Tier 2: Intermediate (Rank 1001-2500),2 Cards (Recognition + Recall),MBP-Intermediate
1768474725934,绕,rào,Wind / Coil / Bypass,1485,5,No,Tier 2: Intermediate (Rank 1001-2500),2 Cards (Recognition + Recall),MBP-Intermediate
1768474725935,浇,"<span class=""tone1"">jiāo</span> <!-- jiao -->",Pour / Water (plants),2866,5,No,Tier 3: Lower-Freq (Rank 2501-3500),2 Cards or 1 Card,MBP-Intermediate
1768474725936,部,bù,Part / Section,84,4,No,Tier 1: Core (Rank 1-1000),2 Cards (Recognition + Recall),MBP-Intermediate
1768474725937,隔,gé,Separate,1319,5,No,Tier 2: Intermediate (Rank 1001-2500),2 Cards (Recognition + Recall),MBP-Intermediate
1768474725938,款,kuǎn,Fund / Style,807,4,No,Tier 1: Core (Rank 1-1000),2 Cards (Recognition + Recall),MBP-Intermediate
1768474725939,资,zī,Resources / Capital,257,4,No,Tier 1: Core (Rank 1-1000),2 Cards (Recognition + Recall),MBP-Intermediate
1768474725940,货,huò,Goods / Cargo,818,4,No,Tier 1: Core (Rank 1-1000),2 Cards (Recognition + Recall),MBP-Intermediate
1768474725941,赞,zàn,Praise / Support,1179,5,No,Tier 2: Intermediate (Rank 1001-2500),2 Cards (Recognition + Recall),MBP-Intermediate
1768474725942,雕,"<span class=""tone1"">diāo</span> <!-- diao -->",Sculpt / Engrave,1829,6,No,Tier 2: Intermediate (Rank 1001-2500),2 Cards (Recognition + Recall),MBP-Intermediate
1768474725943,调,tiáo,Adjust / Investigate,400,3,No,Tier 1: Core (Rank 1-1000),2 Cards (Recognition + Recall),MBP-Intermediate
1768474725944,设,"<span class=""tone4"">shè</span> <!-- she -->",Design / Setup,302,5,No,Tier 1: Core (Rank 1-1000),2 Cards (Recognition + Recall),MBP-Intermediate
1768474725945,罚,fá,Punish / Fine,1215,5,No,Tier 2: Intermediate (Rank 1001-2500),2 Cards (Recognition + Recall),MBP-Intermediate
1768474725946,剑,jiàn,Sword,869,6,No,Tier 1: Core (Rank 1-1000),2 Cards (Recognition + Recall),MBP-Intermediate
1768474725947,允,yǔn,Permit / Allow,1443,4,No,Tier 2: Intermediate (Rank 1001-2500),2 Cards (Recognition + Recall),MBP-Intermediate
1768474725948,许,xǔ,Allow / Perhaps,263,4,No,Tier 1: Core (Rank 1-1000),2 Cards (Recognition + Recall),MBP-Intermediate
1768474725949,谋,móu,Plan / Plot,989,6,No,Tier 1: Core (Rank 1-1000),2 Cards (Recognition + Recall),MBP-Intermediate
1768474725950,煤,"<span class=""tone2"">méi</span> <!-- mei -->",Coal,1740,5,No,Tier 2: Intermediate (Rank 1001-2500),2 Cards (Recognition + Recall),MBP-Intermediate
1768474725951,灭,"<span class=""tone4"">miè</span> <!-- mie -->",Extinguish / Destroy,953,6,No,Tier 1: Core (Rank 1-1000),2 Cards (Recognition + Recall),MBP-Intermediate
1768474725952,炸,zhà,Explode / Fry,976,5,No,Tier 1: Core (Rank 1-1000),2 Cards (Recognition + Recall),MBP-Intermediate
1768474725953,储,chǔ,Store / Save,1526,6,No,Tier 2: Intermediate (Rank 1001-2500),2 Cards (Recognition + Recall),MBP-Intermediate
1768474725954,伟,"<span class=""tone3"">wěi</span> <!-- wei -->",Great,1107,5,No,Tier 2: Intermediate (Rank 1001-2500),2 Cards (Recognition + Recall),MBP-Intermediate
1768474725955,侧,cè,Side,1220,6,No,Tier 2: Intermediate (Rank 1001-2500),2 Cards (Recognition + Recall),MBP-Intermediate
1768474725956,侵,"<span class=""tone1"">qīn</span> <!-- qin -->",Invade,1086,6,No,Tier 2: Intermediate (Rank 1001-2500),2 Cards (Recognition + Recall),MBP-Intermediate
1768474725957,伦,lún,Ethics / London,970,6,No,Tier 1: Core (Rank 1-1000),2 Cards (Recognition + Recall),MBP-Intermediate
1768474725958,轮,lún,Wheel / Rotate,1096,5,No,Tier 2: Intermediate (Rank 1001-2500),2 Cards (Recognition + Recall),MBP-Intermediate
1768474725959,亿,yì,100 Million,1057,5,No,Tier 2: Intermediate (Rank 1001-2500),2 Cards (Recognition + Recall),MBP-Intermediate
1768474725960,迅,xùn,Fast / Swift,1090,5,No,Tier 2: Intermediate (Rank 1001-2500),2 Cards (Recognition + Recall),MBP-Intermediate
1768474725961,速,sù,Speed / Fast,617,4,No,Tier 1: Core (Rank 1-1000),2 Cards (Recognition + Recall),MBP-Intermediate
1768474725962,迫,pò,Force / Pressing,1006,5,No,Tier 2: Intermediate (Rank 1001-2500),2 Cards (Recognition + Recall),MBP-Intermediate
1768474725963,荐,jiàn,Recommend,2367,5,No,Tier 2: Intermediate (Rank 1001-2500),2 Cards (Recognition + Recall),MBP-Intermediate
1768474725964,菌,jūn,Bacteria / Fungi,1733,6,No,Tier 2: Intermediate (Rank 1001-2500),2 Cards (Recognition + Recall),MBP-Intermediate
1768474725965,团,tuán,Group / Round,405,5,No,Tier 1: Core (Rank 1-1000),2 Cards (Recognition + Recall),MBP-Intermediate
1768474725966,闭,bì,Close,1267,5,No,Tier 2: Intermediate (Rank 1001-2500),2 Cards (Recognition + Recall),MBP-Intermediate
1768474725967,闪,"<span class=""tone3"">shǎn</span> <!-- shan -->",Flash / Dodge,1113,5,No,Tier 2: Intermediate (Rank 1001-2500),2 Cards (Recognition + Recall),MBP-Intermediate
1768474725968,喊,"<span class=""tone3"">hǎn</span> <!-- han -->",Shout / Yell,1183,5,No,Tier 2: Intermediate (Rank 1001-2500),2 Cards (Recognition + Recall),MBP-Intermediate
1768474725969,启,"<span class=""tone3"">qǐ</span> <!-- qi -->",Open / Start,1320,5,No,Tier 2: Intermediate (Rank 1001-2500),2 Cards (Recognition + Recall),MBP-Intermediate
1768474725970,罢,"<span class=""tone4"">bà</span> <!-- ba -->",Work strike/ Stop / Quit,1305,6,No,Tier 2: Intermediate (Rank 1001-2500),2 Cards (Recognition + Recall),"MBP-Intermediate, MBP-Upper"
1768474725971,摆,bǎi,Put / Sway,1158,5,No,Tier 2: Intermediate (Rank 1001-2500),2 Cards (Recognition + Recall),"MBP-Intermediate, MBP-Upper"
1768474725972,握,wò,Grasp / Shake hands,1032,5,No,Tier 2: Intermediate (Rank 1001-2500),2 Cards (Recognition + Recall),"MBP-Intermediate, MBP-Upper"
1768474725973,摇,yáo,Shake / Sway,940,5,No,Tier 1: Core (Rank 1-1000),2 Cards (Recognition + Recall),"MBP-Intermediate, MBP-Upper"
1768474725974,抵,dǐ,Resist / Mortgage,1119,6,No,Tier 2: Intermediate (Rank 1001-2500),2 Cards (Recognition + Recall),"MBP-Intermediate, MBP-Upper"
1768474725975,援,yuán,Support / Aid,1197,6,No,Tier 2: Intermediate (Rank 1001-2500),2 Cards (Recognition + Recall),"MBP-Intermediate, MBP-Upper"
1768474725976,搭,dā,Match / Build,1842,6,No,Tier 2: Intermediate (Rank 1001-2500),2 Cards (Recognition + Recall),"MBP-Intermediate, MBP-Upper"
1768474725977,忽,hū,Sudden / Neglect,912,5,No,Tier 1: Core (Rank 1-1000),2 Cards (Recognition + Recall),"MBP-Intermediate, MBP-Upper"
1768474725978,惠,huì,Benefit / Favor,1524,5,No,Tier 2: Intermediate (Rank 1001-2500),2 Cards (Recognition + Recall),"MBP-Intermediate, MBP-Upper"
1768474725979,甜,tián,Sweet,2020,3,No,Tier 2: Intermediate (Rank 1001-2500),2 Cards (Recognition + Recall),"MBP-Intermediate, MBP-Upper"
1768474725980,墙,"<span class=""tone2"">qiáng</span> <!-- qiang -->",Wall,1212,5,No,Tier 2: Intermediate (Rank 1001-2500),2 Cards (Recognition + Recall),"MBP-Intermediate, MBP-Upper"
1768474725981,碰,"<span class=""tone4"">pèng</span> <!-- peng -->",Touch / Bump,1371,5,No,Tier 2: Intermediate (Rank 1001-2500),2 Cards (Recognition + Recall),"MBP-Intermediate, MBP-Upper"
1768474725982,坦,tǎn,Frank / Flat,1017,5,No,Tier 2: Intermediate (Rank 1001-2500),2 Cards (Recognition + Recall),"MBP-Intermediate, MBP-Upper"
1768474725983,胆,"<span class=""tone3"">dǎn</span> <!-- dan -->",Courage / Gall,1352,5,No,Tier 2: Intermediate (Rank 1001-2500),2 Cards (Recognition + Recall),"MBP-Intermediate, MBP-Upper"
1768474725984,朗,lǎng,Bright,1276,5,No,Tier 2: Intermediate (Rank 1001-2500),2 Cards (Recognition + Recall),"MBP-Intermediate, MBP-Upper"
1768474725985,肠,cháng,Intestine,1921,5,No,Tier 2: Intermediate (Rank 1001-2500),2 Cards (Recognition + Recall),"MBP-Intermediate, MBP-Upper"
1768474725986,销,xiāo,Sell,904,5,No,Tier 1: Core (Rank 1-1000),2 Cards (Recognition + Recall),"MBP-Intermediate, MBP-Upper"
1768474725987,锋,"<span class=""tone1"">fēng</span> <!-- feng -->",Sharp / Vanguard,1671,6,No,Tier 2: Intermediate (Rank 1001-2500),2 Cards (Recognition + Recall),"MBP-Intermediate, MBP-Upper"
1768474725988,雄,"<span class=""tone2"">xióng</span> <!-- xiong -->",Hero / Male,1054,5,No,Tier 2: Intermediate (Rank 1001-2500),2 Cards (Recognition + Recall),"MBP-Intermediate, MBP-Upper"
1768474725989,截,jié,Cut off / Section,1552,6,No,Tier 2: Intermediate (Rank 1001-2500),2 Cards (Recognition + Recall),"MBP-Intermediate, MBP-Upper"
1768474725990,替,tì,Replace,1079,5,No,Tier 2: Intermediate (Rank 1001-2500),2 Cards (Recognition + Recall),"MBP-Intermediate, MBP-Upper"
1768474725991,潜,qián,Hidden / Dive,1112,6,No,Tier 2: Intermediate (Rank 1001-2500),2 Cards (Recognition + Recall),"MBP-Intermediate, MBP-Upper"
1768474725992,泪,"<span class=""tone4"">lèi</span> <!-- lei -->",Tears,1271,5,No,Tier 2: Intermediate (Rank 1001-2500),2 Cards (Recognition + Recall),"MBP-Intermediate, MBP-Upper"
1768474725993,涉,shè,Involve / Wade,1239,6,No,Tier 2: Intermediate (Rank 1001-2500),2 Cards (Recognition + Recall),"MBP-Intermediate, MBP-Upper"
1768474725994,漫,màn,Overflow / Boundless / Comic,1455,4,No,Tier 2: Intermediate (Rank 1001-2500),2 Cards (Recognition + Recall),"MBP-Intermediate, MBP-Upper"
1768474725995,婆,pó,Old woman,1347,5,No,Tier 2: Intermediate (Rank 1001-2500),2 Cards (Recognition + Recall),"MBP-Intermediate, MBP-Upper"
1768474725996,洁,"<span class=""tone2"">jié</span> <!-- jie -->",Clean,1531,6,No,Tier 2: Intermediate (Rank 1001-2500),2 Cards (Recognition + Recall),"MBP-Intermediate, MBP-Upper"
1768474725997,浓,nóng,Thick / Concentrated,1585,5,No,Tier 2: Intermediate (Rank 1001-2500),2 Cards (Recognition + Recall),"MBP-Intermediate, MBP-Upper"
1768474725998,岸,àn,Shore / Coast,971,5,No,Tier 1: Core (Rank 1-1000),2 Cards (Recognition + Recall),"MBP-Intermediate, MBP-Upper"
1768474725999,废,fèi,Waste / Useless,1376,5,No,Tier 2: Intermediate (Rank 1001-2500),2 Cards (Recognition + Recall),"MBP-Intermediate, MBP-Upper"
1768474726000,触,"<span class=""tone4"">chù</span> <!-- chu -->",Touch,1207,5,No,Tier 2: Intermediate (Rank 1001-2500),2 Cards (Recognition + Recall),"MBP-Intermediate, MBP-Upper"
1768474726001,麦,mài,Wheat,1171,5,No,Tier 2: Intermediate (Rank 1001-2500),2 Cards (Recognition + Recall),"MBP-Intermediate, MBP-Upper"
1768474726002,珍,"<span class=""tone1"">zhēn</span> <!-- zhen -->",Precious,1314,5,No,Tier 2: Intermediate (Rank 1001-2500),2 Cards (Recognition + Recall),"MBP-Intermediate, MBP-Upper"
1768474726003,珠,zhū,Bead / Pearl,1286,6,No,Tier 2: Intermediate (Rank 1001-2500),2 Cards (Recognition + Recall),"MBP-Intermediate, MBP-Upper"
1768474726004,旗,qí,Flag,1407,6,No,Tier 2: Intermediate (Rank 1001-2500),2 Cards (Recognition + Recall),"MBP-Intermediate, MBP-Upper"
1768474726005,祖,"<span class=""tone3"">zǔ</span> <!-- zu -->",Ancestor,1025,6,No,Tier 2: Intermediate (Rank 1001-2500),2 Cards (Recognition + Recall),"MBP-Intermediate, MBP-Upper"
1768474726006,敏,"<span class=""tone3"">mǐn</span> <!-- min -->",Alergy / Sensitive / Agile,1436,5,No,Tier 2: Intermediate (Rank 1001-2500),2 Cards (Recognition + Recall),"MBP-Intermediate, MBP-Upper"
1768474726007,繁,"<span class=""tone2"">fán</span> <!-- fan -->",Numerous / Busy,1296,5,No,Tier 2: Intermediate (Rank 1001-2500),2 Cards (Recognition + Recall),"MBP-Intermediate, MBP-Upper"
1768474726008,紫,zǐ,Purple,1646,5,Yes,Tier 2: Intermediate (Rank 1001-2500),2 Cards (Recognition + Recall),"MBP-Intermediate, MBP-Upper"
1768474726009,梅,"<span class=""tone2"">méi</span> <!-- mei -->",Plum,1159,N/A,Yes,Tier 2: Intermediate (Rank 1001-2500),2 Cards (Recognition + Recall),"MBP-Intermediate, MBP-Upper"
1768474726010,闲,xián,Leisure / Idle,1529,5,No,Tier 2: Intermediate (Rank 1001-2500),2 Cards (Recognition + Recall),"MBP-Intermediate, MBP-Upper"
1768474726011,杰,jié,Heroic / Outstanding,1129,6,No,Tier 2: Intermediate (Rank 1001-2500),2 Cards (Recognition + Recall),"MBP-Intermediate, MBP-Upper"
1768474726012,棉,mián,Cotton,1967,6,No,Tier 2: Intermediate (Rank 1001-2500),2 Cards (Recognition + Recall),"MBP-Intermediate, MBP-Upper"
1768474726013,横,héng,Horizontal,1330,6,No,Tier 2: Intermediate (Rank 1001-2500),2 Cards (Recognition + Recall),"MBP-Intermediate, MBP-Upper"
1768474726014,纵,zòng,Vertical / Release,1236,6,No,Tier 2: Intermediate (Rank 1001-2500),2 Cards (Recognition + Recall),"MBP-Intermediate, MBP-Upper"
1768474726015,杆,gān,Pole / Rod,2011,6,No,Tier 2: Intermediate (Rank 1001-2500),2 Cards (Recognition + Recall),"MBP-Intermediate, MBP-Upper"
1768474726016,刊,"<span class=""tone1"">kān</span> <!-- kan -->",Publication,1241,6,No,Tier 2: Intermediate (Rank 1001-2500),2 Cards (Recognition + Recall),"MBP-Intermediate, MBP-Upper"
1768474726017,肝,gān,Liver,1760,N/A,No,Tier 2: Intermediate (Rank 1001-2500),2 Cards (Recognition + Recall),"MBP-Intermediate, MBP-Upper"
1768474726018,腰,"<span class=""tone1"">yāo</span> <!-- yao -->",Waist,1458,5,No,Tier 2: Intermediate (Rank 1001-2500),2 Cards (Recognition + Recall),"MBP-Intermediate, MBP-Upper"
1768474726019,肺,fèi,Lung,2044,6,No,Tier 2: Intermediate (Rank 1001-2500),2 Cards (Recognition + Recall),"MBP-Intermediate, MBP-Upper"
1768474726020,胃,"<span class=""tone4"">wèi</span> <!-- wei -->",Stomach,1957,5,No,Tier 2: Intermediate (Rank 1001-2500),2 Cards (Recognition + Recall),"MBP-Intermediate, MBP-Upper"
1768474726021,谓,"<span class=""tone4"">wèi</span> <!-- wei -->",Say / Call,945,5,No,Tier 1: Core (Rank 1-1000),2 Cards (Recognition + Recall),"MBP-Intermediate, MBP-Upper"
1768474726022,诗,"<span class=""tone1"">shī</span> <!-- shi -->",Poem,906,5,No,Tier 1: Core (Rank 1-1000),2 Cards (Recognition + Recall),"MBP-Intermediate, MBP-Upper"
1768474726023,询,xún,Inquire,1617,5,No,Tier 2: Intermediate (Rank 1001-2500),2 Cards (Recognition + Recall),"MBP-Intermediate, MBP-Upper"
1768474726024,诞,dàn,Birth,1997,6,No,Tier 2: Intermediate (Rank 1001-2500),2 Cards (Recognition + Recall),"MBP-Intermediate, MBP-Upper"
1768474726025,诸,zhū,Many / Various,1021,6,Yes,Tier 2: Intermediate (Rank 1001-2500),2 Cards (Recognition + Recall),"MBP-Intermediate, MBP-Upper"
1768474726026,奔,bēn,Run fast / Flee,1285,6,No,Tier 2: Intermediate (Rank 1001-2500),2 Cards (Recognition + Recall),"MBP-Intermediate, MBP-Upper"
1768474726027,尖,jiān,Pointed / Sharp,1321,6,No,Tier 2: Intermediate (Rank 1001-2500),2 Cards (Recognition + Recall),"MBP-Intermediate, MBP-Upper"
1768474726028,夸,kuā,Exaggerate / Praise,1955,5,No,Tier 2: Intermediate (Rank 1001-2500),2 Cards (Recognition + Recall),"MBP-Intermediate, MBP-Upper"
1768474726029,跨,kuà,Stride / Cross,1774,6,No,Tier 2: Intermediate (Rank 1001-2500),2 Cards (Recognition + Recall),"MBP-Intermediate, MBP-Upper"
1768474726030,垮,kuǎ,Collapse,2674,N/A,No,Tier 3: Lower-Freq (Rank 2501-3500),2 Cards or 1 Card,"MBP-Intermediate, MBP-Upper"
1768474726031,挎,kuà,Carry on arm,4005,6,No,Tier 4: Rare / Surname (>3500 or Unranked),1 Card (Recognition Only),"MBP-Intermediate, MBP-Upper"
1768474726032,扣,"<span class=""tone4"">kòu</span> <!-- kou -->",Button / Deduct,1625,6,No,Tier 2: Intermediate (Rank 1001-2500),2 Cards (Recognition + Recall),"MBP-Intermediate, MBP-Upper"
1768474726033,撞,zhuàng,Bump / Crash,1540,5,No,Tier 2: Intermediate (Rank 1001-2500),2 Cards (Recognition + Recall),"MBP-Intermediate, MBP-Upper"
1768474726034,摸,mō,Touch / Feel,1367,5,No,Tier 2: Intermediate (Rank 1001-2500),2 Cards (Recognition + Recall),"MBP-Intermediate, MBP-Upper"
1768474726035,拔,"<span class=""tone2"">bá</span> <!-- ba -->",Pull up,1502,6,No,Tier 2: Intermediate (Rank 1001-2500),2 Cards (Recognition + Recall),"MBP-Intermediate, MBP-Upper"
1768474726036,振,zhèn,Shake / Rouse,1140,5,No,Tier 2: Intermediate (Rank 1001-2500),2 Cards (Recognition + Recall),"MBP-Intermediate, MBP-Upper"
1768474726037,拖,tuō,Drag / Delay,1492,6,No,Tier 2: Intermediate (Rank 1001-2500),2 Cards (Recognition + Recall),"MBP-Intermediate, MBP-Upper"
1768474726038,拼,"<span class=""tone1"">pīn</span> <!-- pin -->",Piece together,1820,5,No,Tier 2: Intermediate (Rank 1001-2500),2 Cards (Recognition + Recall),"MBP-Intermediate, MBP-Upper"
1768474726039,拆,chāi,Tear down,2076,5,No,Tier 2: Intermediate (Rank 1001-2500),2 Cards (Recognition + Recall),"MBP-Intermediate, MBP-Upper"
1768474726040,扎,zhā,Prick / Tie,1411,6,No,Tier 2: Intermediate (Rank 1001-2500),2 Cards (Recognition + Recall),"MBP-Intermediate, MBP-Upper"
1768474726041,乳,rǔ,Milk / Breast,1831,6,No,Tier 2: Intermediate (Rank 1001-2500),2 Cards (Recognition + Recall),"MBP-Intermediate, MBP-Upper"
1768474726042,浮,fú,Float,1462,6,No,Tier 2: Intermediate (Rank 1001-2500),2 Cards (Recognition + Recall),"MBP-Intermediate, MBP-Upper"
1768474726043,泥,ní,Mud,1499,6,No,Tier 2: Intermediate (Rank 1001-2500),2 Cards (Recognition + Recall),"MBP-Intermediate, MBP-Upper"
1768474726044,湿,"<span class=""tone1"">shī</span> <!-- shi -->",Wet / Damp,1743,5,No,Tier 2: Intermediate (Rank 1001-2500),2 Cards (Recognition + Recall),"MBP-Intermediate, MBP-Upper"
1768474726045,沿,"<span class=""tone2"">yán</span> <!-- yan -->",Along,1182,6,No,Tier 2: Intermediate (Rank 1001-2500),2 Cards (Recognition + Recall),"MBP-Intermediate, MBP-Upper"
1768474726046,泡,"<span class=""tone1"">pāo</span> <!-- pao -->",Bubble / Soak,2000,6,No,Tier 2: Intermediate (Rank 1001-2500),2 Cards (Recognition + Recall),"MBP-Intermediate, MBP-Upper"
1768474726047,炮,"<span class=""tone1"">bāo</span> <!-- bao -->",Cannon,914,5,No,Tier 1: Core (Rank 1-1000),2 Cards (Recognition + Recall),"MBP-Intermediate, MBP-Upper"
1768474726048,灰,"<span class=""tone1"">huī</span> <!-- hui -->",Grey / Ash,1311,5,No,Tier 2: Intermediate (Rank 1001-2500),2 Cards (Recognition + Recall),"MBP-Intermediate, MBP-Upper"
1768474726049,晓,"<span class=""tone3"">xiǎo</span> <!-- xiao -->",Dawn / Know,1357,6,No,Tier 2: Intermediate (Rank 1001-2500),2 Cards (Recognition + Recall),"MBP-Intermediate, MBP-Upper"
1768474726050,曹,"<span class=""tone2"">cáo</span> <!-- cao -->",(Surname),1570,N/A,Yes,Tier 2: Intermediate (Rank 1001-2500),2 Cards (Recognition + Recall),"MBP-Intermediate, MBP-Upper"
1768474726051,遭,zāo,Encounter (bad),1048,6,No,Tier 2: Intermediate (Rank 1001-2500),2 Cards (Recognition + Recall),"MBP-Intermediate, MBP-Upper"
1768474726052,糟,zāo,Messy / Bad,1918,5,No,Tier 2: Intermediate (Rank 1001-2500),2 Cards (Recognition + Recall),"MBP-Intermediate, MBP-Upper"
1768474726053,糕,gāo,Cake,2413,3,No,Tier 2: Intermediate (Rank 1001-2500),2 Cards (Recognition + Recall),"MBP-Intermediate, MBP-Upper"
1768474726054,粮,liáng,Grain / Food,1303,5,No,Tier 2: Intermediate (Rank 1001-2500),2 Cards (Recognition + Recall),"MBP-Intermediate, MBP-Upper"
1768474726055,凡,"<span class=""tone2"">fán</span> <!-- fan -->",Ordinary,1013,6,No,Tier 2: Intermediate (Rank 1001-2500),2 Cards (Recognition + Recall),"MBP-Intermediate, MBP-Upper"
1768474726056,洞,dòng,Cave / Hole,1015,5,No,Tier 2: Intermediate (Rank 1001-2500),2 Cards (Recognition + Recall),"MBP-Intermediate, MBP-Upper"
1768474726057,铜,tóng,Copper,1772,6,No,Tier 2: Intermediate (Rank 1001-2500),2 Cards (Recognition + Recall),"MBP-Intermediate, MBP-Upper"
1768474726058,铺,pū,Spread / Shop,1613,6,No,Tier 2: Intermediate (Rank 1001-2500),2 Cards (Recognition + Recall),"MBP-Intermediate, MBP-Upper"
1768474726059,锁,"<span class=""tone3"">suǒ</span> <!-- suo -->",Lock,1558,5,No,Tier 2: Intermediate (Rank 1001-2500),2 Cards (Recognition + Recall),"MBP-Intermediate, MBP-Upper"
1768474726060,赏,"<span class=""tone3"">shǎng</span> <!-- shang -->",Appreciate / Award,1450,5,No,Tier 2: Intermediate (Rank 1001-2500),2 Cards (Recognition + Recall),"MBP-Intermediate, MBP-Upper"
1768474726061,账,zhàng,Account / Bill,2179,5,No,Tier 2: Intermediate (Rank 1001-2500),2 Cards (Recognition + Recall),"MBP-Intermediate, MBP-Upper"
1768474726062,贺,"<span class=""tone4"">hè</span> <!-- he -->",Congratulate,1690,4,No,Tier 2: Intermediate (Rank 1001-2500),2 Cards (Recognition + Recall),"MBP-Intermediate, MBP-Upper"
1768474726063,茄,"<span class=""tone1"">qie/jiā</span> <!-- jia -->",Eggplant,3136,N/A,No,Tier 4: Rare / Surname (>3500 or Unranked),1 Card (Recognition Only),"MBP-Intermediate, MBP-Upper"
1768474726064,驾,jià,Drive,1567,5,No,Tier 2: Intermediate (Rank 1001-2500),2 Cards (Recognition + Recall),"MBP-Intermediate, MBP-Upper"
1768474726065,驶,shǐ,Drive / Sail,1520,5,No,Tier 2: Intermediate (Rank 1001-2500),2 Cards (Recognition + Recall),"MBP-Intermediate, MBP-Upper"
1768474726066,驻,zhù,Stationed,1288,6,No,Tier 2: Intermediate (Rank 1001-2500),2 Cards (Recognition + Recall),"MBP-Intermediate, MBP-Upper"
1768474726067,乌,wū,Crow / Black,1244,6,No,Tier 2: Intermediate (Rank 1001-2500),2 Cards (Recognition + Recall),"MBP-Intermediate, MBP-Upper"
1768474726068,塔,tǎ,Tower / Pagoda,1030,6,No,Tier 2: Intermediate (Rank 1001-2500),2 Cards (Recognition + Recall),"MBP-Intermediate, MBP-Upper"
1768474726069,坡,pō,Slope,1550,6,No,Tier 2: Intermediate (Rank 1001-2500),2 Cards (Recognition + Recall),"MBP-Intermediate, MBP-Upper"
1768474726070,壁,bì,Wall,1380,5,No,Tier 2: Intermediate (Rank 1001-2500),2 Cards (Recognition + Recall),"MBP-Intermediate, MBP-Upper"
1768474726071,勤,"<span class=""tone2"">qín</span> <!-- qin -->",Diligent,1565,5,No,Tier 2: Intermediate (Rank 1001-2500),2 Cards (Recognition + Recall),"MBP-Intermediate, MBP-Upper"
1768474726072,幼,yòu,Young / Child,1577,5,No,Tier 2: Intermediate (Rank 1001-2500),2 Cards (Recognition + Recall),"MBP-Intermediate, MBP-Upper"
1768474726073,蒙,"<span class=""tone2"">méng</span> <!-- meng -->",Cover / Mongol,1039,6,No,Tier 2: Intermediate (Rank 1001-2500),2 Cards (Recognition + Recall),"MBP-Intermediate, MBP-Upper"
1768474726074,豪,"<span class=""tone2"">háo</span> <!-- hao -->",Grand / Heroic,1513,5,No,Tier 2: Intermediate (Rank 1001-2500),2 Cards (Recognition + Recall),"MBP-Intermediate, MBP-Upper"
1768474726075,毫,"<span class=""tone2"">háo</span> <!-- hao -->",Fine hair / Milli-,879,5,No,Tier 1: Core (Rank 1-1000),2 Cards (Recognition + Recall),"MBP-Intermediate, MBP-Upper"
1768474726076,尾,wěi,Tail,1282,5,No,Tier 2: Intermediate (Rank 1001-2500),2 Cards (Recognition + Recall),"MBP-Intermediate, MBP-Upper"
1768474726077,耗,"<span class=""tone4"">hào</span> <!-- hao -->",Consume,1730,6,No,Tier 2: Intermediate (Rank 1001-2500),2 Cards (Recognition + Recall),"MBP-Intermediate, MBP-Upper"
1768474726078,径,"<span class=""tone4"">jìng</span> <!-- jing -->",Path / Diameter,1307,6,No,Tier 2: Intermediate (Rank 1001-2500),2 Cards (Recognition + Recall),"MBP-Intermediate, MBP-Upper"
1768474726079,衡,"<span class=""tone2"">héng</span> <!-- heng -->",Weight / Balance,1340,5,No,Tier 2: Intermediate (Rank 1001-2500),2 Cards (Recognition + Recall),"MBP-Intermediate, MBP-Upper"
1768474726080,徒,"<span class=""tone2"">tú</span> <!-- tu -->",Disciple / Foot,1060,6,No,Tier 2: Intermediate (Rank 1001-2500),2 Cards (Recognition + Recall),"MBP-Intermediate, MBP-Upper"
1768474726081,趋,"<span class=""tone1"">qū</span> <!-- qu -->",Trend,1486,5,No,Tier 2: Intermediate (Rank 1001-2500),2 Cards (Recognition + Recall),"MBP-Intermediate, MBP-Upper"
1768474726082,逼,bī,Force / Compel,1559,6,No,Tier 2: Intermediate (Rank 1001-2500),2 Cards (Recognition + Recall),"MBP-Intermediate, MBP-Upper"
1768474726083,返,fǎn,Return,1430,5,No,Tier 2: Intermediate (Rank 1001-2500),2 Cards (Recognition + Recall),"MBP-Intermediate, MBP-Upper"
1768474726084,迁,qiān,Move / Shift,1630,6,No,Tier 2: Intermediate (Rank 1001-2500),2 Cards (Recognition + Recall),"MBP-Intermediate, MBP-Upper"
1768474726085,猛,měng,Fierce / Sudden,1157,6,No,Tier 2: Intermediate (Rank 1001-2500),2 Cards (Recognition + Recall),"MBP-Intermediate, MBP-Upper"
1768474726086,仔,"<span class=""tone3"">zǐ</span> <!-- zi -->",Careful / Child,1572,4,No,Tier 2: Intermediate (Rank 1001-2500),2 Cards (Recognition + Recall),"MBP-Intermediate, MBP-Upper"
1768474726087,仪,"<span class=""tone2"">yí</span> <!-- yi -->",Ceremony,1283,6,No,Tier 2: Intermediate (Rank 1001-2500),2 Cards (Recognition + Recall),"MBP-Intermediate, MBP-Upper"
1768474726088,俗,"<span class=""tone2"">sú</span> <!-- su -->",Custom / Vulgar,1354,5,No,Tier 2: Intermediate (Rank 1001-2500),2 Cards (Recognition + Recall),"MBP-Intermediate, MBP-Upper"
1768474726089,俱,"<span class=""tone4"">jù</span> <!-- ju -->",All / Together,1909,5,No,Tier 2: Intermediate (Rank 1001-2500),2 Cards (Recognition + Recall),"MBP-Intermediate, MBP-Upper"
1768474726090,傻,shǎ,Stupid / Foolish,1989,5,No,Tier 2: Intermediate (Rank 1001-2500),2 Cards (Recognition + Recall),"MBP-Intermediate, MBP-Upper"
1768474726091,妙,miào,Wonderful / Clever,1250,5,No,Tier 2: Intermediate (Rank 1001-2500),2 Cards (Recognition + Recall),"MBP-Intermediate, MBP-Upper"
1768474726092,奴,nú,Slave,1402,6,No,Tier 2: Intermediate (Rank 1001-2500),2 Cards (Recognition + Recall),"MBP-Intermediate, MBP-Upper"
1768474726093,怒,nù,Anger,1143,6,No,Tier 2: Intermediate (Rank 1001-2500),2 Cards (Recognition + Recall),"MBP-Intermediate, MBP-Upper"
1768474726094,愤,"<span class=""tone4"">fèn</span> <!-- fen -->",Indignant / Anger,1508,6,No,Tier 2: Intermediate (Rank 1001-2500),2 Cards (Recognition + Recall),"MBP-Intermediate, MBP-Upper"
1768474726095,磨,mó,Grind / Suffer,1537,6,No,Tier 2: Intermediate (Rank 1001-2500),2 Cards (Recognition + Recall),"MBP-Intermediate, MBP-Upper"
1768474726096,鬼,"<span class=""tone3"">guǐ</span> <!-- gui -->",Ghost / Devil,1042,5,No,Tier 2: Intermediate (Rank 1001-2500),2 Cards (Recognition + Recall),"MBP-Intermediate, MBP-Upper"
1768474726097,魔,mó,Demon / Magic,1180,6,No,Tier 2: Intermediate (Rank 1001-2500),2 Cards (Recognition + Recall),"MBP-Intermediate, MBP-Upper"
1768474726098,嘛,ma,Particle,1628,6,No,Tier 2: Intermediate (Rank 1001-2500),2 Cards (Recognition + Recall),"MBP-Intermediate, MBP-Upper"
1768474726099,唯,wéi,Only / Alone,1094,5,No,Tier 2: Intermediate (Rank 1001-2500),2 Cards (Recognition + Recall),"MBP-Intermediate, MBP-Upper"
1768474726100,滴,dī,Drip / Drop,1896,5,No,Tier 2: Intermediate (Rank 1001-2500),2 Cards (Recognition + Recall),"MBP-Intermediate, MBP-Upper"
1768474726101,摘,"<span class=""tone1"">zhāi</span> <!-- zhai -->",Pick / Summarize,2026,5,No,Tier 2: Intermediate (Rank 1001-2500),2 Cards (Recognition + Recall),"MBP-Intermediate, MBP-Upper"
1768474726102,燃,"<span class=""tone2"">rán</span> <!-- ran -->",Burn / Fuel,1553,5,No,Tier 2: Intermediate (Rank 1001-2500),2 Cards (Recognition + Recall),"MBP-Intermediate, MBP-Upper"
1768474726103,腐,fǔ,Rot / Corrupt,1576,5,No,Tier 2: Intermediate (Rank 1001-2500),2 Cards (Recognition + Recall),"MBP-Intermediate, MBP-Upper"
1768474726104,宏,"<span class=""tone2"">hóng</span> <!-- hong -->",Grand / Vast,1798,6,No,Tier 2: Intermediate (Rank 1001-2500),2 Cards (Recognition + Recall),"MBP-Intermediate, MBP-Upper"
1768474726105,辈,"<span class=""tone4"">bèi</span> <!-- bei -->",Generation,1477,5,No,Tier 2: Intermediate (Rank 1001-2500),2 Cards (Recognition + Recall),"MBP-Intermediate, MBP-Upper"
1768474726106,插,chā,Insert,1495,5,No,Tier 2: Intermediate (Rank 1001-2500),2 Cards (Recognition + Recall),"MBP-Intermediate, MBP-Upper"
1768474726107,毁,huǐ,Destroy,1160,6,No,Tier 2: Intermediate (Rank 1001-2500),2 Cards (Recognition + Recall),"MBP-Intermediate, MBP-Upper"
1768474726108,鼠,shǔ,Rat / Mouse,1693,5,No,Tier 2: Intermediate (Rank 1001-2500),2 Cards (Recognition + Recall),"MBP-Intermediate, MBP-Upper"
1768474726109,舆,yú,Chariot / Public opinion,2341,6,No,Tier 2: Intermediate (Rank 1001-2500),2 Cards (Recognition + Recall),"MBP-Intermediate, MBP-Upper"
1768474726110,舅,jiù,Uncle (maternal),2375,5,No,Tier 2: Intermediate (Rank 1001-2500),2 Cards (Recognition + Recall),"MBP-Intermediate, MBP-Upper"
1768474726111,番,"<span class=""tone1"">fān</span> <!-- fan -->",Time / Foreign,1452,6,No,Tier 2: Intermediate (Rank 1001-2500),2 Cards (Recognition + Recall),"MBP-Intermediate, MBP-Upper"
1768474726112,滔,tāo,Overflowing,2760,6,No,Tier 3: Lower-Freq (Rank 2501-3500),2 Cards or 1 Card,"MBP-Intermediate, MBP-Upper"
1768474726113,稻,dào,Rice plant,2529,6,No,Tier 3: Lower-Freq (Rank 2501-3500),2 Cards or 1 Card,"MBP-Intermediate, MBP-Upper"
1768474726114,稿,gǎo,Draft / Manuscript,1587,6,No,Tier 2: Intermediate (Rank 1001-2500),2 Cards (Recognition + Recall),"MBP-Intermediate, MBP-Upper"
1768474726115,蹈,dǎo,Tread / Dance,2659,6,No,Tier 3: Lower-Freq (Rank 2501-3500),2 Cards or 1 Card,"MBP-Intermediate, MBP-Upper"
1768474726116,跃,yuè,Jump / Leap,1516,5,No,Tier 2: Intermediate (Rank 1001-2500),2 Cards (Recognition + Recall),"MBP-Intermediate, MBP-Upper"
1768474726117,陷,xiàn,Trap / Sink,1262,6,No,Tier 2: Intermediate (Rank 1001-2500),2 Cards (Recognition + Recall),"MBP-Intermediate, MBP-Upper"
1768474726118,焰,yàn,Flame,2259,6,No,Tier 2: Intermediate (Rank 1001-2500),2 Cards (Recognition + Recall),"MBP-Intermediate, MBP-Upper"
1768474726119,阎,"<span class=""tone2"">yán</span> <!-- yan -->",Yama (Gate of Hell),2473,N/A,Yes,Tier 2: Intermediate (Rank 1001-2500),2 Cards (Recognition + Recall),"MBP-Intermediate, MBP-Upper"
1768474726120,掐,qiā,Pinch,3494,6,No,Tier 4: Rare / Surname (>3500 or Unranked),1 Card (Recognition Only),"MBP-Intermediate, MBP-Upper"
1768474726121,馅,xiàn,Filling / Stuffing,3765,6,No,Tier 4: Rare / Surname (>3500 or Unranked),1 Card (Recognition Only),"MBP-Intermediate, MBP-Upper"
1768474726122,饰,"<span class=""tone4"">shì</span> <!-- shi -->",Decorate / Ornament,1604,5,No,Tier 2: Intermediate (Rank 1001-2500),2 Cards (Recognition + Recall),"MBP-Intermediate, MBP-Upper"
1768474726123,册,cè,Volume / Booklet,1525,5,No,Tier 2: Intermediate (Rank 1001-2500),2 Cards (Recognition + Recall),"MBP-Intermediate, MBP-Upper"
1768474726124,岗,gǎng,Mound / Post,1795,6,No,Tier 2: Intermediate (Rank 1001-2500),2 Cards (Recognition + Recall),"MBP-Intermediate, MBP-Upper"
1768474726125,卒,zú,Soldier / Die,2584,N/A,No,Tier 3: Lower-Freq (Rank 2501-3500),2 Cards or 1 Card,"MBP-Intermediate, MBP-Upper"
1768474726126,碎,suì,Broken / Fragment,1420,5,No,Tier 2: Intermediate (Rank 1001-2500),2 Cards (Recognition + Recall),"MBP-Intermediate, MBP-Upper"
1768474726127,醉,zuì,Drunk,1783,5,No,Tier 2: Intermediate (Rank 1001-2500),2 Cards (Recognition + Recall),"MBP-Intermediate, MBP-Upper"
1768474726128,翠,cuì,Emerald green,2177,N/A,No,Tier 2: Intermediate (Rank 1001-2500),2 Cards (Recognition + Recall),"MBP-Intermediate, MBP-Upper"
1768474726129,粹,"<span class=""tone4"">cuì</span> <!-- cui -->",Pure / Essence,1736,6,No,Tier 2: Intermediate (Rank 1001-2500),2 Cards (Recognition + Recall),"MBP-Intermediate, MBP-Upper"
1768474726130,糊,hú,Paste / Blurred,1393,5,No,Tier 2: Intermediate (Rank 1001-2500),2 Cards (Recognition + Recall),"MBP-Intermediate, MBP-Upper"
1768474726131,览,lǎn,View,1886,5,No,Tier 2: Intermediate (Rank 1001-2500),2 Cards (Recognition + Recall),"MBP-Intermediate, MBP-Upper"
1768474726132,鉴,jiàn,Mirror / Inspect,1655,6,No,Tier 2: Intermediate (Rank 1001-2500),2 Cards (Recognition + Recall),"MBP-Intermediate, MBP-Upper"
1768474726133,锅,guō,Pot / Pan,2074,5,No,Tier 2: Intermediate (Rank 1001-2500),2 Cards (Recognition + Recall),"MBP-Intermediate, MBP-Upper"
1768474726134,窝,wō,Nest / Den,1962,6,No,Tier 2: Intermediate (Rank 1001-2500),2 Cards (Recognition + Recall),"MBP-Intermediate, MBP-Upper"
1768474726135,祸,"<span class=""tone4"">huò</span> <!-- huo -->",Disaster / Misfortune,1870,6,No,Tier 2: Intermediate (Rank 1001-2500),2 Cards (Recognition + Recall),"MBP-Intermediate, MBP-Upper"
1768474726136,涡,wō,Whirlpool,2759,N/A,No,Tier 3: Lower-Freq (Rank 2501-3500),2 Cards or 1 Card,"MBP-Intermediate, MBP-Upper"
1768474726137,殊,"<span class=""tone1"">shū</span> <!-- shu -->",Special / Different,1191,5,No,Tier 2: Intermediate (Rank 1001-2500),2 Cards (Recognition + Recall),"leech, leech::toolkit-filtered, MBP-Intermediate, MBP-Upper"
1768474726138,殖,zhí,Breed / Colonize,1438,6,No,Tier 2: Intermediate (Rank 1001-2500),2 Cards (Recognition + Recall),"MBP-Intermediate, MBP-Upper"
1768474726139,裂,liè,Split / Crack,1317,6,No,Tier 2: Intermediate (Rank 1001-2500),2 Cards (Recognition + Recall),"MBP-Intermediate, MBP-Upper"
1768474726140,滚,gǔn,Roll / Get out,1542,5,No,Tier 2: Intermediate (Rank 1001-2500),2 Cards (Recognition + Recall),"MBP-Intermediate, MBP-Upper"
1768474726141,讼,sòng,Litigation,1862,6,No,Tier 2: Intermediate (Rank 1001-2500),2 Cards (Recognition + Recall),"MBP-Intermediate, MBP-Upper"
1768474726142,颂,"<span class=""tone4"">sòng</span> <!-- song -->",Praise / Ode,2414,6,No,Tier 2: Intermediate (Rank 1001-2500),2 Cards (Recognition + Recall),"MBP-Intermediate, MBP-Upper"
1768474726143,翁,wēng,Old man,2112,N/A,No,Tier 2: Intermediate (Rank 1001-2500),2 Cards (Recognition + Recall),"MBP-Intermediate, MBP-Upper"
1768474726144,嗡,"<span class=""tone1"">wēng</span> <!-- weng -->",Buzz / Hum,2783,N/A,No,Tier 3: Lower-Freq (Rank 2501-3500),2 Cards or 1 Card,"MBP-Intermediate, MBP-Upper"
1768474726145,叹,tàn,Sigh,1299,6,No,Tier 2: Intermediate (Rank 1001-2500),2 Cards (Recognition + Recall),"MBP-Intermediate, MBP-Upper"
1768474726146,喷,pēn,Spray / Sneeze,1729,5,No,Tier 2: Intermediate (Rank 1001-2500),2 Cards (Recognition + Recall),"MBP-Intermediate, MBP-Upper"
1768474726147,哇,wa,Wow / (Particle),2433,6,No,Tier 2: Intermediate (Rank 1001-2500),2 Cards (Recognition + Recall),"MBP-Intermediate, MBP-Upper"
1768474726148,娃,wá,Doll / Baby,1833,6,No,Tier 2: Intermediate (Rank 1001-2500),2 Cards (Recognition + Recall),"MBP-Intermediate, MBP-Upper"
1768474726149,嫌,xián,Dislike / Suspect,1826,6,No,Tier 2: Intermediate (Rank 1001-2500),2 Cards (Recognition + Recall),"MBP-Intermediate, MBP-Upper"
1768474726150,娱,"<span class=""tone2"">yú</span> <!-- yu -->",Amuse,2493,5,No,Tier 2: Intermediate (Rank 1001-2500),2 Cards (Recognition + Recall),"MBP-Intermediate, MBP-Upper"
1768474726151,奏,"<span class=""tone4"">zòu</span> <!-- zou -->",Play music / Rhythm,1543,6,No,Tier 2: Intermediate (Rank 1001-2500),2 Cards (Recognition + Recall),"MBP-Intermediate, MBP-Upper"
1768474726152,壮,"<span class=""tone4"">zhuàng</span> <!-- zhuang -->",Strong,1432,6,No,Tier 2: Intermediate (Rank 1001-2500),2 Cards (Recognition + Recall),"MBP-Intermediate, MBP-Upper"
1768474726153,嘉,jiā,Excellent / Praise,1845,5,No,Tier 2: Intermediate (Rank 1001-2500),2 Cards (Recognition + Recall),"MBP-Intermediate, MBP-Upper"
1768474726154,牵,"<span class=""tone1"">qiān</span> <!-- qian -->",Pull / Lead,1679,6,No,Tier 2: Intermediate (Rank 1001-2500),2 Cards (Recognition + Recall),"MBP-Intermediate, MBP-Upper"
1768474726155,倾,qīng,Lean / Tilt,1260,6,No,Tier 2: Intermediate (Rank 1001-2500),2 Cards (Recognition + Recall),"MBP-Intermediate, MBP-Upper"
1768474726156,宇,yǔ,Space / Universe,1156,6,No,Tier 2: Intermediate (Rank 1001-2500),2 Cards (Recognition + Recall),"MBP-Intermediate, MBP-Upper"
1768474726157,宙,zhòu,Space / Time,1421,6,No,Tier 2: Intermediate (Rank 1001-2500),2 Cards (Recognition + Recall),"MBP-Intermediate, MBP-Upper"
1768474726158,宅,"<span class=""tone2"">zhái</span> <!-- zhai -->",House / Residence,1858,6,No,Tier 2: Intermediate (Rank 1001-2500),2 Cards (Recognition + Recall),"MBP-Intermediate, MBP-Upper"
1768474726159,诧,chà,Astonishment,2728,6,No,Tier 3: Lower-Freq (Rank 2501-3500),2 Cards or 1 Card,"MBP-Intermediate, MBP-Upper"
1768474726160,畅,chàng,Fluent / Smooth,2122,6,No,Tier 2: Intermediate (Rank 1001-2500),2 Cards (Recognition + Recall),"MBP-Intermediate, MBP-Upper"
1768474726161,伸,shēn,Stretch / Extend,1161,5,No,Tier 2: Intermediate (Rank 1001-2500),2 Cards (Recognition + Recall),"MBP-Intermediate, MBP-Upper"
1768474726162,凭,píng,Lean on / Evidence,1410,5,No,Tier 2: Intermediate (Rank 1001-2500),2 Cards (Recognition + Recall),"MBP-Intermediate, MBP-Upper"
1768474726163,伍,wǔ,Five / Squad,1472,6,No,Tier 2: Intermediate (Rank 1001-2500),2 Cards (Recognition + Recall),"MBP-Intermediate, MBP-Upper"
1768474726164,仿,fǎng,Imitate,1259,5,No,Tier 2: Intermediate (Rank 1001-2500),2 Cards (Recognition + Recall),"MBP-Intermediate, MBP-Upper"
1768474726165,旋,xuán,Rotate / Melody,1383,6,No,Tier 2: Intermediate (Rank 1001-2500),2 Cards (Recognition + Recall),"MBP-Intermediate, MBP-Upper"
1768474726166,狠,hěn,Cruel / Harsh,1654,6,No,Tier 2: Intermediate (Rank 1001-2500),2 Cards (Recognition + Recall),"MBP-Intermediate, MBP-Upper"
1768474726167,艰,jiān,Difficult / Hard,1647,5,No,Tier 2: Intermediate (Rank 1001-2500),2 Cards (Recognition + Recall),"MBP-Intermediate, MBP-Upper"
1768474726168,恨,hèn,Hate / Regret,1295,5,No,Tier 2: Intermediate (Rank 1001-2500),2 Cards (Recognition + Recall),"MBP-Intermediate, MBP-Upper"
1768474726169,忧,yōu,Worry,1461,6,No,Tier 2: Intermediate (Rank 1001-2500),2 Cards (Recognition + Recall),"MBP-Intermediate, MBP-Upper"
1768474726170,恢,huī,Recover / Restore,1364,5,No,Tier 2: Intermediate (Rank 1001-2500),2 Cards (Recognition + Recall),"MBP-Intermediate, MBP-Upper"
1768474726171,惨,cǎn,Miserable / Tragic,1530,6,No,Tier 2: Intermediate (Rank 1001-2500),2 Cards (Recognition + Recall),"MBP-Intermediate, MBP-Upper"
1768474726172,渗,shèn,Seep / Leak,2520,6,No,Tier 3: Lower-Freq (Rank 2501-3500),2 Cards or 1 Card,"MBP-Intermediate, MBP-Upper"
1768474726173,泛,fàn,Float / General,1327,5,No,Tier 2: Intermediate (Rank 1001-2500),2 Cards (Recognition + Recall),"MBP-Intermediate, MBP-Upper"
1768474726174,洪,hóng,Flood / Vast,1350,6,No,Tier 2: Intermediate (Rank 1001-2500),2 Cards (Recognition + Recall),"MBP-Intermediate, MBP-Upper"
1768474726175,池,chí,Pool / Pond,1709,5,No,Tier 2: Intermediate (Rank 1001-2500),2 Cards (Recognition + Recall),"MBP-Intermediate, MBP-Upper"
1768474726176,漏,lòu,Leak,2052,5,No,Tier 2: Intermediate (Rank 1001-2500),2 Cards (Recognition + Recall),"MBP-Intermediate, MBP-Upper"
1768474726177,渡,dù,Cross / Ferry,1406,6,No,Tier 2: Intermediate (Rank 1001-2500),2 Cards (Recognition + Recall),"MBP-Intermediate, MBP-Upper"
1768474726178,踱,duó,Pace / Stroll,3009,N/A,No,Tier 4: Rare / Surname (>3500 or Unranked),1 Card (Recognition Only),"MBP-Intermediate, MBP-Upper"
1768474726179,粱,liáng,Sorghum,3599,N/A,No,Tier 4: Rare / Surname (>3500 or Unranked),1 Card (Recognition Only),"MBP-Intermediate, MBP-Upper"
1768474726180,梁,liáng,Bridge / Beam,1416,6,Yes,Tier 2: Intermediate (Rank 1001-2500),2 Cards (Recognition + Recall),"MBP-Intermediate, MBP-Upper"
1768474726181,桃,"<span class=""tone2"">táo</span> <!-- tao -->",Peach,1839,5,Yes,Tier 2: Intermediate (Rank 1001-2500),2 Cards (Recognition + Recall),"MBP-Intermediate, MBP-Upper"
1768474726182,榜,"<span class=""tone3"">bǎng</span> <!-- bang -->",List / Example,2556,6,No,Tier 3: Lower-Freq (Rank 2501-3500),2 Cards or 1 Card,"MBP-Intermediate, MBP-Upper"
1768474726183,镑,bàng,Pound (money),2515,N/A,No,Tier 3: Lower-Freq (Rank 2501-3500),2 Cards or 1 Card,"MBP-Intermediate, MBP-Upper"
1768474726184,傍,bàng,Near (time) / Depend,2558,5,No,Tier 3: Lower-Freq (Rank 2501-3500),2 Cards or 1 Card,"MBP-Intermediate, MBP-Upper"
1768474726185,磅,"<span class=""tone4"">bàng</span> <!-- bang -->",Pound (weight),2941,6,No,Tier 3: Lower-Freq (Rank 2501-3500),2 Cards or 1 Card,"MBP-Intermediate, MBP-Upper"
1768474726186,膀,bǎng,Shoulder / Wing,1941,5,No,Tier 2: Intermediate (Rank 1001-2500),2 Cards (Recognition + Recall),"MBP-Intermediate, MBP-Upper"
1768474726187,肩,jiān,Shoulder,1415,5,No,Tier 2: Intermediate (Rank 1001-2500),2 Cards (Recognition + Recall),"MBP-Intermediate, MBP-Upper"
1768474726188,捐,juān,Donate,2235,5,No,Tier 2: Intermediate (Rank 1001-2500),2 Cards (Recognition + Recall),"MBP-Intermediate, MBP-Upper"
1768474726189,柜,guì,Cabinet / Counter,1994,5,No,Tier 2: Intermediate (Rank 1001-2500),2 Cards (Recognition + Recall),"MBP-Intermediate, MBP-Upper"
1768474726190,矩,jǔ,Rectangle / Rule,2160,5,No,Tier 2: Intermediate (Rank 1001-2500),2 Cards (Recognition + Recall),"MBP-Intermediate, MBP-Upper"
1768474726191,炬,jù,Torch,3429,N/A,No,Tier 4: Rare / Surname (>3500 or Unranked),1 Card (Recognition Only),"MBP-Intermediate, MBP-Upper"
1768474726192,拒,jù,Refuse / Reject,1331,4,No,Tier 2: Intermediate (Rank 1001-2500),2 Cards (Recognition + Recall),"MBP-Intermediate, MBP-Upper"
1768474726193,捕,bǔ,Catch / Capture,1312,6,No,Tier 2: Intermediate (Rank 1001-2500),2 Cards (Recognition + Recall),"MBP-Intermediate, MBP-Upper"
1768474726194,揭,"<span class=""tone1"">jiē</span> <!-- jie -->",Uncover / Reveal,1666,6,Yes,Tier 2: Intermediate (Rank 1001-2500),2 Cards (Recognition + Recall),"MBP-Intermediate, MBP-Upper"
1768474726195,撤,chè,Withdraw / Cancel,1270,6,No,Tier 2: Intermediate (Rank 1001-2500),2 Cards (Recognition + Recall),"MBP-Intermediate, MBP-Upper"
1768474726196,扶,fú,Support with hand,1612,5,No,Tier 2: Intermediate (Rank 1001-2500),2 Cards (Recognition + Recall),"MBP-Intermediate, MBP-Upper"
1768474726197,夹,jiā,Clip / Folder,1758,5,No,Tier 2: Intermediate (Rank 1001-2500),2 Cards (Recognition + Recall),"MBP-Intermediate, MBP-Upper"
1768474726198,侠,xiá,Hero,1216,6,No,Tier 2: Intermediate (Rank 1001-2500),2 Cards (Recognition + Recall),"MBP-Intermediate, MBP-Upper"
1768474726199,峡,xiá,Canyon / Gorge,1727,6,No,Tier 2: Intermediate (Rank 1001-2500),2 Cards (Recognition + Recall),"MBP-Intermediate, MBP-Upper"
1768474726200,狭,xiá,Narrow,2018,6,No,Tier 2: Intermediate (Rank 1001-2500),2 Cards (Recognition + Recall),"MBP-Intermediate, MBP-Upper"
1768474726201,挟,xié,Coerce / Hold under arm,2816,N/A,No,Tier 3: Lower-Freq (Rank 2501-3500),2 Cards or 1 Card,"MBP-Intermediate, MBP-Upper"
1768474726202,栋,dòng,M.W. (buildings),2710,6,No,Tier 3: Lower-Freq (Rank 2501-3500),2 Cards or 1 Card,"MBP-Intermediate, MBP-Upper"
1768474726203,冻,dòng,Freeze,2127,5,No,Tier 2: Intermediate (Rank 1001-2500),2 Cards (Recognition + Recall),"MBP-Intermediate, MBP-Upper"
1768474726204,盗,dào,Steal / Robber,1619,6,No,Tier 2: Intermediate (Rank 1001-2500),2 Cards (Recognition + Recall),"MBP-Intermediate, MBP-Upper"
1768474726205,欣,xīn,Happy / Appreciate,1523,5,No,Tier 2: Intermediate (Rank 1001-2500),2 Cards (Recognition + Recall),"MBP-Intermediate, MBP-Upper"
1768474726206,祥,xiáng,Auspicious / Kind,1674,6,No,Tier 2: Intermediate (Rank 1001-2500),2 Cards (Recognition + Recall),"MBP-Intermediate, MBP-Upper"
1768474726207,氧,yǎng,Oxygen,1863,6,No,Tier 2: Intermediate (Rank 1001-2500),2 Cards (Recognition + Recall),"MBP-Intermediate, MBP-Upper"
1768474726208,氛,fēn,Atmosphere / Air,2009,5,No,Tier 2: Intermediate (Rank 1001-2500),2 Cards (Recognition + Recall),"MBP-Intermediate, MBP-Upper"
1768474726209,盆,pén,Basin / Pot,2035,5,No,Tier 2: Intermediate (Rank 1001-2500),2 Cards (Recognition + Recall),"MBP-Intermediate, MBP-Upper"
1768474726210,忠,zhōng,Loyal,1322,6,No,Tier 2: Intermediate (Rank 1001-2500),2 Cards (Recognition + Recall),"MBP-Intermediate, MBP-Upper"
1768474726211,尉,wèi,Military rank,2126,N/A,No,Tier 2: Intermediate (Rank 1001-2500),2 Cards (Recognition + Recall),"leech, MBP-Intermediate, MBP-Upper"
1768474726212,慰,wèi,Comfort,1632,5,No,Tier 2: Intermediate (Rank 1001-2500),2 Cards (Recognition + Recall),"MBP-Intermediate, MBP-Upper"
1768474726213,悬,"<span class=""tone2"">xuán</span> <!-- xuan -->",Hang / Suspense,1879,6,No,Tier 2: Intermediate (Rank 1001-2500),2 Cards (Recognition + Recall),"MBP-Intermediate, MBP-Upper"
1768474726214,轨,guǐ,Track / Rail,1883,6,No,Tier 2: Intermediate (Rank 1001-2500),2 Cards (Recognition + Recall),"MBP-Intermediate, MBP-Upper"
1768474726215,辅,fǔ,Assist / Tutor,2033,5,No,Tier 2: Intermediate (Rank 1001-2500),2 Cards (Recognition + Recall),"MBP-Intermediate, MBP-Upper"
1768474726216,耀,yào,Shine / Glory,1804,6,No,Tier 2: Intermediate (Rank 1001-2500),2 Cards (Recognition + Recall),"MBP-Intermediate, MBP-Upper"
1768474726217,恍,huǎng,Suddenly,2535,6,No,Tier 3: Lower-Freq (Rank 2501-3500),2 Cards or 1 Card,"MBP-Intermediate, MBP-Upper"
1768474726218,晃,"<span class=""tone3"">huǎng</span> <!-- huang -->",Sway / Dazzle,1796,6,No,Tier 2: Intermediate (Rank 1001-2500),2 Cards (Recognition + Recall),"MBP-Intermediate, MBP-Upper"
1768474726219,辉,huī,Brightness / Splendor,1623,6,No,Tier 2: Intermediate (Rank 1001-2500),2 Cards (Recognition + Recall),"MBP-Intermediate, MBP-Upper"
1768474726220,晕,yūn,Faint,2215,5,No,Tier 2: Intermediate (Rank 1001-2500),2 Cards (Recognition + Recall),"MBP-Intermediate, MBP-Upper"
1768474726221,昌,"<span class=""tone1"">chāng</span> <!-- chang -->",Prosperous,1606,6,No,Tier 2: Intermediate (Rank 1001-2500),2 Cards (Recognition + Recall),"MBP-Intermediate, MBP-Upper"
1768474726222,昏,"<span class=""tone1"">hūn</span> <!-- hun -->",Dusk / Faint,1561,6,No,Tier 2: Intermediate (Rank 1001-2500),2 Cards (Recognition + Recall),"MBP-Intermediate, MBP-Upper"
1768474726223,晒,shài,Bask in sun / Dry,2630,5,No,Tier 3: Lower-Freq (Rank 2501-3500),2 Cards or 1 Card,"MBP-Intermediate, MBP-Upper"
1768474726224,旺,wàng,Prosperous,2198,6,No,Tier 2: Intermediate (Rank 1001-2500),2 Cards (Recognition + Recall),"MBP-Intermediate, MBP-Upper"
1768474726225,宴,"<span class=""tone4"">yàn</span> <!-- yan -->",Banquet / Feast,2155,5,No,Tier 2: Intermediate (Rank 1001-2500),2 Cards (Recognition + Recall),"MBP-Intermediate, MBP-Upper"
1768474726226,牢,láo,Prison / Firm,1696,6,No,Tier 2: Intermediate (Rank 1001-2500),2 Cards (Recognition + Recall),"MBP-Intermediate, MBP-Upper"
1768474726227,踏,"<span class=""tone4"">tà</span> <!-- ta -->",Step on / Tread,1753,6,No,Tier 2: Intermediate (Rank 1001-2500),2 Cards (Recognition + Recall),"MBP-Intermediate, MBP-Upper"
1768474726228,践,jiàn,Tread / Fulfill,1578,5,No,Tier 2: Intermediate (Rank 1001-2500),2 Cards (Recognition + Recall),"MBP-Intermediate, MBP-Upper"
1768474726229,堆,"<span class=""tone1"">duī</span> <!-- dui -->",Pile / Heap,1370,5,No,Tier 2: Intermediate (Rank 1001-2500),2 Cards (Recognition + Recall),"MBP-Intermediate, MBP-Upper"
1768474726230,墨,"<span class=""tone4"">mò</span> <!-- mo -->",Ink,1493,6,No,Tier 2: Intermediate (Rank 1001-2500),2 Cards (Recognition + Recall),"MBP-Intermediate, MBP-Upper"
1768474726231,埋,"<span class=""tone2"">mái</span> <!-- mai -->",Bury,1640,6,No,Tier 2: Intermediate (Rank 1001-2500),2 Cards (Recognition + Recall),"MBP-Intermediate, MBP-Upper"
1768474726232,墓,"<span class=""tone4"">mù</span> <!-- mu -->",Grave / Tomb,1816,6,No,Tier 2: Intermediate (Rank 1001-2500),2 Cards (Recognition + Recall),"MBP-Intermediate, MBP-Upper"
1768474726233,戒,jiè,Ring / Guard against,1566,5,No,Tier 2: Intermediate (Rank 1001-2500),2 Cards (Recognition + Recall),"MBP-Intermediate, MBP-Upper"
1768474726234,械,xiè,Machine / Tool,1657,6,No,Tier 2: Intermediate (Rank 1001-2500),2 Cards (Recognition + Recall),"MBP-Intermediate, MBP-Upper"
1768474726235,渠,qú,Canal / Channel,2315,6,No,Tier 2: Intermediate (Rank 1001-2500),2 Cards (Recognition + Recall),"MBP-Intermediate, MBP-Upper"
1768474726236,柱,zhù,Column / Pillar,1691,6,No,Tier 2: Intermediate (Rank 1001-2500),2 Cards (Recognition + Recall),"MBP-Intermediate, MBP-Upper"
1768474726237,栏,lán,Fence / Column,2101,6,No,Tier 2: Intermediate (Rank 1001-2500),2 Cards (Recognition + Recall),"MBP-Intermediate, MBP-Upper"
1768474726238,烂,làn,Rotten / Brilliant,1754,5,No,Tier 2: Intermediate (Rank 1001-2500),2 Cards (Recognition + Recall),"MBP-Intermediate, MBP-Upper"
1768474726239,炒,chǎo,Fry / Sauté,2590,5,No,Tier 3: Lower-Freq (Rank 2501-3500),2 Cards or 1 Card,"MBP-Intermediate, MBP-Upper"
1768474726240,炉,"<span class=""tone2"">lú</span> <!-- lu -->",Stove / Furnace,1980,6,No,Tier 2: Intermediate (Rank 1001-2500),2 Cards (Recognition + Recall),"MBP-Intermediate, MBP-Upper"
1768474726241,烤,kǎo,Roast / Bake,2629,4,No,Tier 3: Lower-Freq (Rank 2501-3500),2 Cards or 1 Card,"MBP-Intermediate, MBP-Upper"
1768474726242,阔,"<span class=""tone4"">kuò</span> <!-- kuo -->",Broad / Wealthy,1675,6,No,Tier 2: Intermediate (Rank 1001-2500),2 Cards (Recognition + Recall),"MBP-Intermediate, MBP-Upper"
1768474726243,辞,"<span class=""tone2"">cí</span> <!-- ci -->",Word / Resign,1469,5,No,Tier 2: Intermediate (Rank 1001-2500),2 Cards (Recognition + Recall),"MBP-Intermediate, MBP-Upper"
1768474726244,宰,"<span class=""tone3"">zǎi</span> <!-- zai -->",Slaughter,2080,6,No,Tier 2: Intermediate (Rank 1001-2500),2 Cards (Recognition + Recall),"MBP-Intermediate, MBP-Upper"
1768474726245,辜,gū,Guilt / Sin,2596,6,No,Tier 3: Lower-Freq (Rank 2501-3500),2 Cards or 1 Card,"MBP-Intermediate, MBP-Upper"
1768474726246,辨,"<span class=""tone4"">biàn</span> <!-- bian -->",Distinguish,1910,6,No,Tier 2: Intermediate (Rank 1001-2500),2 Cards (Recognition + Recall),"MBP-Intermediate, MBP-Upper"
1768474726247,辩,"<span class=""tone4"">biàn</span> <!-- bian -->",Debate,1355,5,No,Tier 2: Intermediate (Rank 1001-2500),2 Cards (Recognition + Recall),"MBP-Intermediate, MBP-Upper"
1768474726248,辫,"<span class=""tone4"">biàn</span> <!-- bian -->",Braid,3240,6,No,Tier 4: Rare / Surname (>3500 or Unranked),1 Card (Recognition Only),"MBP-Intermediate, MBP-Upper"
1768474726249,纲,"<span class=""tone1"">gāng</span> <!-- gang -->",Outline,1934,5,No,Tier 2: Intermediate (Rank 1001-2500),2 Cards (Recognition + Recall),"MBP-Intermediate, MBP-Upper"
1768474726250,绪,xù,Thread / Emotion,1413,5,No,Tier 2: Intermediate (Rank 1001-2500),2 Cards (Recognition + Recall),"MBP-Intermediate, MBP-Upper"
1768474726251,赌,"<span class=""tone3"">dǔ</span> <!-- du -->",Gamble,2037,6,No,Tier 2: Intermediate (Rank 1001-2500),2 Cards (Recognition + Recall),"MBP-Intermediate, MBP-Upper"
1768474726252,赠,zèng,Give as gift,2123,6,No,Tier 2: Intermediate (Rank 1001-2500),2 Cards (Recognition + Recall),"MBP-Intermediate, MBP-Upper"
1768474726253,皆,jiē,All / Every,1419,6,No,Tier 2: Intermediate (Rank 1001-2500),2 Cards (Recognition + Recall),"MBP-Intermediate, MBP-Upper"
1768474726254,谐,xié,Harmonious,2416,6,No,Tier 2: Intermediate (Rank 1001-2500),2 Cards (Recognition + Recall),"MBP-Intermediate, MBP-Upper"
1768474726255,楷,"<span class=""tone1"">jiē</span> <!-- jie -->",Model / Pattern,3530,N/A,No,Tier 4: Rare / Surname (>3500 or Unranked),1 Card (Recognition Only),"MBP-Intermediate, MBP-Upper"
1768474726256,矛,máo,Spear,1441,5,No,Tier 2: Intermediate (Rank 1001-2500),2 Cards (Recognition + Recall),"MBP-Intermediate, MBP-Upper"
1768474726257,盾,dùn,Shield,1395,5,No,Tier 2: Intermediate (Rank 1001-2500),2 Cards (Recognition + Recall),"MBP-Intermediate, MBP-Upper"
1768474726258,循,xún,Follow / Cycle,1744,6,No,Tier 2: Intermediate (Rank 1001-2500),2 Cards (Recognition + Recall),"MBP-Intermediate, MBP-Upper"
1768474726259,眠,mián,Sleep,1986,5,No,Tier 2: Intermediate (Rank 1001-2500),2 Cards (Recognition + Recall),"MBP-Intermediate, MBP-Upper"
1768474726260,氓,máng,Hooligan / Rogue,3060,6,No,Tier 4: Rare / Surname (>3500 or Unranked),1 Card (Recognition Only),"MBP-Intermediate, MBP-Upper"
1768474726261,盲,máng,Blind,2079,6,No,Tier 2: Intermediate (Rank 1001-2500),2 Cards (Recognition + Recall),"MBP-Intermediate, MBP-Upper"
1768474726262,丧,sàng,Lose / Funeral,1404,6,No,Tier 2: Intermediate (Rank 1001-2500),2 Cards (Recognition + Recall),"MBP-Intermediate, MBP-Upper"
1768474726263,酋,qiú,Chief,3403,N/A,No,Tier 4: Rare / Surname (>3500 or Unranked),1 Card (Recognition Only),"MBP-Intermediate, MBP-Upper"
1768474726264,奠,"<span class=""tone4"">diàn</span> <!-- dian -->",Establish / Libation,2656,6,No,Tier 3: Lower-Freq (Rank 2501-3500),2 Cards or 1 Card,"MBP-Intermediate, MBP-Upper"
1768474726265,蹲,"<span class=""tone1"">dūn</span> <!-- dun -->",Squat,2497,5,No,Tier 2: Intermediate (Rank 1001-2500),2 Cards (Recognition + Recall),"MBP-Intermediate, MBP-Upper"
1768474726266,遵,zūn,Obey / Follow,1593,5,No,Tier 2: Intermediate (Rank 1001-2500),2 Cards (Recognition + Recall),"MBP-Intermediate, MBP-Upper"
1768474726267,递,dì,Hand over / Pass,1538,5,No,Tier 2: Intermediate (Rank 1001-2500),2 Cards (Recognition + Recall),"MBP-Intermediate, MBP-Upper"
1768474726268,仓,cāng,Warehouse,1882,6,No,Tier 2: Intermediate (Rank 1001-2500),2 Cards (Recognition + Recall),"MBP-Intermediate, MBP-Upper"
1768474726269,苍,cāng,Dark green / Grey,1728,6,No,Tier 2: Intermediate (Rank 1001-2500),2 Cards (Recognition + Recall),"MBP-Intermediate, MBP-Upper"
1768474726270,沧,cāng,Cold / Blue-green,3023,6,No,Tier 4: Rare / Surname (>3500 or Unranked),1 Card (Recognition Only),"MBP-Intermediate, MBP-Upper"
1768474726271,舱,cāng,Cabin,1846,6,No,Tier 2: Intermediate (Rank 1001-2500),2 Cards (Recognition + Recall),"MBP-Intermediate, MBP-Upper"
1768474726272,舰,jiàn,Warship,851,6,No,Tier 1: Core (Rank 1-1000),2 Cards (Recognition + Recall),"MBP-Intermediate, MBP-Upper"
1768474726273,欺,"<span class=""tone1"">qī</span> <!-- qi -->",Bully / Deceive,1699,6,No,Tier 2: Intermediate (Rank 1001-2500),2 Cards (Recognition + Recall),"MBP-Intermediate, MBP-Upper"
1768474726274,咨,zī,Consult,2408,5,No,Tier 2: Intermediate (Rank 1001-2500),2 Cards (Recognition + Recall),"MBP-Intermediate, MBP-Upper"
1768474726275,呛,qiāng,Choke,3418,N/A,No,Tier 4: Rare / Surname (>3500 or Unranked),1 Card (Recognition Only),"MBP-Intermediate, MBP-Upper"
1768474726276,咬,yǎo,Bite,1658,5,No,Tier 2: Intermediate (Rank 1001-2500),2 Cards (Recognition + Recall),"MBP-Intermediate, MBP-Upper"
1768474726277,哲,zhé,Philosophy / Wise,1117,5,No,Tier 2: Intermediate (Rank 1001-2500),2 Cards (Recognition + Recall),"MBP-Intermediate, MBP-Upper"
1768474726278,吊,diào,Hang / Suspend,2050,6,No,Tier 2: Intermediate (Rank 1001-2500),2 Cards (Recognition + Recall),"MBP-Intermediate, MBP-Upper"
1768474726279,吞,tūn,Swallow,1797,6,No,Tier 2: Intermediate (Rank 1001-2500),2 Cards (Recognition + Recall),"MBP-Intermediate, MBP-Upper"
1768474726280,忝,tiǎn,Shameful,4729,N/A,No,Tier 4: Rare / Surname (>3500 or Unranked),1 Card (Recognition Only),"MBP-Intermediate, MBP-Upper"
1768474726281,舔,tiǎn,Lick,3348,6,No,Tier 4: Rare / Surname (>3500 or Unranked),1 Card (Recognition Only),"MBP-Intermediate, MBP-Upper"
1768474726282,添,tiān,Add / Increase,1859,6,No,Tier 2: Intermediate (Rank 1001-2500),2 Cards (Recognition + Recall),"MBP-Intermediate, MBP-Upper"
1768474726283,爽,"<span class=""tone3"">shuǎng</span> <!-- shuang -->",Refreshing / Cool,2378,6,No,Tier 2: Intermediate (Rank 1001-2500),2 Cards (Recognition + Recall),"MBP-Intermediate, MBP-Upper"
1768474726284,奈,nài,How / What,1624,5,No,Tier 2: Intermediate (Rank 1001-2500),2 Cards (Recognition + Recall),"MBP-Intermediate, MBP-Upper"
1768474726285,崇,chóng,Worship / Sublime,1482,6,No,Tier 2: Intermediate (Rank 1001-2500),2 Cards (Recognition + Recall),"MBP-Intermediate, MBP-Upper"
1768474726286,卧,wò,Lie down / Crouch,1944,5,No,Tier 2: Intermediate (Rank 1001-2500),2 Cards (Recognition + Recall),"MBP-Intermediate, MBP-Upper"
1768474726287,扑,"<span class=""tone1"">pū</span> <!-- pu -->",Pounce / Slap,1509,6,No,Tier 2: Intermediate (Rank 1001-2500),2 Cards (Recognition + Recall),"MBP-Intermediate, MBP-Upper"
1768474726288,撑,chēng,Support / Prop up,2183,6,No,Tier 2: Intermediate (Rank 1001-2500),2 Cards (Recognition + Recall),"MBP-Intermediate, MBP-Upper"
1768474726289,拨,"<span class=""tone1"">bō</span> <!-- bo -->",Dial / Push aside,1807,6,No,Tier 2: Intermediate (Rank 1001-2500),2 Cards (Recognition + Recall),"MBP-Intermediate, MBP-Upper"
1768474726290,挤,jǐ,Crowded / Squeeze,1661,5,No,Tier 2: Intermediate (Rank 1001-2500),2 Cards (Recognition + Recall),"MBP-Intermediate, MBP-Upper"
1768474726291,挡,"<span class=""tone3"">dǎng</span> <!-- dang -->",Block / Hinder,1933,5,No,Tier 2: Intermediate (Rank 1001-2500),2 Cards (Recognition + Recall),"MBP-Intermediate, MBP-Upper"
1768474726292,扭,"<span class=""tone3"">niǔ</span> <!-- niu -->",Twist / Turn/New York,1805,6,No,Tier 2: Intermediate (Rank 1001-2500),2 Cards (Recognition + Recall),"MBP-Intermediate, MBP-Upper"
1768474726293,描,"<span class=""tone2"">miáo</span> <!-- miao -->",Depict / Trace,1246,5,No,Tier 2: Intermediate (Rank 1001-2500),2 Cards (Recognition + Recall),"MBP-Intermediate, MBP-Upper"
1768474726294,挖,"<span class=""tone1"">wā</span> <!-- wa -->",Dig,1860,6,No,Tier 2: Intermediate (Rank 1001-2500),2 Cards (Recognition + Recall),"MBP-Intermediate, MBP-Upper"
1768474726295,押,"<span class=""tone1"">yā</span> <!-- ya -->",Mortgage / Pledge,1775,5,No,Tier 2: Intermediate (Rank 1001-2500),2 Cards (Recognition + Recall),"MBP-Intermediate, MBP-Upper"
1768474726296,披,pī,Drape / Wrap,2032,5,No,Tier 2: Intermediate (Rank 1001-2500),2 Cards (Recognition + Recall),"MBP-Intermediate, MBP-Upper"
1768474726297,彼,"<span class=""tone3"">bǐ</span> <!-- bi -->",That / Other,1256,5,No,Tier 2: Intermediate (Rank 1001-2500),2 Cards (Recognition + Recall),"MBP-Intermediate, MBP-Upper"
1768474726298,玻,bō,Glass,1769,5,No,Tier 2: Intermediate (Rank 1001-2500),2 Cards (Recognition + Recall),"MBP-Intermediate, MBP-Upper"
1768474726299,璃,lí,Glass,1894,5,No,Tier 2: Intermediate (Rank 1001-2500),2 Cards (Recognition + Recall),"MBP-Intermediate, MBP-Upper"
1768474726300,禽,"<span class=""tone2"">qín</span> <!-- qin -->",Birds / Fowl,2562,6,Yes,Tier 3: Lower-Freq (Rank 2501-3500),2 Cards or 1 Card,"MBP-Intermediate, MBP-Upper"
1768474726301,恰,qià,Exactly / Just,1308,6,No,Tier 2: Intermediate (Rank 1001-2500),2 Cards (Recognition + Recall),"MBP-Intermediate, MBP-Upper"
1768474726302,悄,"<span class=""tone1"">qiāo</span> <!-- qiao -->",Quiet / Silent,1434,5,No,Tier 2: Intermediate (Rank 1001-2500),2 Cards (Recognition + Recall),"MBP-Intermediate, MBP-Upper"
1768474726303,悟,wù,Comprehend,1668,6,No,Tier 2: Intermediate (Rank 1001-2500),2 Cards (Recognition + Recall),"MBP-Intermediate, MBP-Upper"
1768474726304,籍,jí,Books / Record / Native,1579,4,No,Tier 2: Intermediate (Rank 1001-2500),2 Cards (Recognition + Recall),"MBP-Intermediate, MBP-Upper"
1768474726305,藉,jí,Insult / Rely / Grass,2615,N/A,No,Tier 3: Lower-Freq (Rank 2501-3500),2 Cards or 1 Card,"MBP-Intermediate, MBP-Upper"
1768474726306,荒,huāng,Waste / Wild / Famine,1328,6,No,Tier 2: Intermediate (Rank 1001-2500),2 Cards (Recognition + Recall),"MBP-Intermediate, MBP-Upper"
1768474726307,慌,huāng,Panic / Flustered,1650,5,No,Tier 2: Intermediate (Rank 1001-2500),2 Cards (Recognition + Recall),"MBP-Intermediate, MBP-Upper"
1768474726308,谎,huǎng,Lie / Falsehood,2207,6,No,Tier 2: Intermediate (Rank 1001-2500),2 Cards (Recognition + Recall),"MBP-Intermediate, MBP-Upper"
1768474726309,薪,xīn,Firewood / Salary,2167,6,No,Tier 2: Intermediate (Rank 1001-2500),2 Cards (Recognition + Recall),"MBP-Intermediate, MBP-Upper"
1768474726310,疏,shū,Sparse / Neglect,1897,6,No,Tier 2: Intermediate (Rank 1001-2500),2 Cards (Recognition + Recall),"leech, MBP-Intermediate, MBP-Upper"
1768474726311,蔬,shū,Vegetable,2721,5,No,Tier 3: Lower-Freq (Rank 2501-3500),2 Cards or 1 Card,"MBP-Intermediate, MBP-Upper"
1768474726312,薯,shǔ,Potato / Yam,3363,N/A,No,Tier 4: Rare / Surname (>3500 or Unranked),1 Card (Recognition Only),"MBP-Intermediate, MBP-Upper"
1768474726313,逻,luó,Logic / Patrol,1591,5,No,Tier 2: Intermediate (Rank 1001-2500),2 Cards (Recognition + Recall),"MBP-Intermediate, MBP-Upper"
1768474726314,酱,"<span class=""tone4"">jiàng</span> <!-- jiang -->",Sauce / Paste,3100,5,No,Tier 4: Rare / Surname (>3500 or Unranked),1 Card (Recognition Only),"MBP-Intermediate, MBP-Upper"
1768474726315,昔,xī,Past / Former,2388,6,No,Tier 2: Intermediate (Rank 1001-2500),2 Cards (Recognition + Recall),"MBP-Intermediate, MBP-Upper"
1768474726316,醋,"<span class=""tone4"">cù</span> <!-- cu -->",Vinegar,3076,5,No,Tier 4: Rare / Surname (>3500 or Unranked),1 Card (Recognition Only),"MBP-Intermediate, MBP-Upper"
1768474726317,腊,là,Cured meat / Dec.,1497,N/A,No,Tier 2: Intermediate (Rank 1001-2500),2 Cards (Recognition + Recall),"MBP-Intermediate, MBP-Upper"
1768474726318,猎,liè,Hunt,1687,6,No,Tier 2: Intermediate (Rank 1001-2500),2 Cards (Recognition + Recall),"MBP-Intermediate, MBP-Upper"
1768474726319,蜡,là,Wax / Candle,2593,6,No,Tier 3: Lower-Freq (Rank 2501-3500),2 Cards or 1 Card,"MBP-Intermediate, MBP-Upper"
1768474726320,烛,zhú,Candle,2537,6,No,Tier 3: Lower-Freq (Rank 2501-3500),2 Cards or 1 Card,"MBP-Intermediate, MBP-Upper"
1768474726321,蛇,shé,Snake,1689,5,No,Tier 2: Intermediate (Rank 1001-2500),2 Cards (Recognition + Recall),"MBP-Intermediate, MBP-Upper"
1768474726322,猴,hóu,Monkey,2187,5,No,Tier 2: Intermediate (Rank 1001-2500),2 Cards (Recognition + Recall),"MBP-Intermediate, MBP-Upper"
1768474726323,犹,"<span class=""tone2"">yóu</span> <!-- you -->",Just like / Still,1230,5,No,Tier 2: Intermediate (Rank 1001-2500),2 Cards (Recognition + Recall),"MBP-Intermediate, MBP-Upper"
1768474726324,剪,jiǎn,Cut (scissors),2227,5,No,Tier 2: Intermediate (Rank 1001-2500),2 Cards (Recognition + Recall),"MBP-Intermediate, MBP-Upper"
1768474726325,箭,jiàn,Arrow,1496,6,No,Tier 2: Intermediate (Rank 1001-2500),2 Cards (Recognition + Recall),"MBP-Intermediate, MBP-Upper"
1768474726326,竹,zhú,Bamboo,1588,5,No,Tier 2: Intermediate (Rank 1001-2500),2 Cards (Recognition + Recall),"MBP-Intermediate, MBP-Upper"
1768474726327,煎,jiān,Pan-fry,2893,6,No,Tier 3: Lower-Freq (Rank 2501-3500),2 Cards or 1 Card,"MBP-Intermediate, MBP-Upper"
1768474726328,煮,"<span class=""tone3"">zhǔ</span> <!-- zhu -->",Boil / Cook,2582,5,No,Tier 3: Lower-Freq (Rank 2501-3500),2 Cards or 1 Card,"MBP-Intermediate, MBP-Upper"
1768474726329,瞧,"<span class=""tone2"">qiáo</span> <!-- qiao -->",Look / See,1551,5,No,Tier 2: Intermediate (Rank 1001-2500),2 Cards (Recognition + Recall),"MBP-Intermediate, MBP-Upper"
1768474726330,盼,"<span class=""tone4"">pàn</span> <!-- pan -->",Look forward to,2174,5,No,Tier 2: Intermediate (Rank 1001-2500),2 Cards (Recognition + Recall),"MBP-Intermediate, MBP-Upper"
1768474726331,瞅,"<span class=""tone3"">chǒu</span> <!-- chou -->",Look / Gaze,2767,N/A,No,Tier 3: Lower-Freq (Rank 2501-3500),2 Cards or 1 Card,"MBP-Intermediate, MBP-Upper"
1768474726332,揪,"<span class=""tone1"">jiū</span> <!-- jiu -->",Grab / Pull / Heartbreaking,3065,N/A,No,Tier 4: Rare / Surname (>3500 or Unranked),1 Card (Recognition Only),"MBP-Intermediate, MBP-Upper"
1768474726333,愁,"<span class=""tone2"">chóu</span> <!-- chou -->",Worry / Sad,2113,5,No,Tier 2: Intermediate (Rank 1001-2500),2 Cards (Recognition + Recall),"MBP-Intermediate, MBP-Upper"
1768474726334,慧,"<span class=""tone4"">huì</span> <!-- hui -->",Wisdom,1505,5,No,Tier 2: Intermediate (Rank 1001-2500),2 Cards (Recognition + Recall),"MBP-Intermediate, MBP-Upper"
1768474726335,肃,sù,Solemn / Respectful,1518,5,No,Tier 2: Intermediate (Rank 1001-2500),2 Cards (Recognition + Recall),"MBP-Intermediate, MBP-Upper"
1768474726336,寿,shòu,Longevity / Life,1615,5,No,Tier 2: Intermediate (Rank 1001-2500),2 Cards (Recognition + Recall),"MBP-Intermediate, MBP-Upper"
1768474726337,艳,yàn,Colorful / Bright,2104,5,No,Tier 2: Intermediate (Rank 1001-2500),2 Cards (Recognition + Recall),"MBP-Intermediate, MBP-Upper"
1768474726338,钻,"<span class=""tone1"">zuān</span> <!-- zuan -->",Drill / Diamond,1724,6,No,Tier 2: Intermediate (Rank 1001-2500),2 Cards (Recognition + Recall),"MBP-Intermediate, MBP-Upper"
1768474726339,铃,"<span class=""tone2"">líng</span> <!-- ling -->",Bell,1969,5,No,Tier 2: Intermediate (Rank 1001-2500),2 Cards (Recognition + Recall),"MBP-Intermediate, MBP-Upper"
1768474726340,琴,"<span class=""tone2"">qín</span> <!-- qin -->",Stringed instrument,1701,4,No,Tier 2: Intermediate (Rank 1001-2500),2 Cards (Recognition + Recall),"MBP-Intermediate, MBP-Upper"
1768474726341,顽,wán,Stubborn / Naughty,2024,6,No,Tier 2: Intermediate (Rank 1001-2500),2 Cards (Recognition + Recall),"MBP-Intermediate, MBP-Upper"
1768474726342,颗,kē,M.W. (small round),1448,5,No,Tier 2: Intermediate (Rank 1001-2500),2 Cards (Recognition + Recall),"MBP-Intermediate, MBP-Upper"
1768474726343,裹,"<span class=""tone3"">guǒ</span> <!-- guo -->",Wrap / Bundle,2387,5,No,Tier 2: Intermediate (Rank 1001-2500),2 Cards (Recognition + Recall),"MBP-Intermediate, MBP-Upper"
1768474726344,倡,chàng,Advocate / Initiate,2185,5,No,Tier 2: Intermediate (Rank 1001-2500),2 Cards (Recognition + Recall),"MBP-Intermediate, MBP-Upper"
1768474726345,仰,"<span class=""tone3"">yǎng</span> <!-- yang -->",Look up / Admire,1368,6,No,Tier 2: Intermediate (Rank 1001-2500),2 Cards (Recognition + Recall),"MBP-Intermediate, MBP-Upper"
1768474726346,匹,pǐ,M.W. (horses) / Match,1908,5,No,Tier 2: Intermediate (Rank 1001-2500),2 Cards (Recognition + Recall),"MBP-Intermediate, MBP-Upper"
1768474726347,劝,quàn,Persuade / Advise,1562,5,No,Tier 2: Intermediate (Rank 1001-2500),2 Cards (Recognition + Recall),"MBP-Intermediate, MBP-Upper"
1768474726348,叉,"<span class=""tone1"">chā</span> <!-- cha -->",Fork,2231,5,No,Tier 2: Intermediate (Rank 1001-2500),2 Cards (Recognition + Recall),"MBP-Intermediate, MBP-Upper"
1768474726349,兔,"<span class=""tone4"">tù</span> <!-- tu -->",Rabbit,2364,5,No,Tier 2: Intermediate (Rank 1001-2500),2 Cards (Recognition + Recall),"MBP-Intermediate, MBP-Upper"
1768474726350,斜,xié,Slanting / Tilt,1786,5,No,Tier 2: Intermediate (Rank 1001-2500),2 Cards (Recognition + Recall),"MBP-Intermediate, MBP-Upper"
1768474726351,枝,"<span class=""tone1"">zhī</span> <!-- zhi -->",Branch,1491,6,No,Tier 2: Intermediate (Rank 1001-2500),2 Cards (Recognition + Recall),"MBP-Intermediate, MBP-Upper"
1768474726352,柴,chái,Firewood,1981,5,No,Tier 2: Intermediate (Rank 1001-2500),2 Cards (Recognition + Recall),"MBP-Intermediate, MBP-Upper"
1768474726353,梨,"<span class=""tone2"">lí</span> <!-- li -->",Pear,3004,5,No,Tier 4: Rare / Surname (>3500 or Unranked),1 Card (Recognition Only),"MBP-Intermediate, MBP-Upper"
1768474726354,躲,"<span class=""tone3"">duǒ</span> <!-- duo -->",Hide / Avoid,1644,5,No,Tier 2: Intermediate (Rank 1001-2500),2 Cards (Recognition + Recall),"MBP-Intermediate, MBP-Upper"
1768474726355,豫,yù,Hesitate,1956,5,No,Tier 2: Intermediate (Rank 1001-2500),2 Cards (Recognition + Recall),"MBP-Intermediate, MBP-Upper"
1768474726356,漠,mò,Desert / Indifferent,1777,5,No,Tier 2: Intermediate (Rank 1001-2500),2 Cards (Recognition + Recall),"MBP-Intermediate, MBP-Upper"
1768474726357,洒,"<span class=""tone3"">sǎ</span> <!-- sa -->",Sprinkle / Spray,2283,5,No,Tier 2: Intermediate (Rank 1001-2500),2 Cards (Recognition + Recall),"MBP-Intermediate, MBP-Upper"
1768474726358,牺,xī,Sacrifice,1814,6,No,Tier 2: Intermediate (Rank 1001-2500),2 Cards (Recognition + Recall),"MBP-Intermediate, MBP-Upper"
1768474726359,牲,shēng,Sacrifice / Livestock,1582,6,No,Tier 2: Intermediate (Rank 1001-2500),2 Cards (Recognition + Recall),"MBP-Intermediate, MBP-Upper"
1768474726360,厘,lí,Centi- / Unit,2262,5,No,Tier 2: Intermediate (Rank 1001-2500),2 Cards (Recognition + Recall),"MBP-Intermediate, MBP-Upper"
1768474726361,厄,è,Disaster / Hardship,2407,N/A,No,Tier 2: Intermediate (Rank 1001-2500),2 Cards (Recognition + Recall),"MBP-Intermediate, MBP-Upper"
1768474726362,脆,"<span class=""tone4"">cuì</span> <!-- cui -->",Crisp / Fragile,1976,5,No,Tier 2: Intermediate (Rank 1001-2500),2 Cards (Recognition + Recall),"MBP-Intermediate, MBP-Upper"
1768474726363,跪,"<span class=""tone4"">guì</span> <!-- gui -->",Kneel,2128,6,No,Tier 2: Intermediate (Rank 1001-2500),2 Cards (Recognition + Recall),"MBP-Intermediate, MBP-Upper"
1768474726364,踩,"<span class=""tone3"">cǎi</span> <!-- cai -->",Step on / Tread,2570,5,No,Tier 3: Lower-Freq (Rank 2501-3500),2 Cards or 1 Card,"MBP-Intermediate, MBP-Upper"
1768474726365,扼,"<span class=""tone4"">è</span> <!-- e -->",Grip / Strangle,2931,N/A,No,Tier 3: Lower-Freq (Rank 2501-3500),2 Cards or 1 Card,"MBP-Intermediate, MBP-Upper"
1768474726366,挣,zhèng,Earn / Struggle,1875,5,No,Tier 2: Intermediate (Rank 1001-2500),2 Cards (Recognition + Recall),"MBP-Intermediate, MBP-Upper"
1768474726367,抄,"<span class=""tone1"">chāo</span> <!-- chao -->",Copy / Transcribe,2213,5,No,Tier 2: Intermediate (Rank 1001-2500),2 Cards (Recognition + Recall),"MBP-Intermediate, MBP-Upper"
1768474726368,捉,zhuō,Catch / Grasp,1822,6,No,Tier 2: Intermediate (Rank 1001-2500),2 Cards (Recognition + Recall),"MBP-Intermediate, MBP-Upper"
1768474726369,摔,"<span class=""tone1"">shuāi</span> <!-- shuai -->",Fall / Break,2270,5,No,Tier 2: Intermediate (Rank 1001-2500),2 Cards (Recognition + Recall),"MBP-Intermediate, MBP-Upper"
1768474726370,拐,"<span class=""tone3"">guǎi</span> <!-- guai -->",Crutch / Turn,2232,5,No,Tier 2: Intermediate (Rank 1001-2500),2 Cards (Recognition + Recall),"MBP-Intermediate, MBP-Upper"
1768474726371,掏,"<span class=""tone1"">tāo</span> <!-- tao -->",Scoop out / Dig,2218,6,No,Tier 2: Intermediate (Rank 1001-2500),2 Cards (Recognition + Recall),"MBP-Intermediate, MBP-Upper"
1768474726372,捡,jiǎn,Pick up,2753,5,No,Tier 3: Lower-Freq (Rank 2501-3500),2 Cards or 1 Card,"MBP-Intermediate, MBP-Upper"
1768474726373,矣,yǐ,(Final particle),2069,N/A,No,Tier 2: Intermediate (Rank 1001-2500),2 Cards (Recognition + Recall),"MBP-Intermediate, MBP-Upper"
1768474726374,挨,"<span class=""tone1"">āi</span> <!-- ai -->",Next to / Suffer,2012,6,No,Tier 2: Intermediate (Rank 1001-2500),2 Cards (Recognition + Recall),"MBP-Intermediate, MBP-Upper"
1768474726375,唉,āi,Alas / (Sigh),2091,5,No,Tier 2: Intermediate (Rank 1001-2500),2 Cards (Recognition + Recall),"MBP-Intermediate, MBP-Upper"
1768474726376,诶,èi,Hey / (Interjection),5528,N/A,No,Tier 4: Rare / Surname (>3500 or Unranked),1 Card (Recognition Only),"MBP-Intermediate, MBP-Upper"
1768474726377,埃,"<span class=""tone1"">āi</span> <!-- ai -->",Dust / Egypt,1121,N/A,No,Tier 2: Intermediate (Rank 1001-2500),2 Cards (Recognition + Recall),"MBP-Intermediate, MBP-Upper"
1768474726378,垄,"<span class=""tone3"">lǒng</span> <!-- long -->",Mound / Monopoly,2336,6,No,Tier 2: Intermediate (Rank 1001-2500),2 Cards (Recognition + Recall),"MBP-Intermediate, MBP-Upper"
1768474726379,宠,"<span class=""tone3"">chǒng</span> <!-- chong -->",Pet / Favor,2422,5,No,Tier 2: Intermediate (Rank 1001-2500),2 Cards (Recognition + Recall),"MBP-Intermediate, MBP-Upper"
1768474726380,袭,xí,Attack / Inherit,1213,6,No,Tier 2: Intermediate (Rank 1001-2500),2 Cards (Recognition + Recall),"MBP-Intermediate, MBP-Upper"
1768474726381,拢,"<span class=""tone3"">lǒng</span> <!-- long -->",Collect / Pull,2374,6,No,Tier 2: Intermediate (Rank 1001-2500),2 Cards (Recognition + Recall),"MBP-Intermediate, MBP-Upper"
1768474726382,聋,"<span class=""tone2"">lóng</span> <!-- long -->",Deaf,2873,6,No,Tier 3: Lower-Freq (Rank 2501-3500),2 Cards or 1 Card,"MBP-Intermediate, MBP-Upper"
1768474726383,庞,"<span class=""tone2"">páng</span> <!-- pang -->",Huge / Vast,1849,6,No,Tier 2: Intermediate (Rank 1001-2500),2 Cards (Recognition + Recall),"MBP-Intermediate, MBP-Upper"
1768474726384,笼,lóng,Cage / Basket,1928,6,No,Tier 2: Intermediate (Rank 1001-2500),2 Cards (Recognition + Recall),"MBP-Intermediate, MBP-Upper"
1768474726385,绒,"<span class=""tone2"">róng</span> <!-- rong -->",Velvet / Down,2678,6,No,Tier 3: Lower-Freq (Rank 2501-3500),2 Cards or 1 Card,"leech, leech::toolkit-filtered, MBP-Intermediate, MBP-Upper"
1768474726386,绘,"<span class=""tone4"">huì</span> <!-- hui -->",Paint / Draw,1809,6,No,Tier 2: Intermediate (Rank 1001-2500),2 Cards (Recognition + Recall),"MBP-Intermediate, MBP-Upper"
1768474726387,姨,yí,Aunt (maternal),2287,3,No,Tier 2: Intermediate (Rank 1001-2500),2 Cards (Recognition + Recall),"MBP-Intermediate, MBP-Upper"
1768474726388,粥,"<span class=""tone1"">zhōu</span> <!-- zhou -->",Porridge,3021,6,No,Tier 4: Rare / Surname (>3500 or Unranked),1 Card (Recognition Only),"MBP-Intermediate, MBP-Upper"
1768474726389,弯,"<span class=""tone1"">wān</span> <!-- wan -->",Bend / Curved,1662,5,No,Tier 2: Intermediate (Rank 1001-2500),2 Cards (Recognition + Recall),"MBP-Intermediate, MBP-Upper"
1768474726390,闷,mèn,Stuffy / Bored,1830,6,No,Tier 2: Intermediate (Rank 1001-2500),2 Cards (Recognition + Recall),"MBP-Intermediate, MBP-Upper"
1768474726391,阁,gé,Pavilion / Cabinet,1682,N/A,No,Tier 2: Intermediate (Rank 1001-2500),2 Cards (Recognition + Recall),"MBP-Intermediate, MBP-Upper"
1768474726392,闯,"<span class=""tone3"">chuǎng</span> <!-- chuang -->",Rush / Dash,2129,5,No,Tier 2: Intermediate (Rank 1001-2500),2 Cards (Recognition + Recall),"MBP-Intermediate, MBP-Upper"
1768474726393,腾,"<span class=""tone2"">téng</span> <!-- teng -->",Leap / Gallop,1635,6,No,Tier 2: Intermediate (Rank 1001-2500),2 Cards (Recognition + Recall),"MBP-Intermediate, MBP-Upper"
1768474726394,壶,"<span class=""tone2"">hú</span> <!-- hu -->",Pot / Kettle,2518,5,Yes,Tier 3: Lower-Freq (Rank 2501-3500),2 Cards or 1 Card,"MBP-Intermediate, MBP-Upper"
1768474726395,壳,ké,Shell / Case,1937,6,No,Tier 2: Intermediate (Rank 1001-2500),2 Cards (Recognition + Recall),"MBP-Intermediate, MBP-Upper"
1768474726396,馒,"<span class=""tone2"">mán</span> <!-- man -->",Steamed bun,3628,5,No,Tier 4: Rare / Surname (>3500 or Unranked),1 Card (Recognition Only),"MBP-Intermediate, MBP-Upper"
1768474726397,饲,sì,Feed / Raise,1971,6,No,Tier 2: Intermediate (Rank 1001-2500),2 Cards (Recognition + Recall),"MBP-Intermediate, MBP-Upper"
1768474726398,幻,huàn,Illusion / Fancy,1417,5,No,Tier 2: Intermediate (Rank 1001-2500),2 Cards (Recognition + Recall),"MBP-Intermediate, MBP-Upper"
1768474726399,畜,chù,Livestock,2030,6,No,Tier 2: Intermediate (Rank 1001-2500),2 Cards (Recognition + Recall),"MBP-Intermediate, MBP-Upper"
1768474726400,搐,chù,Twitch,3680,N/A,No,Tier 4: Rare / Surname (>3500 or Unranked),1 Card (Recognition Only),"MBP-Intermediate, MBP-Upper"
1768474726401,蓄,"<span class=""tone4"">xù</span> <!-- xu -->",Save / Accumulate,1985,6,No,Tier 2: Intermediate (Rank 1001-2500),2 Cards (Recognition + Recall),"MBP-Intermediate, MBP-Upper"
1768474726402,誉,yù,Honor / Fame,1676,6,No,Tier 2: Intermediate (Rank 1001-2500),2 Cards (Recognition + Recall),"MBP-Intermediate, MBP-Upper"
1768474726403,譬,"<span class=""tone4"">pì</span> <!-- pi -->",Example / Metaphor,2441,6,No,Tier 2: Intermediate (Rank 1001-2500),2 Cards (Recognition + Recall),"MBP-Intermediate, MBP-Upper"
1768474726404,袖,"<span class=""tone4"">xiù</span> <!-- xiu -->",Sleeve,1686,6,No,Tier 2: Intermediate (Rank 1001-2500),2 Cards (Recognition + Recall),"MBP-Intermediate, MBP-Upper"
1768474726405,裸,luǒ,Naked / Bare,2164,N/A,No,Tier 2: Intermediate (Rank 1001-2500),2 Cards (Recognition + Recall),"MBP-Intermediate, MBP-Upper"
1768825321545,瞬,"<span class=""tone4"">shùn</span> <!-- shun -->",to wink,2114,6,No,Tier 2: Intermediate (Rank 1001-2500),2 Cards (Recognition + Recall),
1768839559085,筒,"<span class=""tone3"">tǒng</span> <!-- tong -->","tube,&nbsp;cylinder",2088,6,No,Tier 2: Intermediate (Rank 1001-2500),2 Cards (Recognition + Recall),
1768839944275,仙,"<span class=""tone1"">xiān</span> <!-- xian -->",immortal/fairy,1255,6,No,Tier 2: Intermediate (Rank 1001-2500),2 Cards (Recognition + Recall),
1768924766374,捷,"<span class=""tone2"">jié</span> <!-- jie -->","triumph, quick,&nbsp;nimble",1789,6,No,Tier 2: Intermediate (Rank 1001-2500),2 Cards (Recognition + Recall),
1778227239425,豚,tún,suckling pig,3307,N/A,No,Tier 4: Rare / Surname (>3500 or Unranked),1 Card (Recognition Only),
1778227239439,斧,fǔ,hatchet,2771,N/A,No,Tier 3: Lower-Freq (Rank 2501-3500),2 Cards or 1 Card,
1778227239459,摧,cuī,to break,2166,6,No,Tier 2: Intermediate (Rank 1001-2500),2 Cards (Recognition + Recall),
1778227239468,菇,gū,(bound form) mushroom,3287,N/A,No,Tier 4: Rare / Surname (>3500 or Unranked),1 Card (Recognition Only),
1778227239488,拦,lán,to block sb's path,1996,5,No,Tier 2: Intermediate (Rank 1001-2500),2 Cards (Recognition + Recall),
1778227239500,籽,zǐ,seed (of a plant),3567,N/A,No,Tier 4: Rare / Surname (>3500 or Unranked),1 Card (Recognition Only),
1778227239512,眉,méi,eyebrow,1460,5,No,Tier 2: Intermediate (Rank 1001-2500),2 Cards (Recognition + Recall),
1778227239535,蚂,mā,ant,2888,6,No,Tier 3: Lower-Freq (Rank 2501-3500),2 Cards or 1 Card,
1778227239551,骷,kū,skeleton,3745,N/A,No,Tier 4: Rare / Surname (>3500 or Unranked),1 Card (Recognition Only),
1778227239562,逞,chěng,to show off,3175,N/A,No,Tier 4: Rare / Surname (>3500 or Unranked),1 Card (Recognition Only),
1778227239579,鲸,jīng,whale,2618,N/A,No,Tier 3: Lower-Freq (Rank 2501-3500),2 Cards or 1 Card,
1778227239597,吾,wú,surname Wu,1649,N/A,Yes,Tier 2: Intermediate (Rank 1001-2500),2 Cards (Recognition + Recall),
1778227239606,瞎,xiā,blind,2395,5,No,Tier 2: Intermediate (Rank 1001-2500),2 Cards (Recognition + Recall),
1778227239630,叮,dīng,"to sting or bite (of mosquito, bee etc)",2611,6,No,Tier 3: Lower-Freq (Rank 2501-3500),2 Cards or 1 Card,
1778227239647,蘑,mó,mushroom,3528,N/A,No,Tier 4: Rare / Surname (>3500 or Unranked),1 Card (Recognition Only),
1778227239678,哼,hēng,to groan,1966,6,No,Tier 2: Intermediate (Rank 1001-2500),2 Cards (Recognition + Recall),
1778227239698,啥,shá,What?!,2082,6,No,Tier 2: Intermediate (Rank 1001-2500),2 Cards (Recognition + Recall),
1778227239705,瑰,guī,(semiprecious stone),2492,N/A,No,Tier 2: Intermediate (Rank 1001-2500),2 Cards (Recognition + Recall),
1778227239720,秩,zhì,salary,1749,5,No,Tier 2: Intermediate (Rank 1001-2500),2 Cards (Recognition + Recall),
1778227239738,酿,niàng,to ferment,2764,6,No,Tier 3: Lower-Freq (Rank 2501-3500),2 Cards or 1 Card,
1778227239749,狐,hú,fox,2321,N/A,No,Tier 2: Intermediate (Rank 1001-2500),2 Cards (Recognition + Recall),
1778227239763,哟,yō,Oh! (interjection indicating slight surprise),2524,N/A,No,Tier 3: Lower-Freq (Rank 2501-3500),2 Cards or 1 Card,
1778227239776,遥,yáo,distant,1715,6,No,Tier 2: Intermediate (Rank 1001-2500),2 Cards (Recognition + Recall),
1778227239791,蒋,jiǎng,surname Jiang,1172,N/A,Yes,Tier 2: Intermediate (Rank 1001-2500),2 Cards (Recognition + Recall),
1778227239812,蜂,fēng,Bee,1912,5,No,Tier 2: Intermediate (Rank 1001-2500),2 Cards (Recognition + Recall),
1778227239819,惩,chéng,to punish,1821,6,No,Tier 2: Intermediate (Rank 1001-2500),2 Cards (Recognition + Recall),
1778227239834,酬,chóu,old variant of 酬[chou2],2005,6,No,Tier 2: Intermediate (Rank 1001-2500),2 Cards (Recognition + Recall),
1778227239843,螂,láng,dragonfly,3594,N/A,No,Tier 4: Rare / Surname (>3500 or Unranked),1 Card (Recognition Only),
1778227239858,庙,miào,temple,1889,6,No,Tier 2: Intermediate (Rank 1001-2500),2 Cards (Recognition + Recall),
1778227239864,鲨,shā,shark,3664,N/A,No,Tier 4: Rare / Surname (>3500 or Unranked),1 Card (Recognition Only),
1778227239885,恕,shù,to forgive,2314,6,No,Tier 2: Intermediate (Rank 1001-2500),2 Cards (Recognition + Recall),
1778227239890,谱,pǔ,chart,2274,6,No,Tier 2: Intermediate (Rank 1001-2500),2 Cards (Recognition + Recall),
1778227239909,柑,gān,large tangerine,4276,N/A,No,Tier 4: Rare / Surname (>3500 or Unranked),1 Card (Recognition Only),
1778227239917,马,mǎ,surname Ma,276,3,Yes,Tier 1: Core (Rank 1-1000),2 Cards (Recognition + Recall),
1778227239929,棍,gùn,stick; rod; truncheon,2255,6,No,Tier 2: Intermediate (Rank 1001-2500),2 Cards (Recognition + Recall),
1778227239937,溶,róng,to dissolve,2278,6,No,Tier 2: Intermediate (Rank 1001-2500),2 Cards (Recognition + Recall),
1778227239960,稚,zhì,infantile,2720,6,No,Tier 3: Lower-Freq (Rank 2501-3500),2 Cards or 1 Card,
1778227239972,玫,méi,(fine jade),2303,N/A,No,Tier 2: Intermediate (Rank 1001-2500),2 Cards (Recognition + Recall),
1778227239984,雇,gù,hire,1817,6,No,Tier 2: Intermediate (Rank 1001-2500),2 Cards (Recognition + Recall),
1778227239990,绑,bǎng,to tie,2421,6,No,Tier 2: Intermediate (Rank 1001-2500),2 Cards (Recognition + Recall),
1778227240005,尴,gān,Akward,2726,6,No,Tier 3: Lower-Freq (Rank 2501-3500),2 Cards or 1 Card,
1778227240024,痕,hén,scar,1938,6,No,Tier 2: Intermediate (Rank 1001-2500),2 Cards (Recognition + Recall),
1778227240037,蔓,mán,to spread,2829,6,No,Tier 3: Lower-Freq (Rank 2501-3500),2 Cards or 1 Card,
1778227240054,妆,zhuāng,(of a woman) to adorn oneself,2639,6,No,Tier 3: Lower-Freq (Rank 2501-3500),2 Cards or 1 Card,
1778227240065,虐,nüè,(bound form) brutal; oppressive; harsh,2665,6,No,Tier 3: Lower-Freq (Rank 2501-3500),2 Cards or 1 Card,
1778227240071,嗅,xiù,to smell,2703,6,No,Tier 3: Lower-Freq (Rank 2501-3500),2 Cards or 1 Card,
1778227240078,滥,làn,overflowing,2282,6,No,Tier 2: Intermediate (Rank 1001-2500),2 Cards (Recognition + Recall),
1778227240083,雾,wù,fog,1670,5,No,Tier 2: Intermediate (Rank 1001-2500),2 Cards (Recognition + Recall),
1778227240089,揍,zòu,to hit; to beat (sb),3540,6,No,Tier 4: Rare / Surname (>3500 or Unranked),1 Card (Recognition Only),
1778227240096,拇,mǔ,thumb,3031,N/A,No,Tier 4: Rare / Surname (>3500 or Unranked),1 Card (Recognition Only),
1778227240103,涂,tú,to apply (paint etc),1735,5,Yes,Tier 2: Intermediate (Rank 1001-2500),2 Cards (Recognition + Recall),
1778227240110,贼,zéi,thief,2001,6,No,Tier 2: Intermediate (Rank 1001-2500),2 Cards (Recognition + Recall),
1778227240117,弥,mí,full,1785,6,No,Tier 2: Intermediate (Rank 1001-2500),2 Cards (Recognition + Recall),
1778227240123,坑,kēng,pit; hollow; depression,2242,6,No,Tier 2: Intermediate (Rank 1001-2500),2 Cards (Recognition + Recall),
1778227240127,呦,yōu,Oh! (exclamation of dismay etc),5390,N/A,No,Tier 4: Rare / Surname (>3500 or Unranked),1 Card (Recognition Only),
1778227240135,帆,fān,unfurl,2459,6,No,Tier 2: Intermediate (Rank 1001-2500),2 Cards (Recognition + Recall),
1778227240142,帜,zhì,flag,2813,6,No,Tier 3: Lower-Freq (Rank 2501-3500),2 Cards or 1 Card,
1778227240148,哺,bǔ,to feed,2810,6,No,Tier 3: Lower-Freq (Rank 2501-3500),2 Cards or 1 Card,
1778227240154,蜗,wō,snail,3723,N/A,No,Tier 4: Rare / Surname (>3500 or Unranked),1 Card (Recognition Only),
1778227240161,绸,chóu,(light) silk,2635,5,No,Tier 3: Lower-Freq (Rank 2501-3500),2 Cards or 1 Card,
1778227240167,唬,hǔ,a tiger's roar,3161,N/A,No,Tier 4: Rare / Surname (>3500 or Unranked),1 Card (Recognition Only),
1778227240172,贝,bèi,surname Bei,1133,5,Yes,Tier 2: Intermediate (Rank 1001-2500),2 Cards (Recognition + Recall),
1778227240179,毯,tǎn,blanket,2711,5,No,Tier 3: Lower-Freq (Rank 2501-3500),2 Cards or 1 Card,
1778227240186,坟,fén,grave,2370,6,No,Tier 2: Intermediate (Rank 1001-2500),2 Cards (Recognition + Recall),
1778227240192,婊,biǎo,prostitute,4237,N/A,No,Tier 4: Rare / Surname (>3500 or Unranked),1 Card (Recognition Only),
1778227240197,泄,xiè,Leak,2010,6,No,Tier 2: Intermediate (Rank 1001-2500),2 Cards (Recognition + Recall),
1778227240205,佩,pèi,to respect,1507,5,No,Tier 2: Intermediate (Rank 1001-2500),2 Cards (Recognition + Recall),
1778227240213,陌,mò,raised path,2243,5,No,Tier 2: Intermediate (Rank 1001-2500),2 Cards (Recognition + Recall),
1778227240247,葫,hú,Bottle gourd,3246,N/A,No,Tier 4: Rare / Surname (>3500 or Unranked),1 Card (Recognition Only),
1778227240255,纽,niǔ,to turn,1767,6,No,Tier 2: Intermediate (Rank 1001-2500),2 Cards (Recognition + Recall),
1778227240259,逗,dòu,to tease (playfully); to entice,2587,5,No,Tier 3: Lower-Freq (Rank 2501-3500),2 Cards or 1 Card,
1778227240265,芦,lú,rush,2477,N/A,No,Tier 2: Intermediate (Rank 1001-2500),2 Cards (Recognition + Recall),
1778227240270,桩,zhuāng,stump; stake; pile,2491,N/A,No,Tier 2: Intermediate (Rank 1001-2500),2 Cards (Recognition + Recall),
1778227240277,肋,lèi,(bound form) rib,3324,N/A,No,Tier 4: Rare / Surname (>3500 or Unranked),1 Card (Recognition Only),
1778227240284,抑,yì,to restrain,1748,6,No,Tier 2: Intermediate (Rank 1001-2500),2 Cards (Recognition + Recall),
1778227240290,滩,tān,beach,2062,5,No,Tier 2: Intermediate (Rank 1001-2500),2 Cards (Recognition + Recall),
1778227240296,稀,xī,sparse; scattered,1788,6,No,Tier 2: Intermediate (Rank 1001-2500),2 Cards (Recognition + Recall),
1778227240302,秃,tū,bald (lacking hair or feathers),2521,6,No,Tier 3: Lower-Freq (Rank 2501-3500),2 Cards or 1 Card,
1778227240309,溜,liū,to slip away,1923,6,No,Tier 2: Intermediate (Rank 1001-2500),2 Cards (Recognition + Recall),
1778227240315,贪,tān,to have a voracious desire for,1874,6,No,Tier 2: Intermediate (Rank 1001-2500),2 Cards (Recognition + Recall),
1778227240320,砸,zá,to smash,2456,6,No,Tier 2: Intermediate (Rank 1001-2500),2 Cards (Recognition + Recall),
1778227240326,纹,wén,line; trace; mark; pattern; grain (of wood etc),1768,6,No,Tier 2: Intermediate (Rank 1001-2500),2 Cards (Recognition + Recall),
1778227240333,狡,jiǎo,crafty,2670,5,No,Tier 3: Lower-Freq (Rank 2501-3500),2 Cards or 1 Card,
1778227240339,嫉,jí,jealousy,2690,6,No,Tier 3: Lower-Freq (Rank 2501-3500),2 Cards or 1 Card,
1778227240344,蚁,yǐ,ant,2517,6,No,Tier 3: Lower-Freq (Rank 2501-3500),2 Cards or 1 Card,
1778227240351,昆,kūn,variant of 崑|昆[kun1],1759,5,No,Tier 2: Intermediate (Rank 1001-2500),2 Cards (Recognition + Recall),
1778227240355,撒,sā,to let go,1445,6,No,Tier 2: Intermediate (Rank 1001-2500),2 Cards (Recognition + Recall),
1778227240358,恳,kěn,earnest,2265,5,No,Tier 2: Intermediate (Rank 1001-2500),2 Cards (Recognition + Recall),
1778227240363,寞,mò,lonesome,2601,5,No,Tier 3: Lower-Freq (Rank 2501-3500),2 Cards or 1 Card,
1778227240367,署,shǔ,office,1379,6,No,Tier 2: Intermediate (Rank 1001-2500),2 Cards (Recognition + Recall),
1778227240371,赋,fù,poetic essay,1747,6,No,Tier 2: Intermediate (Rank 1001-2500),2 Cards (Recognition + Recall),
1778227240375,劈,pī,to hack,2487,6,No,Tier 2: Intermediate (Rank 1001-2500),2 Cards (Recognition + Recall),
1778227240377,姻,yīn,marriage connections,2007,5,No,Tier 2: Intermediate (Rank 1001-2500),2 Cards (Recognition + Recall),
1778227240380,噩,è,startling,3408,N/A,No,Tier 4: Rare / Surname (>3500 or Unranked),1 Card (Recognition Only),
1778227240383,懵,měng,stupid,3823,N/A,No,Tier 4: Rare / Surname (>3500 or Unranked),1 Card (Recognition Only),
1778227240387,茫,máng,"vast, with no clear boundary",1951,6,No,Tier 2: Intermediate (Rank 1001-2500),2 Cards (Recognition + Recall),
1778227240390,驭,yù,variant of 御[yu4],3424,N/A,No,Tier 4: Rare / Surname (>3500 or Unranked),1 Card (Recognition Only),
1778227240393,泰,tài,Mt Tai 泰山[Tai4 Shan1] in Shandong,1318,6,No,Tier 2: Intermediate (Rank 1001-2500),2 Cards (Recognition + Recall),
1778227240398,链,liàn,chain,2099,5,No,Tier 2: Intermediate (Rank 1001-2500),2 Cards (Recognition + Recall),
1778227240402,寨,zhài,stronghold,2313,N/A,No,Tier 2: Intermediate (Rank 1001-2500),2 Cards (Recognition + Recall),
1778227240407,嗦,suō,to suck,3089,6,No,Tier 4: Rare / Surname (>3500 or Unranked),1 Card (Recognition Only),
1778227240412,臂,bì,arm,1688,6,No,Tier 2: Intermediate (Rank 1001-2500),2 Cards (Recognition + Recall),
1778227240416,见,jiàn,to see,153,1,No,Tier 1: Core (Rank 1-1000),2 Cards (Recognition + Recall),
1778227240421,溃,huì,used in 潰膿|溃脓[hui4 nong2],1916,6,No,Tier 2: Intermediate (Rank 1001-2500),2 Cards (Recognition + Recall),
1778227240425,狮,shī,(bound form) lion,2211,5,No,Tier 2: Intermediate (Rank 1001-2500),2 Cards (Recognition + Recall),
1778227240428,擅,shàn,without authority,2377,6,No,Tier 2: Intermediate (Rank 1001-2500),2 Cards (Recognition + Recall),
1778227240431,愚,yú,to be stupid,1895,6,No,Tier 2: Intermediate (Rank 1001-2500),2 Cards (Recognition + Recall),
1778227240433,贱,jiàn,inexpensive,2589,N/A,No,Tier 3: Lower-Freq (Rank 2501-3500),2 Cards or 1 Card,
1778227240438,浑,hún,muddy; turbid,1991,6,No,Tier 2: Intermediate (Rank 1001-2500),2 Cards (Recognition + Recall),
1778227240444,栓,shuān,bottle stopper,2938,N/A,No,Tier 3: Lower-Freq (Rank 2501-3500),2 Cards or 1 Card,
1778227240449,黏,nián,sticky; glutinous,3645,N/A,No,Tier 4: Rare / Surname (>3500 or Unranked),1 Card (Recognition Only),
1778227240453,魅,mèi,demon,2662,5,No,Tier 3: Lower-Freq (Rank 2501-3500),2 Cards or 1 Card,
1778227240458,屁,pì,fart,2295,6,No,Tier 2: Intermediate (Rank 1001-2500),2 Cards (Recognition + Recall),
1778227240462,蜘,zhī,used in 蜘蛛[zhi1 zhu1],3043,N/A,No,Tier 4: Rare / Surname (>3500 or Unranked),1 Card (Recognition Only),
1778227240467,诈,zhà,to cheat,2403,6,No,Tier 2: Intermediate (Rank 1001-2500),2 Cards (Recognition + Recall),
1778227240472,帕,pà,to wrap,1519,N/A,No,Tier 2: Intermediate (Rank 1001-2500),2 Cards (Recognition + Recall),
1778227240476,蝙,biān,used in 蝙蝠[bian1 fu2],3829,N/A,No,Tier 4: Rare / Surname (>3500 or Unranked),1 Card (Recognition Only),
1778227240481,蜻,qīng,see 蜻蜓[qing1 ting2],4044,N/A,No,Tier 4: Rare / Surname (>3500 or Unranked),1 Card (Recognition Only),
1778227240487,谬,miù,(bound form) false; erroneous; absurd,2390,6,No,Tier 2: Intermediate (Rank 1001-2500),2 Cards (Recognition + Recall),
1778227240491,廓,kuò,(bound form) extensive; vast,2911,6,No,Tier 3: Lower-Freq (Rank 2501-3500),2 Cards or 1 Card,
1778227240495,仲,zhòng,surname Zhong,1706,N/A,Yes,Tier 2: Intermediate (Rank 1001-2500),2 Cards (Recognition + Recall),
1778227240500,寂,jì,silent,1739,5,No,Tier 2: Intermediate (Rank 1001-2500),2 Cards (Recognition + Recall),
1778227240505,殴,ōu,surname Ou,3354,6,Yes,Tier 4: Rare / Surname (>3500 or Unranked),1 Card (Recognition Only),
1778227240510,盔,kuī,helmet,3030,N/A,No,Tier 4: Rare / Surname (>3500 or Unranked),1 Card (Recognition Only),
1778227240514,闺,guī,small arched door,3347,N/A,No,Tier 4: Rare / Surname (>3500 or Unranked),1 Card (Recognition Only),
1778227240520,蟑,zhāng,used in 蟑螂[zhang1 lang2],4269,N/A,No,Tier 4: Rare / Surname (>3500 or Unranked),1 Card (Recognition Only),
1778227240525,御,yù,(bound form) imperial; royal,1381,6,No,Tier 2: Intermediate (Rank 1001-2500),2 Cards (Recognition + Recall),
1778227240529,匿,nì,to hide,2804,N/A,No,Tier 3: Lower-Freq (Rank 2501-3500),2 Cards or 1 Card,
1778227240534,蜜,mì,honey,2014,5,No,Tier 2: Intermediate (Rank 1001-2500),2 Cards (Recognition + Recall),
1778227240539,厢,xiāng,box (in theater),2467,5,No,Tier 2: Intermediate (Rank 1001-2500),2 Cards (Recognition + Recall),
1778227240543,霉,méi,mold,2425,5,No,Tier 2: Intermediate (Rank 1001-2500),2 Cards (Recognition + Recall),
1778227240548,胎,tāi,fetus,1984,6,No,Tier 2: Intermediate (Rank 1001-2500),2 Cards (Recognition + Recall),
1778227240553,巫,wū,surname Wu,2189,N/A,Yes,Tier 2: Intermediate (Rank 1001-2500),2 Cards (Recognition + Recall),
1778227240557,钉,dīng,nail,2267,6,No,Tier 2: Intermediate (Rank 1001-2500),2 Cards (Recognition + Recall),
1778227240561,佬,lǎo,male,3323,N/A,No,Tier 4: Rare / Surname (>3500 or Unranked),1 Card (Recognition Only),
1778227240566,牧,mù,surname Mu,1580,6,Yes,Tier 2: Intermediate (Rank 1001-2500),2 Cards (Recognition + Recall),
1778227240571,霸,bà,variant of 霸[ba4],1838,6,No,Tier 2: Intermediate (Rank 1001-2500),2 Cards (Recognition + Recall),
1778227240575,蛙,wā,frog,2904,N/A,No,Tier 3: Lower-Freq (Rank 2501-3500),2 Cards or 1 Card,
1778227240580,扳,bān,to pull,3169,N/A,No,Tier 4: Rare / Surname (>3500 or Unranked),1 Card (Recognition Only),
1778227240594,梢,shāo,tip of branch,2785,6,No,Tier 3: Lower-Freq (Rank 2501-3500),2 Cards or 1 Card,
1778227240599,渣,zhā,slag (in mining or smelting),3196,6,No,Tier 4: Rare / Surname (>3500 or Unranked),1 Card (Recognition Only),
1778227240603,扛,gāng,to raise aloft with both hands,2989,6,No,Tier 3: Lower-Freq (Rank 2501-3500),2 Cards or 1 Card,
1778227240608,隶,lì,variant of 隸|隶[li4],1801,6,No,Tier 2: Intermediate (Rank 1001-2500),2 Cards (Recognition + Recall),
1778227240613,拭,shì,to wipe,3337,N/A,No,Tier 4: Rare / Surname (>3500 or Unranked),1 Card (Recognition Only),
1778227240617,凯,kǎi,surname Kai,1447,N/A,Yes,Tier 2: Intermediate (Rank 1001-2500),2 Cards (Recognition + Recall),
1778227240622,棋,qí,variant of 棋[qi2],2089,5,No,Tier 2: Intermediate (Rank 1001-2500),2 Cards (Recognition + Recall),
1778227240626,狸,lí,(bound form) used in the names of small mammals,2738,N/A,No,Tier 3: Lower-Freq (Rank 2501-3500),2 Cards or 1 Card,
1778227240632,搏,bó,to fight,2372,6,No,Tier 2: Intermediate (Rank 1001-2500),2 Cards (Recognition + Recall),
1778227240636,卸,xiè,to unload,2479,6,No,Tier 2: Intermediate (Rank 1001-2500),2 Cards (Recognition + Recall),
1778227240650,狩,shòu,to hunt,3190,N/A,No,Tier 4: Rare / Surname (>3500 or Unranked),1 Card (Recognition Only),
1778227240656,砖,zhuān,variant of 甎|砖[zhuan1],2355,6,No,Tier 2: Intermediate (Rank 1001-2500),2 Cards (Recognition + Recall),
1778227240660,酝,yùn,to brew,3362,6,No,Tier 4: Rare / Surname (>3500 or Unranked),1 Card (Recognition Only),
1778227240665,绞,jiǎo,to twist (strands into a thread),2672,N/A,No,Tier 3: Lower-Freq (Rank 2501-3500),2 Cards or 1 Card,
1778227240670,崩,bēng,to collapse,2178,6,No,Tier 2: Intermediate (Rank 1001-2500),2 Cards (Recognition + Recall),
1778227240675,惹,rě,to provoke,2272,6,No,Tier 2: Intermediate (Rank 1001-2500),2 Cards (Recognition + Recall),
1778227240680,孕,yùn,pregnant,2094,5,No,Tier 2: Intermediate (Rank 1001-2500),2 Cards (Recognition + Recall),
1778227240685,渊,yuān,abyss,2192,N/A,No,Tier 2: Intermediate (Rank 1001-2500),2 Cards (Recognition + Recall),
1778227240690,尘,chén,dust,1718,5,No,Tier 2: Intermediate (Rank 1001-2500),2 Cards (Recognition + Recall),
1778227240695,佣,yòng,"commission, servant; to employ",2546,6,No,Tier 3: Lower-Freq (Rank 2501-3500),2 Cards or 1 Card,
1778227240700,醺,xūn,"intoxicated, tipsy",4131,N/A,No,Tier 4: Rare / Surname (>3500 or Unranked),1 Card (Recognition Only),
1778227240705,尬,gà,"awkward, embarrassed",2729,6,No,Tier 3: Lower-Freq (Rank 2501-3500),2 Cards or 1 Card,
1778227240710,盯,dīng,"to stare, to gaze",1906,6,No,Tier 2: Intermediate (Rank 1001-2500),2 Cards (Recognition + Recall),
1778227240715,门,mén,"door, gate",185,2,No,Tier 1: Core (Rank 1-1000),2 Cards (Recognition + Recall),
1778227240720,风,fēng,wind,348,3,No,Tier 1: Core (Rank 1-1000),2 Cards (Recognition + Recall),
1778227240724,堡,bǎo,"castle, fortress; small village",1521,6,No,Tier 2: Intermediate (Rank 1001-2500),2 Cards (Recognition + Recall),
1778227240729,蛛,zhū,spider,2653,N/A,No,Tier 3: Lower-Freq (Rank 2501-3500),2 Cards or 1 Card,
1778227240734,蝶,dié,butterfly,2306,5,No,Tier 2: Intermediate (Rank 1001-2500),2 Cards (Recognition + Recall),
1778227240738,螺,luó,"snail, conch; screw",2386,N/A,No,Tier 2: Intermediate (Rank 1001-2500),2 Cards (Recognition + Recall),
1778227240743,凳,dèng,"stool, bench",2680,N/A,No,Tier 3: Lower-Freq (Rank 2501-3500),2 Cards or 1 Card,
1778227240747,龟,guī,"turtle, tortoise",2392,N/A,No,Tier 2: Intermediate (Rank 1001-2500),2 Cards (Recognition + Recall),
1778227240752,锤,chuí,hammer,2937,6,No,Tier 3: Lower-Freq (Rank 2501-3500),2 Cards or 1 Card,
1778227240757,脖,bó,neck,2175,5,No,Tier 2: Intermediate (Rank 1001-2500),2 Cards (Recognition + Recall),
1778227240761,嫁,jià,to marry (of a woman),2063,5,No,Tier 2: Intermediate (Rank 1001-2500),2 Cards (Recognition + Recall),
1778227240766,翅,chì,wing,2066,5,No,Tier 2: Intermediate (Rank 1001-2500),2 Cards (Recognition + Recall),
1778227240770,蝇,yíng,fly (insect),2722,N/A,No,Tier 3: Lower-Freq (Rank 2501-3500),2 Cards or 1 Card,
1778227240775,谍,dié,"spy, espionage",2391,6,No,Tier 2: Intermediate (Rank 1001-2500),2 Cards (Recognition + Recall),
1778227240780,狼,láng,wolf,1708,6,No,Tier 2: Intermediate (Rank 1001-2500),2 Cards (Recognition + Recall),
1778227240784,拳,quán,fist,1784,5,No,Tier 2: Intermediate (Rank 1001-2500),2 Cards (Recognition + Recall),
1778227240789,筋,jīn,Tendon; Muscle; Vein,2252,6,No,Tier 2: Intermediate (Rank 1001-2500),2 Cards (Recognition + Recall),
1778227240793,啰,luō,(used as an onomatopoeia for continuous talking); verbose,Unranked,N/A,No,Tier 4: Rare / Surname (>3500 or Unranked),1 Card (Recognition Only),
1778227240797,蹭,cèng,To rub; To delay; To scrounge; To freeload,3707,N/A,No,Tier 4: Rare / Surname (>3500 or Unranked),1 Card (Recognition Only),
1778227240802,痴,chī,Foolish; Idiotic; Infatuated; Obsessed,2225,N/A,No,Tier 2: Intermediate (Rank 1001-2500),2 Cards (Recognition + Recall),
1778227240807,肖,xiāo,To resemble; To be like (surname),2019,6,Yes,Tier 2: Intermediate (Rank 1001-2500),2 Cards (Recognition + Recall),
1778227240812,讪,shàn,To ridicule; To sneer at; To flout,3679,N/A,No,Tier 4: Rare / Surname (>3500 or Unranked),1 Card (Recognition Only),
1778227240816,馨,xīn,"Fragrant; Aromatic (often used for pleasant, far-reaching fragrance)",2586,N/A,No,Tier 3: Lower-Freq (Rank 2501-3500),2 Cards or 1 Card,
1778227240824,迹,jì,Trace; Track; Mark; Vestige,1098,5,No,Tier 2: Intermediate (Rank 1001-2500),2 Cards (Recognition + Recall),
1778227240829,濒,bīn,To be on the verge of; To be close to; To border on,3153,6,No,Tier 4: Rare / Surname (>3500 or Unranked),1 Card (Recognition Only),
1778227240834,蝴,hú,Butterfly (as in 蝴蝶),2964,5,No,Tier 3: Lower-Freq (Rank 2501-3500),2 Cards or 1 Card,
1778227240839,董,dǒng,To supervise; To direct; Director (surname),1629,6,Yes,Tier 2: Intermediate (Rank 1001-2500),2 Cards (Recognition + Recall),
1778227240844,髅,lóu,Skull,3761,N/A,No,Tier 4: Rare / Surname (>3500 or Unranked),1 Card (Recognition Only),
1778227240849,蚊,wén,Mosquito,2940,N/A,No,Tier 3: Lower-Freq (Rank 2501-3500),2 Cards or 1 Card,
1778227240854,卦,guà,Divinatory trigram/hexagram; To divine/foretell,3119,N/A,No,Tier 4: Rare / Surname (>3500 or Unranked),1 Card (Recognition Only),
1778227240858,瞒,mán,To hide; To conceal (from),2405,6,No,Tier 2: Intermediate (Rank 1001-2500),2 Cards (Recognition + Recall),
1778227240862,侦,zhēn,To scout; To spy; To reconnoiter,1479,6,No,Tier 2: Intermediate (Rank 1001-2500),2 Cards (Recognition + Recall),
1778227240867,妖,yāo,Monster; Demon; Bewitching; Enchanting; Evil,1869,N/A,No,Tier 2: Intermediate (Rank 1001-2500),2 Cards (Recognition + Recall),
1778227240871,狱,yù,Prison; Jail; Hell; Lawsuit,1597,6,No,Tier 2: Intermediate (Rank 1001-2500),2 Cards (Recognition + Recall),
1778227240880,猾,huá,Cunning; Sly; Crafty,3083,5,No,Tier 4: Rare / Surname (>3500 or Unranked),1 Card (Recognition Only),
1778227240884,嗨,hāi,Hey; Hi; Oh; Alas (interjection),3294,6,No,Tier 4: Rare / Surname (>3500 or Unranked),1 Card (Recognition Only),
1778227240888,绊,bàn,To trip; to stumble; to shackle; to impede,3183,N/A,No,Tier 4: Rare / Surname (>3500 or Unranked),1 Card (Recognition Only),
1778227240893,阱,jǐng,Pitfall; trap,3224,6,No,Tier 4: Rare / Surname (>3500 or Unranked),1 Card (Recognition Only),
1778227240898,祟,suì,Evil spirit; demon; mischief,3414,N/A,No,Tier 4: Rare / Surname (>3500 or Unranked),1 Card (Recognition Only),
1778227240903,媳,xí,Daughter-in-law; wife,2393,6,No,Tier 2: Intermediate (Rank 1001-2500),2 Cards (Recognition + Recall),
1778227240908,臼,jiù,Mortar (for pounding); socket,4066,N/A,No,Tier 4: Rare / Surname (>3500 or Unranked),1 Card (Recognition Only),
1778227240912,瞪,dèng,To stare; to glare,2049,6,No,Tier 2: Intermediate (Rank 1001-2500),2 Cards (Recognition + Recall),
1778227240917,募,mù,To recruit; to raise (funds); to solicit,2657,N/A,No,Tier 3: Lower-Freq (Rank 2501-3500),2 Cards or 1 Card,
1778227240921,豹,bào,Leopard,2507,N/A,Yes,Tier 3: Lower-Freq (Rank 2501-3500),2 Cards or 1 Card,
1778227240925,琲,bèi,String of pearls,Unranked,N/A,No,Tier 4: Rare / Surname (>3500 or Unranked),1 Card (Recognition Only),
1778227240930,疫,yì,Epidemic; plague; disease,1791,6,No,Tier 2: Intermediate (Rank 1001-2500),2 Cards (Recognition + Recall),
1778227240935,呗,bai,"Particle indicating obviousness, 'of course', 'isn't it'",3962,N/A,No,Tier 4: Rare / Surname (>3500 or Unranked),1 Card (Recognition Only),
1778227240939,彰,zhāng,Obvious; manifest; to display; to show,2953,6,No,Tier 3: Lower-Freq (Rank 2501-3500),2 Cards or 1 Card,
1778227240943,呸,pēi,To spit; pooh (an expression of contempt or disgust),3868,N/A,No,Tier 4: Rare / Surname (>3500 or Unranked),1 Card (Recognition Only),
1778227240948,迸,bèng,To burst forth; to gush out; to spurt,3290,6,No,Tier 4: Rare / Surname (>3500 or Unranked),1 Card (Recognition Only),
1778227240953,哎,āi,"Exclamatory particle (indicating surprise, regret, or a call)",2294,5,No,Tier 2: Intermediate (Rank 1001-2500),2 Cards (Recognition + Recall),
1778227240958,缠,chán,To bother; to pester; to twine; to wrap,2046,6,No,Tier 2: Intermediate (Rank 1001-2500),2 Cards (Recognition + Recall),
1778227240962,橙,chéng,Orange (color or fruit),3571,6,No,Tier 4: Rare / Surname (>3500 or Unranked),1 Card (Recognition Only),
1778227240966,惰,duò,Lazy; indolent,3310,6,No,Tier 4: Rare / Surname (>3500 or Unranked),1 Card (Recognition Only),
1778227240972,昧,mèi,Obscure; dark; indistinct; to conceal,2376,6,No,Tier 2: Intermediate (Rank 1001-2500),2 Cards (Recognition + Recall),
1778227240977,愣,lèng,Dumbfounded; to stare blankly; to be in a daze,2263,6,No,Tier 2: Intermediate (Rank 1001-2500),2 Cards (Recognition + Recall),
1778227240982,荡,dàng,"to sway, to swing, to ripple; to clean up; to dissipate; dissolute",1424,6,No,Tier 2: Intermediate (Rank 1001-2500),2 Cards (Recognition + Recall),
1778227240986,耍,shuǎ,"to play, to play with; to juggle; to brandish; to employ (tricks); to show off",2260,6,No,Tier 2: Intermediate (Rank 1001-2500),2 Cards (Recognition + Recall),
1778227240991,咋,zǎ,"how, why, what (dialectal); to make a noise",2830,6,No,Tier 3: Lower-Freq (Rank 2501-3500),2 Cards or 1 Card,
1778227240996,趁,chèn,"to take advantage of, to avail oneself of; to go to",2109,5,No,Tier 2: Intermediate (Rank 1001-2500),2 Cards (Recognition + Recall),
1778227241001,珈,jiā,ornamental hairpin; a type of gemstone,5061,N/A,No,Tier 4: Rare / Surname (>3500 or Unranked),1 Card (Recognition Only),
1778227241006,蜓,tíng,dragonfly,4083,N/A,No,Tier 4: Rare / Surname (>3500 or Unranked),1 Card (Recognition Only),
1778227241011,苗,miáo,"sprout, seedling; vaccine",1920,5,No,Tier 2: Intermediate (Rank 1001-2500),2 Cards (Recognition + Recall),
1778227241015,罩,zhào,"cover, shade, mask, bell jar; to cover, to envelop, to protect",1978,6,No,Tier 2: Intermediate (Rank 1001-2500),2 Cards (Recognition + Recall),
1778227241019,刹,chà,"to stop, to brake; temple, monastery",2249,6,No,Tier 2: Intermediate (Rank 1001-2500),2 Cards (Recognition + Recall),
1778227241024,晶,jīng,"crystal, brilliant, sparkling",1725,6,No,Tier 2: Intermediate (Rank 1001-2500),2 Cards (Recognition + Recall),
1778227241030,妒,dù,"to be jealous, to envy",2598,6,No,Tier 3: Lower-Freq (Rank 2501-3500),2 Cards or 1 Card,
1778227241034,鹭,lù,"egret, heron",4451,N/A,No,Tier 4: Rare / Surname (>3500 or Unranked),1 Card (Recognition Only),
1778227241039,蝠,fú,bat (animal),3335,N/A,No,Tier 4: Rare / Surname (>3500 or Unranked),1 Card (Recognition Only),
1778227241044,遛,liú,"to stroll, to walk (an animal)",4552,N/A,No,Tier 4: Rare / Surname (>3500 or Unranked),1 Card (Recognition Only),
1778227241052,屈,qū,"to bend, to yield, to submit; unjust, wronged",1684,5,No,Tier 2: Intermediate (Rank 1001-2500),2 Cards (Recognition + Recall),
1781004427199,亨,hēng,"smooth, successful; (archaic) to be fortunate",2146,N/A,No,Tier 2: Intermediate (Rank 1001-2500),2 Cards (Recognition + Recall),
1781004427202,倔,jué,"stubborn, obstinate",3542,6,No,Tier 4: Rare / Surname (>3500 or Unranked),1 Card (Recognition Only),
1781004427206,兽,shòu,"beast, animal",1602,6,No,Tier 2: Intermediate (Rank 1001-2500),2 Cards (Recognition + Recall),
1781004427210,凌,líng,to prevaricate; to insult; to invade; to soar; ice; to be on the verge of,1731,5,No,Tier 2: Intermediate (Rank 1001-2500),2 Cards (Recognition + Recall),
1781004427214,割,gē,"to cut, to sever, to cleave, to reap",1665,6,No,Tier 2: Intermediate (Rank 1001-2500),2 Cards (Recognition + Recall),
1781004427217,匆,cōng,hurried; hasty; rushed,1622,5,No,Tier 2: Intermediate (Rank 1001-2500),2 Cards (Recognition + Recall),
1781004427221,卓,zhuó,outstanding; prominent; a surname,1942,6,Yes,Tier 2: Intermediate (Rank 1001-2500),2 Cards (Recognition + Recall),
1781004427225,呈,chéng,to present; to show; to appear,1563,6,No,Tier 2: Intermediate (Rank 1001-2500),2 Cards (Recognition + Recall),
1781004427228,咯,"lo, gē","(particle indicating obviousness, often rhetorical or used for sound)",2744,N/A,No,Tier 3: Lower-Freq (Rank 2501-3500),2 Cards or 1 Card,
1781004427231,嘲,"cháo, zhāo",to ridicule; to mock,2325,6,No,Tier 2: Intermediate (Rank 1001-2500),2 Cards (Recognition + Recall),
1781004427235,嚣,xiāo,clamor; noisy; arrogant,2982,N/A,No,Tier 3: Lower-Freq (Rank 2501-3500),2 Cards or 1 Card,
1781004427238,坤,kūn,female; earth (in Bagua); hexagram,2910,N/A,No,Tier 3: Lower-Freq (Rank 2501-3500),2 Cards or 1 Card,
1781004427242,塘,táng,pond; pool; dike,2436,5,No,Tier 2: Intermediate (Rank 1001-2500),2 Cards (Recognition + Recall),
1781004427245,墅,shù,villa,2901,6,No,Tier 3: Lower-Freq (Rank 2501-3500),2 Cards or 1 Card,
1781004427249,奘,"zàng, zhuàng",stout; bulky (often in names),4545,N/A,No,Tier 4: Rare / Surname (>3500 or Unranked),1 Card (Recognition Only),
1781004427253,娜,nà,elegant; graceful (often used in names),1584,N/A,Yes,Tier 2: Intermediate (Rank 1001-2500),2 Cards (Recognition + Recall),
1781004427257,岳,yuè,high mountain; surname,1844,6,Yes,Tier 2: Intermediate (Rank 1001-2500),2 Cards (Recognition + Recall),
1781004427263,崖,yá,cliff; precipice,2247,6,No,Tier 2: Intermediate (Rank 1001-2500),2 Cards (Recognition + Recall),
1781004427266,彗,huì,broom; comet,3591,N/A,No,Tier 4: Rare / Surname (>3500 or Unranked),1 Card (Recognition Only),
1781004427269,忌,jì,to be afraid of; to dread; taboo; to avoid,1922,6,No,Tier 2: Intermediate (Rank 1001-2500),2 Cards (Recognition + Recall),
1781004427273,悍,hàn,brave; fierce; valiant,3073,N/A,No,Tier 4: Rare / Surname (>3500 or Unranked),1 Card (Recognition Only),
1781004427277,悠,yōu,long (time); leisurely; remote,2055,5,No,Tier 2: Intermediate (Rank 1001-2500),2 Cards (Recognition + Recall),
1781004427281,愧,kuì,ashamed; to feel shame,2275,5,No,Tier 2: Intermediate (Rank 1001-2500),2 Cards (Recognition + Recall),
1781004427285,拎,līn,to lift; to carry (with a handle),3380,N/A,No,Tier 4: Rare / Surname (>3500 or Unranked),1 Card (Recognition Only),
1781004427288,拯,zhěng,to save; to rescue,2754,N/A,No,Tier 3: Lower-Freq (Rank 2501-3500),2 Cards or 1 Card,
1781004427292,捞,lāo,"Scoop up, dredge up, fish for, get by improper means",2508,6,No,Tier 3: Lower-Freq (Rank 2501-3500),2 Cards or 1 Card,
1781004427295,撕,sī,"Tear, rip",2334,5,No,Tier 2: Intermediate (Rank 1001-2500),2 Cards (Recognition + Recall),
1781004427299,敞,chǎng,"Open, spacious, wide (e.g., of a room, a door)",2592,6,No,Tier 3: Lower-Freq (Rank 2501-3500),2 Cards or 1 Card,
1781004427303,斥,chì,"Reprimand, rebuke; to scold; reject; extend, expand",1857,6,No,Tier 2: Intermediate (Rank 1001-2500),2 Cards (Recognition + Recall),
1781004427307,旷,kuàng,"Vast, extensive; spacious; to neglect, waste",2735,6,No,Tier 3: Lower-Freq (Rank 2501-3500),2 Cards or 1 Card,
1781004427310,昊,hào,"Vast, grand (referring to the sky/heaven)",3956,N/A,No,Tier 4: Rare / Surname (>3500 or Unranked),1 Card (Recognition Only),
1781004427313,晰,xī,"Clear, distinct",2220,6,No,Tier 2: Intermediate (Rank 1001-2500),2 Cards (Recognition + Recall),
1781004427317,杖,zhàng,"Cane, stick, staff; to hold a stick",2435,6,No,Tier 2: Intermediate (Rank 1001-2500),2 Cards (Recognition + Recall),
1781004427320,枚,méi,"Measure word for small flat objects, coins, stamps, rings; trunk (of tree)",1884,6,No,Tier 2: Intermediate (Rank 1001-2500),2 Cards (Recognition + Recall),
1781004427323,柳,liǔ,Willow (tree),1557,N/A,No,Tier 2: Intermediate (Rank 1001-2500),2 Cards (Recognition + Recall),
1781004427327,楠,nán,"Phoebe (a type of tree, often associated with valuable timber)",3700,N/A,No,Tier 4: Rare / Surname (>3500 or Unranked),1 Card (Recognition Only),
1781004427331,榨,zhà,"Squeeze, press (to extract liquid); extract",3657,6,No,Tier 4: Rare / Surname (>3500 or Unranked),1 Card (Recognition Only),
1781004427334,殿,diàn,"Palace, hall; rear, back",1555,6,No,Tier 2: Intermediate (Rank 1001-2500),2 Cards (Recognition + Recall),
1781004427338,湛,zhàn,"Clear, profound, deep (of water/color)",3189,N/A,No,Tier 4: Rare / Surname (>3500 or Unranked),1 Card (Recognition Only),
1781004427341,溢,yì,Overflow,2454,N/A,No,Tier 2: Intermediate (Rank 1001-2500),2 Cards (Recognition + Recall),
1781004427345,熄,xī,"Extinguish, put out (fire), stop",2858,6,No,Tier 3: Lower-Freq (Rank 2501-3500),2 Cards or 1 Card,
1781004427348,燕,yàn,Swallow (bird); banquet,1705,N/A,No,Tier 2: Intermediate (Rank 1001-2500),2 Cards (Recognition + Recall),
1781004427352,玛,mǎ,"Agate; used in transliterations (e.g., Mary)",1248,N/A,No,Tier 2: Intermediate (Rank 1001-2500),2 Cards (Recognition + Recall),
1781004427356,疆,jiāng,Border,2036,6,No,Tier 2: Intermediate (Rank 1001-2500),2 Cards (Recognition + Recall),
1781004427359,瘾,yǐn,"Addiction, craving, habit",3258,6,No,Tier 4: Rare / Surname (>3500 or Unranked),1 Card (Recognition Only),
1781004427364,睁,zhēng,to open (eyes),1963,5,No,Tier 2: Intermediate (Rank 1001-2500),2 Cards (Recognition + Recall),
1781004427368,砍,kǎn,"to chop, hack, cut down",2217,5,No,Tier 2: Intermediate (Rank 1001-2500),2 Cards (Recognition + Recall),
1781004427371,碑,bēi,monument,2203,6,No,Tier 2: Intermediate (Rank 1001-2500),2 Cards (Recognition + Recall),
1781004427375,磋,cuō,"to polish, to consult/discuss",3261,6,No,Tier 4: Rare / Surname (>3500 or Unranked),1 Card (Recognition Only),
1781004427379,粘,zhān,"sticky, glutinous; to stick, paste",2240,5,No,Tier 2: Intermediate (Rank 1001-2500),2 Cards (Recognition + Recall),
1781004427383,绽,zhàn,"to burst, split, crack (open)",3130,N/A,No,Tier 4: Rare / Surname (>3500 or Unranked),1 Card (Recognition Only),
1781004427386,缚,fù,To bind,2577,6,No,Tier 3: Lower-Freq (Rank 2501-3500),2 Cards or 1 Card,
1781004427390,缴,jiǎo,to hand over,1834,6,No,Tier 2: Intermediate (Rank 1001-2500),2 Cards (Recognition + Recall),
1781004427393,荷,hé,Lotus,1427,N/A,No,Tier 2: Intermediate (Rank 1001-2500),2 Cards (Recognition + Recall),
1781004427397,葵,kuí,Sunflower,3580,N/A,No,Tier 4: Rare / Surname (>3500 or Unranked),1 Card (Recognition Only),
1781004427400,覆,fù,To cover,1823,6,No,Tier 2: Intermediate (Rank 1001-2500),2 Cards (Recognition + Recall),
1781004427404,觅,mì,"to seek, look for",2825,6,No,Tier 3: Lower-Freq (Rank 2501-3500),2 Cards or 1 Card,
1781004427407,诱,yòu,"to entice, lure, tempt",1707,6,No,Tier 2: Intermediate (Rank 1001-2500),2 Cards (Recognition + Recall),
1781004427411,谣,yáo,Rumour,2600,6,No,Tier 3: Lower-Freq (Rank 2501-3500),2 Cards or 1 Card,
1781004427414,踹,chuài,to kick,4485,N/A,No,Tier 4: Rare / Surname (>3500 or Unranked),1 Card (Recognition Only),
1781004427418,轰,hōng,"to bomb, blast; rumble, roar",1264,6,No,Tier 2: Intermediate (Rank 1001-2500),2 Cards (Recognition + Recall),
1781004427421,迈,mài,"to take a step, stride; (often used in age)",1698,6,No,Tier 2: Intermediate (Rank 1001-2500),2 Cards (Recognition + Recall),
1781004427424,邪,xié,"evil, depraved, heterodox",1539,N/A,No,Tier 2: Intermediate (Rank 1001-2500),2 Cards (Recognition + Recall),
1781004427428,陲,chuí,"border, frontier",4804,N/A,No,Tier 4: Rare / Surname (>3500 or Unranked),1 Card (Recognition Only),
1781004427431,雅,yǎ,Elegant,1139,6,No,Tier 2: Intermediate (Rank 1001-2500),2 Cards (Recognition + Recall),
1781004427435,颈,jǐng,neck,2117,6,No,Tier 2: Intermediate (Rank 1001-2500),2 Cards (Recognition + Recall),
1781004427438,颖,yǐng,gifted&nbsp;,2514,6,No,Tier 3: Lower-Freq (Rank 2501-3500),2 Cards or 1 Card,
1781004427442,飘,piāo,to float,1527,5,No,Tier 2: Intermediate (Rank 1001-2500),2 Cards (Recognition + Recall),
1781004427445,饶,ráo,To forgive,2266,6,No,Tier 2: Intermediate (Rank 1001-2500),2 Cards (Recognition + Recall),
1785483511023,愈,yù,To heal,1301,6,No,Tier 2: Intermediate (Rank 1001-2500),2 Cards (Recognition + Recall),linked_characters
1785483514499,淘,táo,"to wash (out), to clean (rice), to pan (for gold); naughty (colloquial)",2499,5,No,Tier 2: Intermediate (Rank 1001-2500),2 Cards (Recognition + Recall),linked_characters
1785483516477,汰,tài,"to wash out, to eliminate, to discard",2969,6,No,Tier 3: Lower-Freq (Rank 2501-3500),2 Cards or 1 Card,linked_characters
1785483520931,攀,pān,To climb,2439,6,No,Tier 2: Intermediate (Rank 1001-2500),2 Cards (Recognition + Recall),linked_characters
1785483523078,岩,yán,"rock, cliff, crag",1423,6,No,Tier 2: Intermediate (Rank 1001-2500),2 Cards (Recognition + Recall),linked_characters
1785483525674,倚,yǐ,"to lean on, to rely on, to rest against",2620,N/A,No,Tier 3: Lower-Freq (Rank 2501-3500),2 Cards or 1 Card,linked_characters
1785483528511,仗,zhàng,"battle, war; to rely on, to presume upon",1712,6,No,Tier 2: Intermediate (Rank 1001-2500),2 Cards (Recognition + Recall),linked_characters
1785483530840,蚜,yá,aphid,4415,N/A,No,Tier 4: Rare / Surname (>3500 or Unranked),1 Card (Recognition Only),linked_characters
1785483533666,瓢,piáo,"dipper, ladle, scoop",3735,N/A,No,Tier 4: Rare / Surname (>3500 or Unranked),1 Card (Recognition Only),linked_characters
1785483536800,蠢,chǔn,stupid,2195,6,No,Tier 2: Intermediate (Rank 1001-2500),2 Cards (Recognition + Recall),linked_characters
1785483539446,琢,zhuó,"to polish (jade, stone)",2921,6,No,Tier 3: Lower-Freq (Rank 2501-3500),2 Cards or 1 Card,linked_characters
1785483541813,妾,qiè,concubine; servant girl (old term),3242,N/A,No,Tier 4: Rare / Surname (>3500 or Unranked),1 Card (Recognition Only),linked_characters
1785483545350,绳,shéng,"rope, cord, string",1983,5,No,Tier 2: Intermediate (Rank 1001-2500),2 Cards (Recognition + Recall),linked_characters
1785483552887,抛,pāo,To throw,1692,6,No,Tier 2: Intermediate (Rank 1001-2500),2 Cards (Recognition + Recall),linked_characters
1785483556687,藤,téng,"vine, rattan; creeper",2200,N/A,No,Tier 2: Intermediate (Rank 1001-2500),2 Cards (Recognition + Recall),linked_characters
1785483561741,乖,guāi,Obedient,2470,5,No,Tier 2: Intermediate (Rank 1001-2500),2 Cards (Recognition + Recall),linked_characters
1785483564194,催,cuī,to urge; to hasten; to press; to expedite,2064,5,No,Tier 2: Intermediate (Rank 1001-2500),2 Cards (Recognition + Recall),linked_characters
1785483566641,蝼,lóu,mole cricket,5523,N/A,No,Tier 4: Rare / Surname (>3500 or Unranked),1 Card (Recognition Only),linked_characters
1785483574619,丹,dān,Elixir,1280,N/A,No,Tier 2: Intermediate (Rank 1001-2500),2 Cards (Recognition + Recall),"immersion, linked_characters"
1785483577132,迪,dí,Disney,1440,N/A,No,Tier 2: Intermediate (Rank 1001-2500),2 Cards (Recognition + Recall),"immersion, linked_characters"
1785483579370,铐,kào,handcuffs,3760,N/A,No,Tier 4: Rare / Surname (>3500 or Unranked),1 Card (Recognition Only),"immersion, linked_characters"
1785483581517,仇,chóu,hatred,1536,6,No,Tier 2: Intermediate (Rank 1001-2500),2 Cards (Recognition + Recall),"immersion, linked_characters"
1785483583851,捏,niē,to pinch,2472,6,No,Tier 2: Intermediate (Rank 1001-2500),2 Cards (Recognition + Recall),"immersion, linked_characters"
1785483586670,烁,shuò,to glitter; to sparkle; to shine,2702,6,No,Tier 3: Lower-Freq (Rank 2501-3500),2 Cards or 1 Card,"immersion, linked_characters"
1785483589233,郑,Zhèng,Surname Zheng,1132,6,Yes,Tier 2: Intermediate (Rank 1001-2500),2 Cards (Recognition + Recall),"immersion, linked_characters"
1785483591772,锦,jǐn,brocade; embroidered; splendid,1947,6,No,Tier 2: Intermediate (Rank 1001-2500),2 Cards (Recognition + Recall),"immersion, linked_characters"
1785483594367,抖,dǒu,to shiver; to tremble; to shake; to rouse,1757,5,No,Tier 2: Intermediate (Rank 1001-2500),2 Cards (Recognition + Recall),"immersion, linked_characters"
1785483597158,琐,suǒ,Trivial,2834,N/A,No,Tier 3: Lower-Freq (Rank 2501-3500),2 Cards or 1 Card,"immersion, linked_characters"
1785483603199,枕,zhěn,pillow; to rest one's head on,2605,6,No,Tier 3: Lower-Freq (Rank 2501-3500),2 Cards or 1 Card,"immersion, linked_characters"
1785483605338,铸,zhù,to cast (metal); to mint,2530,6,No,Tier 3: Lower-Freq (Rank 2501-3500),2 Cards or 1 Card,"immersion, linked_characters"
1785483608165,蓉,róng,Hibiscus,2779,N/A,No,Tier 3: Lower-Freq (Rank 2501-3500),2 Cards or 1 Card,"immersion, linked_characters"
1785483612553,筹,chóu,tally stick; counter; to plan; to raise (funds),1677,6,No,Tier 2: Intermediate (Rank 1001-2500),2 Cards (Recognition + Recall),"immersion, linked_characters"
1785483619673,恭,gōng,respectful; reverent,1742,5,No,Tier 2: Intermediate (Rank 1001-2500),2 Cards (Recognition + Recall),"immersion, linked_characters"
1785483622035,淀,diàn,shallow lake; sediment; starch,3159,6,No,Tier 4: Rare / Surname (>3500 or Unranked),1 Card (Recognition Only),"immersion, linked_characters"
1785483627601,陶,táo,pottery; ceramics; to mold; pleased,1601,6,No,Tier 2: Intermediate (Rank 1001-2500),2 Cards (Recognition + Recall),"immersion, linked_characters"
1785483629962,俑,yǒng,burial figure; figurine (often referring to terracotta warriors),4381,N/A,No,Tier 4: Rare / Surname (>3500 or Unranked),1 Card (Recognition Only),"immersion, linked_characters"
1785483632161,唤,huàn,to call out; to summon,1835,6,No,Tier 2: Intermediate (Rank 1001-2500),2 Cards (Recognition + Recall),"immersion, linked_characters"
1785483634684,裕,yù,abundant; ample; rich; generous,2023,6,No,Tier 2: Intermediate (Rank 1001-2500),2 Cards (Recognition + Recall),"immersion, linked_characters"
1785483637874,隆,lóng,Grand,1400,6,No,Tier 2: Intermediate (Rank 1001-2500),2 Cards (Recognition + Recall),"immersion, linked_characters"
1785483640980,坛,tán,Altar,1806,6,No,Tier 2: Intermediate (Rank 1001-2500),2 Cards (Recognition + Recall),"immersion, linked_characters"
1785483643441,轴,zhóu,"axis; axle; shaft; (classifier for spools, scrolls, etc.)",2438,N/A,No,Tier 2: Intermediate (Rank 1001-2500),2 Cards (Recognition + Recall),"immersion, linked_characters"
1785483647234,懈,xiè,slack; remiss; negligent,2689,N/A,No,Tier 3: Lower-Freq (Rank 2501-3500),2 Cards or 1 Card,"immersion, linked_characters"
1785483652272,斋,zhāi,studio; study; (in temples) fast; vegetarian meal,2404,N/A,No,Tier 2: Intermediate (Rank 1001-2500),2 Cards (Recognition + Recall),"immersion, linked_characters"
1785483654628,锐,ruì,Sharp,1851,6,No,Tier 2: Intermediate (Rank 1001-2500),2 Cards (Recognition + Recall),"immersion, linked_characters"
1785483659728,朱,zhū,vermilion; cinnabar; bright red,1120,N/A,Yes,Tier 2: Intermediate (Rank 1001-2500),2 Cards (Recognition + Recall),"immersion, linked_characters"
1785483663335,浸,jìn,to soak; to immerse; to permeate,2354,6,No,Tier 2: Intermediate (Rank 1001-2500),2 Cards (Recognition + Recall),"immersion, linked_characters"
1785483667575,衰,suāi,wane,1702,6,No,Tier 2: Intermediate (Rank 1001-2500),2 Cards (Recognition + Recall),"immersion, linked_characters"
1785483671063,沮,jǔ,To discourage,2878,6,No,Tier 3: Lower-Freq (Rank 2501-3500),2 Cards or 1 Card,"immersion, linked_characters"
1785483674329,堪,kān,Endure,1811,6,No,Tier 2: Intermediate (Rank 1001-2500),2 Cards (Recognition + Recall),"immersion, linked_characters"
1785483676759,骤,zhòu,sudden; abrupt; to gallop,2045,5,No,Tier 2: Intermediate (Rank 1001-2500),2 Cards (Recognition + Recall),"immersion, linked_characters"
1785483679479,罕,hǎn,rare; seldom,2221,6,Yes,Tier 2: Intermediate (Rank 1001-2500),2 Cards (Recognition + Recall),"immersion, linked_characters"
1785483681785,姿,zī,posture; gesture; looks; appearance,1899,5,No,Tier 2: Intermediate (Rank 1001-2500),2 Cards (Recognition + Recall),"immersion, linked_characters"
1785483686343,焉,yān,how; where; a particle used at the end of a question,2526,N/A,No,Tier 3: Lower-Freq (Rank 2501-3500),2 Cards or 1 Card,"immersion, linked_characters"
1785483688643,鹊,què,magpie,3525,N/A,No,Tier 4: Rare / Surname (>3500 or Unranked),1 Card (Recognition Only),"immersion, linked_characters"
1785483691215,鸠,jiū,dove; pigeon,3442,N/A,No,Tier 4: Rare / Surname (>3500 or Unranked),1 Card (Recognition Only),"immersion, linked_characters"
1785483701890,巢,cháo,nest; lair; den,2298,6,No,Tier 2: Intermediate (Rank 1001-2500),2 Cards (Recognition + Recall),"immersion, linked_characters"
1786803210702,长,zhǎng,long; length; excel in; leader,109,2,No,Tier 1: Core (Rank 1-1000),2 Cards (Recognition + Recall),"junda_auto_import, junda_tier_tier_1"
1786803210707,伯,bó,,821,6,No,Tier 1: Core (Rank 1-1000),2 Cards (Recognition + Recall),"junda_auto_import, junda_tier_tier_1"
1786803210711,鲁,lǔ,"foolish, stupid, rash; vulgar",898,6,No,Tier 1: Core (Rank 1-1000),2 Cards (Recognition + Recall),"junda_auto_import, junda_tier_tier_1"
1786803210714,泽,zé,"marsh, swamp; grace, brilliance",951,6,No,Tier 1: Core (Rank 1-1000),2 Cards (Recognition + Recall),"junda_auto_import, junda_tier_tier_1"
1786803210717,勒,lēi,"strangle, tighten",966,N/A,No,Tier 1: Core (Rank 1-1000),2 Cards (Recognition + Recall),"junda_auto_import, junda_tier_tier_1"
1786803210720,俄,é,"sudden(ly), soon; Russian",975,N/A,No,Tier 1: Core (Rank 1-1000),2 Cards (Recognition + Recall),"junda_auto_import, junda_tier_tier_1"
1786803210722,洛,luò,river in Shanxi province; city,978,N/A,No,Tier 1: Core (Rank 1-1000),2 Cards (Recognition + Recall),"junda_auto_import, junda_tier_tier_1"
1786803210725,宋,sòng,Song dynasty; surname,990,N/A,Yes,Tier 1: Core (Rank 1-1000),2 Cards (Recognition + Recall),"junda_auto_import, junda_tier_tier_1"
1786803210901,萨,sà,Buddhist gods or immortals,1046,N/A,No,Tier 2: Intermediate (Rank 1001-2500),2 Cards (Recognition + Recall),"junda_auto_import, junda_tier_tier_2"
1786803210905,姆,mǔ,,1061,6,No,Tier 2: Intermediate (Rank 1001-2500),2 Cards (Recognition + Recall),"junda_auto_import, junda_tier_tier_2"
1786803210910,页,yè,"page, sheet, leaf; rad. no. 181",1128,4,No,Tier 2: Intermediate (Rank 1001-2500),2 Cards (Recognition + Recall),"junda_auto_import, junda_tier_tier_2"
1786803210914,吴,wú,name of warring state; surname,1135,N/A,Yes,Tier 2: Intermediate (Rank 1001-2500),2 Cards (Recognition + Recall),"junda_auto_import, junda_tier_tier_2"
1786803210917,臣,chén,"minister, statesman, official",1138,6,No,Tier 2: Intermediate (Rank 1001-2500),2 Cards (Recognition + Recall),"junda_auto_import, junda_tier_tier_2"
1786803210920,赵,zhào,surname; ancient state,1169,N/A,Yes,Tier 2: Intermediate (Rank 1001-2500),2 Cards (Recognition + Recall),"junda_auto_import, junda_tier_tier_2"
1786803210922,耶,yé,used in transliteration,1174,N/A,No,Tier 2: Intermediate (Rank 1001-2500),2 Cards (Recognition + Recall),"junda_auto_import, junda_tier_tier_2"
1786803210925,莱,lái,"goosefoot, weed; fallow field",1196,N/A,No,Tier 2: Intermediate (Rank 1001-2500),2 Cards (Recognition + Recall),"junda_auto_import, junda_tier_tier_2"
1786803210928,役,yì,"service; a servant, laborer; to serve",1245,6,No,Tier 2: Intermediate (Rank 1001-2500),2 Cards (Recognition + Recall),"junda_auto_import, junda_tier_tier_2"
1786803210931,弗,fú,"not, negative",1257,N/A,No,Tier 2: Intermediate (Rank 1001-2500),2 Cards (Recognition + Recall),"junda_auto_import, junda_tier_tier_2"
1786803210934,杜,dù,"stop, prevent; restrict; surname",1277,6,Yes,Tier 2: Intermediate (Rank 1001-2500),2 Cards (Recognition + Recall),"junda_auto_import, junda_tier_tier_2"
1786803210937,孔,kǒng,"opening, hole, orifice; great",1289,6,No,Tier 2: Intermediate (Rank 1001-2500),2 Cards (Recognition + Recall),"junda_auto_import, junda_tier_tier_2"
1786803210940,艾,ài,"artemisia, mugwort; translit.",1291,N/A,No,Tier 2: Intermediate (Rank 1001-2500),2 Cards (Recognition + Recall),"junda_auto_import, junda_tier_tier_2"
1786803210942,翼,yì,wings; fins on fish; shelter,1294,6,No,Tier 2: Intermediate (Rank 1001-2500),2 Cards (Recognition + Recall),"junda_auto_import, junda_tier_tier_2"
1786803210944,徐,xú,"slowly, quietly, calmly; composed, dignified",1313,N/A,No,Tier 2: Intermediate (Rank 1001-2500),2 Cards (Recognition + Recall),"junda_auto_import, junda_tier_tier_2"
1786803210947,瑞,ruì,felicitous omen; auspicious,1332,N/A,No,Tier 2: Intermediate (Rank 1001-2500),2 Cards (Recognition + Recall),"junda_auto_import, junda_tier_tier_2"
1786803210951,赫,hè,"bright, radiant, glowing",1346,N/A,No,Tier 2: Intermediate (Rank 1001-2500),2 Cards (Recognition + Recall),"junda_auto_import, junda_tier_tier_2"
1786803210953,魂,hún,"soul, spirit",1348,6,No,Tier 2: Intermediate (Rank 1001-2500),2 Cards (Recognition + Recall),"junda_auto_import, junda_tier_tier_2"
1786803210956,津,jīn,ferry; saliva; ford,1353,6,No,Tier 2: Intermediate (Rank 1001-2500),2 Cards (Recognition + Recall),"junda_auto_import, junda_tier_tier_2"
1786803210959,仁,rén,"humaneness, benevolence, kindness",1360,6,No,Tier 2: Intermediate (Rank 1001-2500),2 Cards (Recognition + Recall),"junda_auto_import, junda_tier_tier_2"
1786803210961,艇,tǐng,"small boat, dugout, punt",1372,6,No,Tier 2: Intermediate (Rank 1001-2500),2 Cards (Recognition + Recall),"junda_auto_import, junda_tier_tier_2"
1786803210963,伏,fú,"crouch, crawl, lie hidden, conceal",1389,6,No,Tier 2: Intermediate (Rank 1001-2500),2 Cards (Recognition + Recall),"junda_auto_import, junda_tier_tier_2"
1786803210965,秦,qín,,1394,N/A,No,Tier 2: Intermediate (Rank 1001-2500),2 Cards (Recognition + Recall),"junda_auto_import, junda_tier_tier_2"
1786803210968,菲,fēi,"fragrant, luxuriant; the Philippines",1418,N/A,No,Tier 2: Intermediate (Rank 1001-2500),2 Cards (Recognition + Recall),"junda_auto_import, junda_tier_tier_2"
1786803210971,蒂,dì,peduncle or stem of plants,1429,6,No,Tier 2: Intermediate (Rank 1001-2500),2 Cards (Recognition + Recall),"junda_auto_import, junda_tier_tier_2"
1786803210973,霍,huò,"quickly, suddenly; surname",1442,6,Yes,Tier 2: Intermediate (Rank 1001-2500),2 Cards (Recognition + Recall),"junda_auto_import, junda_tier_tier_2"
1786803210974,艘,sōu,"counter for ships, vessels",1470,6,No,Tier 2: Intermediate (Rank 1001-2500),2 Cards (Recognition + Recall),"junda_auto_import, junda_tier_tier_2"
1786803210977,黎,lí,"surname; numerous, many; black",1476,6,Yes,Tier 2: Intermediate (Rank 1001-2500),2 Cards (Recognition + Recall),"junda_auto_import, junda_tier_tier_2"
1786803210979,宪,xiàn,"constitution, statute, law",1484,6,No,Tier 2: Intermediate (Rank 1001-2500),2 Cards (Recognition + Recall),"junda_auto_import, junda_tier_tier_2"
1786803210982,慈,cí,"kind, charitable, benevolent",1487,6,No,Tier 2: Intermediate (Rank 1001-2500),2 Cards (Recognition + Recall),"junda_auto_import, junda_tier_tier_2"
1786803210984,彭,péng,name of ancient country; surname,1501,N/A,Yes,Tier 2: Intermediate (Rank 1001-2500),2 Cards (Recognition + Recall),"junda_auto_import, junda_tier_tier_2"
1786803210987,凤,fèng,male phoenix; symbol of joy,1504,N/A,No,Tier 2: Intermediate (Rank 1001-2500),2 Cards (Recognition + Recall),"junda_auto_import, junda_tier_tier_2"
1786803210990,驱,qū,"spur a horse on; expel, drive away",1511,6,No,Tier 2: Intermediate (Rank 1001-2500),2 Cards (Recognition + Recall),"junda_auto_import, junda_tier_tier_2"
1786803210992,掩,yǎn,"to cover (with the hand); shut, conceal; ambush",1514,6,No,Tier 2: Intermediate (Rank 1001-2500),2 Cards (Recognition + Recall),"junda_auto_import, junda_tier_tier_2"
1786803210994,桑,sāng,mulberry tree; surname,1528,6,Yes,Tier 2: Intermediate (Rank 1001-2500),2 Cards (Recognition + Recall),"junda_auto_import, junda_tier_tier_2"
1786803210997,踪,zōng,"footprints, traces, tracks",1532,6,No,Tier 2: Intermediate (Rank 1001-2500),2 Cards (Recognition + Recall),"junda_auto_import, junda_tier_tier_2"
1786803210999,勃,bó,"suddenly, sudden, quick",1533,6,No,Tier 2: Intermediate (Rank 1001-2500),2 Cards (Recognition + Recall),"junda_auto_import, junda_tier_tier_2"
1786803211003,拟,nǐ,"draft; intend, plan, propose",1541,6,No,Tier 2: Intermediate (Rank 1001-2500),2 Cards (Recognition + Recall),"junda_auto_import, junda_tier_tier_2"
1786803211005,巡,xún,"patrol, go on circuit, cruise",1544,6,No,Tier 2: Intermediate (Rank 1001-2500),2 Cards (Recognition + Recall),"junda_auto_import, junda_tier_tier_2"
1786803211008,颇,pō,"lean one side; very, rather",1560,6,No,Tier 2: Intermediate (Rank 1001-2500),2 Cards (Recognition + Recall),"junda_auto_import, junda_tier_tier_2"
1786803211010,柔,róu,"soft; gentle, pliant",1573,5,No,Tier 2: Intermediate (Rank 1001-2500),2 Cards (Recognition + Recall),"junda_auto_import, junda_tier_tier_2"
1786803211013,孟,mèng,"first in series; great, eminent",1575,N/A,No,Tier 2: Intermediate (Rank 1001-2500),2 Cards (Recognition + Recall),"junda_auto_import, junda_tier_tier_2"
1786803211016,芳,fāng,fragrant; virtuous; beautiful,1586,N/A,No,Tier 2: Intermediate (Rank 1001-2500),2 Cards (Recognition + Recall),"junda_auto_import, junda_tier_tier_2"
1786803211019,腹,fù,"stomach, belly, abdomen; inside",1589,6,No,Tier 2: Intermediate (Rank 1001-2500),2 Cards (Recognition + Recall),"junda_auto_import, junda_tier_tier_2"
1786803211021,柏,bǎi,"cypress, cedar",1596,N/A,No,Tier 2: Intermediate (Rank 1001-2500),2 Cards (Recognition + Recall),"junda_auto_import, junda_tier_tier_2"
1786803211023,惑,huò,"confuse, mislead, baffle; doubt",1600,6,No,Tier 2: Intermediate (Rank 1001-2500),2 Cards (Recognition + Recall),"junda_auto_import, junda_tier_tier_2"
1786803211026,帐,zhàng,"tent; screen, mosquito net",1603,6,No,Tier 2: Intermediate (Rank 1001-2500),2 Cards (Recognition + Recall),"junda_auto_import, junda_tier_tier_2"
1786803211028,叙,xù,"express, state, relate, narrate",1607,5,No,Tier 2: Intermediate (Rank 1001-2500),2 Cards (Recognition + Recall),"junda_auto_import, junda_tier_tier_2"
1786803211031,邓,dèng,surname,1614,N/A,Yes,Tier 2: Intermediate (Rank 1001-2500),2 Cards (Recognition + Recall),"junda_auto_import, junda_tier_tier_2"
1786803211043,廷,tíng,court,1626,N/A,No,Tier 2: Intermediate (Rank 1001-2500),2 Cards (Recognition + Recall),"junda_auto_import, junda_tier_tier_2"
1786803211046,澳,ào,"inlet, bay; dock, bank",1627,N/A,No,Tier 2: Intermediate (Rank 1001-2500),2 Cards (Recognition + Recall),"junda_auto_import, junda_tier_tier_2"
1786803211048,凝,níng,coagulate; congeal; freeze,1631,6,No,Tier 2: Intermediate (Rank 1001-2500),2 Cards (Recognition + Recall),"junda_auto_import, junda_tier_tier_2"
1786803211051,涌,yǒng,"surge up, bubble up, gush forth",1642,6,No,Tier 2: Intermediate (Rank 1001-2500),2 Cards (Recognition + Recall),"junda_auto_import, junda_tier_tier_2"
1786803211054,辖,xiá,linchpin of wheel; control,1643,6,No,Tier 2: Intermediate (Rank 1001-2500),2 Cards (Recognition + Recall),"junda_auto_import, junda_tier_tier_2"
1786803211056,晋,jìn,"advance, increase; promote",1645,6,No,Tier 2: Intermediate (Rank 1001-2500),2 Cards (Recognition + Recall),"junda_auto_import, junda_tier_tier_2"
1786803211059,魏,wèi,kingdom of Wei; surname,1648,N/A,Yes,Tier 2: Intermediate (Rank 1001-2500),2 Cards (Recognition + Recall),"junda_auto_import, junda_tier_tier_2"
1786803211061,曰,yuē,say; KangXi radical 73,1656,N/A,No,Tier 2: Intermediate (Rank 1001-2500),2 Cards (Recognition + Recall),"junda_auto_import, junda_tier_tier_2"
1786803211063,赤,chì,,1660,6,No,Tier 2: Intermediate (Rank 1001-2500),2 Cards (Recognition + Recall),"junda_auto_import, junda_tier_tier_2"
1786803211065,韦,wéi,tanned leather; surname; simplified form of KangXi radical number 178,1667,N/A,Yes,Tier 2: Intermediate (Rank 1001-2500),2 Cards (Recognition + Recall),"junda_auto_import, junda_tier_tier_2"
1786803211067,丛,cóng,"bush, shrub; thicket; collection",1678,6,No,Tier 2: Intermediate (Rank 1001-2500),2 Cards (Recognition + Recall),"junda_auto_import, junda_tier_tier_2"
1786803211071,鸣,míng,cry of bird or animal; make sound,1680,6,No,Tier 2: Intermediate (Rank 1001-2500),2 Cards (Recognition + Recall),"junda_auto_import, junda_tier_tier_2"
1786803211074,沈,chén,"sink, submerge; addicted to; surname",1681,N/A,Yes,Tier 2: Intermediate (Rank 1001-2500),2 Cards (Recognition + Recall),"junda_auto_import, junda_tier_tier_2"
1786803211076,穆,mù,"majestic, solemn, reverent; calm",1683,N/A,No,Tier 2: Intermediate (Rank 1001-2500),2 Cards (Recognition + Recall),"junda_auto_import, junda_tier_tier_2"
1786803211078,旨,zhǐ,"purpose, aim; excellent",1685,6,No,Tier 2: Intermediate (Rank 1001-2500),2 Cards (Recognition + Recall),"junda_auto_import, junda_tier_tier_2"
1786803211080,瑟,sè,"large stringed musical instrument; dignified, massive; sound of wind",1694,N/A,No,Tier 2: Intermediate (Rank 1001-2500),2 Cards (Recognition + Recall),"junda_auto_import, junda_tier_tier_2"
1786803211083,逊,xùn,"humble, modest; yield",1697,6,No,Tier 2: Intermediate (Rank 1001-2500),2 Cards (Recognition + Recall),"junda_auto_import, junda_tier_tier_2"
1786803211085,卢,lú,"cottage, hut; surname; black",1711,N/A,Yes,Tier 2: Intermediate (Rank 1001-2500),2 Cards (Recognition + Recall),"junda_auto_import, junda_tier_tier_2"
1786803211087,粒,lì,grain; small particle,1714,6,No,Tier 2: Intermediate (Rank 1001-2500),2 Cards (Recognition + Recall),"junda_auto_import, junda_tier_tier_2"
1786803211089,冯,féng,surname; gallop; by dint of,1719,N/A,Yes,Tier 2: Intermediate (Rank 1001-2500),2 Cards (Recognition + Recall),"junda_auto_import, junda_tier_tier_2"
1786803211091,抚,fǔ,"pat, console, comfort; pacify",1720,6,No,Tier 2: Intermediate (Rank 1001-2500),2 Cards (Recognition + Recall),"junda_auto_import, junda_tier_tier_2"
1786803211094,敦,dūn,"esteem; honest, candid, sincere",1722,N/A,No,Tier 2: Intermediate (Rank 1001-2500),2 Cards (Recognition + Recall),"junda_auto_import, junda_tier_tier_2"
1786803211096,岂,qǐ,how? what?,1726,6,No,Tier 2: Intermediate (Rank 1001-2500),2 Cards (Recognition + Recall),"junda_auto_import, junda_tier_tier_2"
1786803211099,哀,āi,"sad, mournful, pitiful; pity",1751,6,No,Tier 2: Intermediate (Rank 1001-2500),2 Cards (Recognition + Recall),"junda_auto_import, junda_tier_tier_2"
1786803211101,袁,yuán,robe; surname,1755,N/A,Yes,Tier 2: Intermediate (Rank 1001-2500),2 Cards (Recognition + Recall),"junda_auto_import, junda_tier_tier_2"
1786803211104,恒,héng,"constant, regular, persistent",1764,6,No,Tier 2: Intermediate (Rank 1001-2500),2 Cards (Recognition + Recall),"junda_auto_import, junda_tier_tier_2"
1786803211106,慎,shèn,"act with care, be cautious",1765,5,No,Tier 2: Intermediate (Rank 1001-2500),2 Cards (Recognition + Recall),"junda_auto_import, junda_tier_tier_2"
1786803211108,渔,yú,to fish; seize; pursue; surname,1770,6,Yes,Tier 2: Intermediate (Rank 1001-2500),2 Cards (Recognition + Recall),"junda_auto_import, junda_tier_tier_2"
1786803211110,磁,cí,magnetic; magnetism; porcelain,1771,6,No,Tier 2: Intermediate (Rank 1001-2500),2 Cards (Recognition + Recall),"junda_auto_import, junda_tier_tier_2"
1786803211112,疲,pí,"feel tired, be exhausted; weak",1778,5,No,Tier 2: Intermediate (Rank 1001-2500),2 Cards (Recognition + Recall),"junda_auto_import, junda_tier_tier_2"
1786803211115,叛,pàn,rebel; rebellion; rebellious,1779,6,No,Tier 2: Intermediate (Rank 1001-2500),2 Cards (Recognition + Recall),"junda_auto_import, junda_tier_tier_2"
1786803211117,遣,qiǎn,"send, dispatch; send off, exile",1780,6,No,Tier 2: Intermediate (Rank 1001-2500),2 Cards (Recognition + Recall),"junda_auto_import, junda_tier_tier_2"
1786803211121,兹,zī,"now, here; this; time, year",1781,N/A,No,Tier 2: Intermediate (Rank 1001-2500),2 Cards (Recognition + Recall),"junda_auto_import, junda_tier_tier_2"
1786803211124,削,xuē,"scrape off, pare, trim",1794,6,No,Tier 2: Intermediate (Rank 1001-2500),2 Cards (Recognition + Recall),"junda_auto_import, junda_tier_tier_2"
1786803211126,癌,ái,cancer; marmoset,1799,6,No,Tier 2: Intermediate (Rank 1001-2500),2 Cards (Recognition + Recall),"junda_auto_import, junda_tier_tier_2"
1786803211129,履,lǚ,"footwear, shoes; walk on, tread",1802,6,No,Tier 2: Intermediate (Rank 1001-2500),2 Cards (Recognition + Recall),"junda_auto_import, junda_tier_tier_2"
1786803211131,沃,wò,"water, irrigate; fertile, rich",1808,6,No,Tier 2: Intermediate (Rank 1001-2500),2 Cards (Recognition + Recall),"junda_auto_import, junda_tier_tier_2"
1786803211134,伐,fá,"cut down, subjugate, attack",1810,6,No,Tier 2: Intermediate (Rank 1001-2500),2 Cards (Recognition + Recall),"junda_auto_import, junda_tier_tier_2"
1786803211138,仆,pū,"fall forward; lie prostrate, prone; servant",1812,N/A,No,Tier 2: Intermediate (Rank 1001-2500),2 Cards (Recognition + Recall),"junda_auto_import, junda_tier_tier_2"
1786803211141,郭,guō,outer part (of a city); surname,1813,N/A,Yes,Tier 2: Intermediate (Rank 1001-2500),2 Cards (Recognition + Recall),"junda_auto_import, junda_tier_tier_2"
1786803211144,歼,jiān,"annihilate, wipe out, kill off",1815,N/A,No,Tier 2: Intermediate (Rank 1001-2500),2 Cards (Recognition + Recall),"junda_auto_import, junda_tier_tier_2"
1786803211147,廉,lián,"upright, honorable, honest",1818,6,No,Tier 2: Intermediate (Rank 1001-2500),2 Cards (Recognition + Recall),"junda_auto_import, junda_tier_tier_2"
1786803211150,契,qì,"deed, contract, bond; engrave",1819,N/A,No,Tier 2: Intermediate (Rank 1001-2500),2 Cards (Recognition + Recall),"junda_auto_import, junda_tier_tier_2"
1786803211153,劫,jié,"take by force, coerce; disaster",1825,6,No,Tier 2: Intermediate (Rank 1001-2500),2 Cards (Recognition + Recall),"junda_auto_import, junda_tier_tier_2"
1786803211156,莲,lián,"lotus, water lily; paradise",1837,N/A,No,Tier 2: Intermediate (Rank 1001-2500),2 Cards (Recognition + Recall),"junda_auto_import, junda_tier_tier_2"
1786803211158,妥,tuǒ,"satisfactory, appropriate",1840,6,No,Tier 2: Intermediate (Rank 1001-2500),2 Cards (Recognition + Recall),"junda_auto_import, junda_tier_tier_2"
1786803211161,赴,fù,"go to; attend, be present",1843,6,No,Tier 2: Intermediate (Rank 1001-2500),2 Cards (Recognition + Recall),"junda_auto_import, junda_tier_tier_2"
1786803211164,俊,jùn,"talented, capable; handsome",1847,5,No,Tier 2: Intermediate (Rank 1001-2500),2 Cards (Recognition + Recall),"junda_auto_import, junda_tier_tier_2"
1786803211167,耕,gēng,"plow, cultivate",1850,6,No,Tier 2: Intermediate (Rank 1001-2500),2 Cards (Recognition + Recall),"junda_auto_import, junda_tier_tier_2"
1786803211170,缝,fèng,"sew, mend",1852,6,No,Tier 2: Intermediate (Rank 1001-2500),2 Cards (Recognition + Recall),"junda_auto_import, junda_tier_tier_2"
1786803211172,玲,líng,tinkling of jade,1855,N/A,No,Tier 2: Intermediate (Rank 1001-2500),2 Cards (Recognition + Recall),"junda_auto_import, junda_tier_tier_2"
1786803211174,惟,wéi,"but, however, nevertheless; only",1856,N/A,No,Tier 2: Intermediate (Rank 1001-2500),2 Cards (Recognition + Recall),"junda_auto_import, junda_tier_tier_2"
1786803211177,呵,ā,scold; laughing sound; yawn,1861,6,No,Tier 2: Intermediate (Rank 1001-2500),2 Cards (Recognition + Recall),"junda_auto_import, junda_tier_tier_2"
1786803211180,浩,hào,"great, numerous, vast, abundant",1864,N/A,No,Tier 2: Intermediate (Rank 1001-2500),2 Cards (Recognition + Recall),"junda_auto_import, junda_tier_tier_2"
1786803211182,掠,lüè,"rob, ransack, plunder; pass by",1868,6,No,Tier 2: Intermediate (Rank 1001-2500),2 Cards (Recognition + Recall),"junda_auto_import, junda_tier_tier_2"
1786803211185,侍,shì,"serve, attend upon; attendant, servant; samurai",1871,N/A,No,Tier 2: Intermediate (Rank 1001-2500),2 Cards (Recognition + Recall),"junda_auto_import, junda_tier_tier_2"
1786803211188,汪,wāng,"vast, extensive, deep; surname",1876,N/A,Yes,Tier 2: Intermediate (Rank 1001-2500),2 Cards (Recognition + Recall),"junda_auto_import, junda_tier_tier_2"
1786803211189,尿,niào,urine; urinate,1877,N/A,No,Tier 2: Intermediate (Rank 1001-2500),2 Cards (Recognition + Recall),"junda_auto_import, junda_tier_tier_2"
1786803211192,莉,lì,white jasmine,1878,N/A,No,Tier 2: Intermediate (Rank 1001-2500),2 Cards (Recognition + Recall),"junda_auto_import, junda_tier_tier_2"
1786803211194,唇,chún,lips,1880,6,No,Tier 2: Intermediate (Rank 1001-2500),2 Cards (Recognition + Recall),"junda_auto_import, junda_tier_tier_2"
1786803211196,翰,hàn,"writing brush, pen, pencil",1881,N/A,No,Tier 2: Intermediate (Rank 1001-2500),2 Cards (Recognition + Recall),"junda_auto_import, junda_tier_tier_2"
1786803211198,芬,fēn,"fragrance, aroma; perfume",1890,N/A,No,Tier 2: Intermediate (Rank 1001-2500),2 Cards (Recognition + Recall),"junda_auto_import, junda_tier_tier_2"
1786803211201,萧,xiāo,common artemisia; dejected,1898,N/A,No,Tier 2: Intermediate (Rank 1001-2500),2 Cards (Recognition + Recall),"junda_auto_import, junda_tier_tier_2"
1786803211203,颤,chàn,"shiver, tremble; trembling",1900,6,No,Tier 2: Intermediate (Rank 1001-2500),2 Cards (Recognition + Recall),"junda_auto_import, junda_tier_tier_2"
1786803211206,劣,liè,"bad, inferior; slightly",1902,5,No,Tier 2: Intermediate (Rank 1001-2500),2 Cards (Recognition + Recall),"junda_auto_import, junda_tier_tier_2"
1786803211207,柯,kē,"axe-handle; stalk, bough; surname",1903,N/A,Yes,Tier 2: Intermediate (Rank 1001-2500),2 Cards (Recognition + Recall),"junda_auto_import, junda_tier_tier_2"
1786803211209,辱,rǔ,"humiliate, insult, abuse",1907,6,No,Tier 2: Intermediate (Rank 1001-2500),2 Cards (Recognition + Recall),"junda_auto_import, junda_tier_tier_2"
1786803211212,腔,qiāng,chest cavity; hollow in body,1914,6,No,Tier 2: Intermediate (Rank 1001-2500),2 Cards (Recognition + Recall),"junda_auto_import, junda_tier_tier_2"
1786803211214,郁,yù,"sweet smelling, rich in aroma; (Cant.) to move, hit",1915,6,No,Tier 2: Intermediate (Rank 1001-2500),2 Cards (Recognition + Recall),"junda_auto_import, junda_tier_tier_2"
1786803211217,谨,jǐn,"prudent, cautious; attentive",1917,5,No,Tier 2: Intermediate (Rank 1001-2500),2 Cards (Recognition + Recall),"junda_auto_import, junda_tier_tier_2"
1786803211219,葛,gé,edible bean; surname,1919,N/A,Yes,Tier 2: Intermediate (Rank 1001-2500),2 Cards (Recognition + Recall),"junda_auto_import, junda_tier_tier_2"
1786803211221,鸿,hóng,species of wild swan; vast,1924,N/A,No,Tier 2: Intermediate (Rank 1001-2500),2 Cards (Recognition + Recall),"junda_auto_import, junda_tier_tier_2"
1786803211224,爵,jué,feudal title or rank,1925,N/A,No,Tier 2: Intermediate (Rank 1001-2500),2 Cards (Recognition + Recall),"junda_auto_import, junda_tier_tier_2"
1786803211226,鹏,péng,fabulous bird of enormous size,1926,N/A,No,Tier 2: Intermediate (Rank 1001-2500),2 Cards (Recognition + Recall),"junda_auto_import, junda_tier_tier_2"
1786803211229,鹰,yīng,falcon; Accipiter species (various),1927,N/A,No,Tier 2: Intermediate (Rank 1001-2500),2 Cards (Recognition + Recall),"junda_auto_import, junda_tier_tier_2"
1786803211231,桂,guì,cassia or cinnamon,1930,N/A,No,Tier 2: Intermediate (Rank 1001-2500),2 Cards (Recognition + Recall),"junda_auto_import, junda_tier_tier_2"
1786803211234,滋,zī,"grow, multiply, increase; thrive",1931,6,No,Tier 2: Intermediate (Rank 1001-2500),2 Cards (Recognition + Recall),"junda_auto_import, junda_tier_tier_2"
1786803211237,茨,cí,"thatching; caltrop, Tribulus terrestris",1936,N/A,No,Tier 2: Intermediate (Rank 1001-2500),2 Cards (Recognition + Recall),"junda_auto_import, junda_tier_tier_2"
1786803211239,贤,xián,"virtuous, worthy, good; able",1943,6,No,Tier 2: Intermediate (Rank 1001-2500),2 Cards (Recognition + Recall),"junda_auto_import, junda_tier_tier_2"
1786803211242,毅,yì,"resolute, decisive, firm, persist",1946,6,No,Tier 2: Intermediate (Rank 1001-2500),2 Cards (Recognition + Recall),"junda_auto_import, junda_tier_tier_2"
1786803211244,哩,lī,mile,1949,N/A,No,Tier 2: Intermediate (Rank 1001-2500),2 Cards (Recognition + Recall),"junda_auto_import, junda_tier_tier_2"
1786803211247,函,hán,correspondence; a case; a box,1950,N/A,No,Tier 2: Intermediate (Rank 1001-2500),2 Cards (Recognition + Recall),"junda_auto_import, junda_tier_tier_2"
1786803211249,昂,áng,"rise, raise; proud, bold; upright",1952,6,No,Tier 2: Intermediate (Rank 1001-2500),2 Cards (Recognition + Recall),"junda_auto_import, junda_tier_tier_2"
1786803211252,薛,xuē,kind of marsh grass; feudal state,1953,N/A,No,Tier 2: Intermediate (Rank 1001-2500),2 Cards (Recognition + Recall),"junda_auto_import, junda_tier_tier_2"
1786803211255,皱,zhòu,"wrinkles, creases, folds",1954,6,No,Tier 2: Intermediate (Rank 1001-2500),2 Cards (Recognition + Recall),"junda_auto_import, junda_tier_tier_2"
1786803211259,剥,bō,peel,1959,6,No,Tier 2: Intermediate (Rank 1001-2500),2 Cards (Recognition + Recall),"junda_auto_import, junda_tier_tier_2"
1786803211261,携,xié,"lead by hand, take with; carry",1964,6,No,Tier 2: Intermediate (Rank 1001-2500),2 Cards (Recognition + Recall),"junda_auto_import, junda_tier_tier_2"
1786803211263,陵,líng,"hill, mound; mausoleum",1965,6,No,Tier 2: Intermediate (Rank 1001-2500),2 Cards (Recognition + Recall),"junda_auto_import, junda_tier_tier_2"
1786803211266,吻,wěn,kiss; the lips; coinciding,1973,5,No,Tier 2: Intermediate (Rank 1001-2500),2 Cards (Recognition + Recall),"junda_auto_import, junda_tier_tier_2"
1786803211268,喘,chuǎn,"pant, gasp, breathe heavily",1977,6,No,Tier 2: Intermediate (Rank 1001-2500),2 Cards (Recognition + Recall),"junda_auto_import, junda_tier_tier_2"
1786803211271,竭,jié,put forth great effort; exhaust,1987,6,No,Tier 2: Intermediate (Rank 1001-2500),2 Cards (Recognition + Recall),"junda_auto_import, junda_tier_tier_2"
1786803211273,奸,jiān,"crafty, villainous, false",1992,N/A,No,Tier 2: Intermediate (Rank 1001-2500),2 Cards (Recognition + Recall),"junda_auto_import, junda_tier_tier_2"
1786803211276,悦,yuè,"pleased, contented, gratified",1995,6,No,Tier 2: Intermediate (Rank 1001-2500),2 Cards (Recognition + Recall),"junda_auto_import, junda_tier_tier_2"
1786803211277,乾,gān,"dry; first hexagram; warming principle of the sun, penetrating and fertilizing, heavenly generative principle (male)",1999,N/A,No,Tier 2: Intermediate (Rank 1001-2500),2 Cards (Recognition + Recall),"junda_auto_import, junda_tier_tier_2"
1786803211280,爹,diē,"father, daddy",2004,N/A,No,Tier 2: Intermediate (Rank 1001-2500),2 Cards (Recognition + Recall),"junda_auto_import, junda_tier_tier_2"
1786803211283,儒,rú,Confucian scholar,2006,6,No,Tier 2: Intermediate (Rank 1001-2500),2 Cards (Recognition + Recall),"junda_auto_import, junda_tier_tier_2"
1786803211286,卵,luǎn,egg; ovum; roe; spawn,2008,N/A,No,Tier 2: Intermediate (Rank 1001-2500),2 Cards (Recognition + Recall),"junda_auto_import, junda_tier_tier_2"
1786803211288,僧,sēng,"Buddhist priest, monk; san of Sanskrit sangha",2013,N/A,No,Tier 2: Intermediate (Rank 1001-2500),2 Cards (Recognition + Recall),"junda_auto_import, junda_tier_tier_2"
1786803211290,吟,yín,"sing, hum; recite; type of poetry",2015,6,No,Tier 2: Intermediate (Rank 1001-2500),2 Cards (Recognition + Recall),"junda_auto_import, junda_tier_tier_2"
1786803211292,猩,xīng,species of orangutan,2016,N/A,No,Tier 2: Intermediate (Rank 1001-2500),2 Cards (Recognition + Recall),"junda_auto_import, junda_tier_tier_2"
1786803211294,遂,suì,"comply with, follow along; thereupon",2017,N/A,No,Tier 2: Intermediate (Rank 1001-2500),2 Cards (Recognition + Recall),"junda_auto_import, junda_tier_tier_2"
1786803211297,霞,xiá,rosy clouds,2021,6,No,Tier 2: Intermediate (Rank 1001-2500),2 Cards (Recognition + Recall),"junda_auto_import, junda_tier_tier_2"
1786803211300,驳,bó,"varicolored, variegated; mixed",2022,6,No,Tier 2: Intermediate (Rank 1001-2500),2 Cards (Recognition + Recall),"junda_auto_import, junda_tier_tier_2"
1786803211302,於,yú,"in, at, on; interjection alas!",2025,N/A,No,Tier 2: Intermediate (Rank 1001-2500),2 Cards (Recognition + Recall),"junda_auto_import, junda_tier_tier_2"
1786803211305,卿,qīng,"noble, high officer",2029,N/A,No,Tier 2: Intermediate (Rank 1001-2500),2 Cards (Recognition + Recall),"junda_auto_import, junda_tier_tier_2"
1786803211307,咽,yàn,throat; pharynx,2031,6,No,Tier 2: Intermediate (Rank 1001-2500),2 Cards (Recognition + Recall),"junda_auto_import, junda_tier_tier_2"
1786803211310,囊,náng,"bag, purse, sack; put in bag",2041,N/A,No,Tier 2: Intermediate (Rank 1001-2500),2 Cards (Recognition + Recall),"junda_auto_import, junda_tier_tier_2"
1786803211312,泊,pō,anchor vessel; lie at anchor,2043,6,No,Tier 2: Intermediate (Rank 1001-2500),2 Cards (Recognition + Recall),"junda_auto_import, junda_tier_tier_2"
1786803211316,冈,gāng,ridge or crest of hill,2047,N/A,No,Tier 2: Intermediate (Rank 1001-2500),2 Cards (Recognition + Recall),"junda_auto_import, junda_tier_tier_2"
1786803211319,贾,jiǎ,"surname; merchant; buy, trade",2051,N/A,Yes,Tier 2: Intermediate (Rank 1001-2500),2 Cards (Recognition + Recall),"junda_auto_import, junda_tier_tier_2"
1786803211321,斑,bān,"mottled, striped, freckle",2053,6,No,Tier 2: Intermediate (Rank 1001-2500),2 Cards (Recognition + Recall),"junda_auto_import, junda_tier_tier_2"
1786803211324,涛,tāo,large waves,2054,6,No,Tier 2: Intermediate (Rank 1001-2500),2 Cards (Recognition + Recall),"junda_auto_import, junda_tier_tier_2"
1786803211326,鹿,lù,deer; surname; KangXi radical 198,2056,N/A,Yes,Tier 2: Intermediate (Rank 1001-2500),2 Cards (Recognition + Recall),"junda_auto_import, junda_tier_tier_2"
1786803211329,俘,fú,prisoner of war; take as prisoner,2057,6,No,Tier 2: Intermediate (Rank 1001-2500),2 Cards (Recognition + Recall),"junda_auto_import, junda_tier_tier_2"
1786803211331,锡,xī,"tin, stannum; bestow, confer",2058,N/A,No,Tier 2: Intermediate (Rank 1001-2500),2 Cards (Recognition + Recall),"junda_auto_import, junda_tier_tier_2"
1786803211334,葬,zàng,"bury, inter",2060,6,No,Tier 2: Intermediate (Rank 1001-2500),2 Cards (Recognition + Recall),"junda_auto_import, junda_tier_tier_2"
1786803211337,铭,míng,"inscribe, engrave",2061,6,No,Tier 2: Intermediate (Rank 1001-2500),2 Cards (Recognition + Recall),"junda_auto_import, junda_tier_tier_2"
1786803211339,璇,xuán,beautiful jade; star,2065,N/A,No,Tier 2: Intermediate (Rank 1001-2500),2 Cards (Recognition + Recall),"junda_auto_import, junda_tier_tier_2"
1786803211342,潘,pān,surname; water in which rice has been rinsed; a river that flows into the Han,2070,N/A,Yes,Tier 2: Intermediate (Rank 1001-2500),2 Cards (Recognition + Recall),"junda_auto_import, junda_tier_tier_2"
1786803211345,歧,qí,fork of road; branching off,2071,6,No,Tier 2: Intermediate (Rank 1001-2500),2 Cards (Recognition + Recall),"junda_auto_import, junda_tier_tier_2"
1786803211347,赐,cì,"give, bestow favors; appoint",2072,N/A,No,Tier 2: Intermediate (Rank 1001-2500),2 Cards (Recognition + Recall),"junda_auto_import, junda_tier_tier_2"
1786803211350,鲍,bào,abalone; dried fish; surname,2073,N/A,Yes,Tier 2: Intermediate (Rank 1001-2500),2 Cards (Recognition + Recall),"junda_auto_import, junda_tier_tier_2"
1786803211352,廊,láng,"corridor, porch, veranda",2075,6,No,Tier 2: Intermediate (Rank 1001-2500),2 Cards (Recognition + Recall),"junda_auto_import, junda_tier_tier_2"
1786803211356,灌,guàn,"pour; water; irrigate, flood",2077,6,No,Tier 2: Intermediate (Rank 1001-2500),2 Cards (Recognition + Recall),"junda_auto_import, junda_tier_tier_2"
1786803211358,勉,miǎn,"endeavor, make effort; urge",2078,6,No,Tier 2: Intermediate (Rank 1001-2500),2 Cards (Recognition + Recall),"junda_auto_import, junda_tier_tier_2"
1786803211361,佐,zuǒ,"assist, aid, second; subordinate",2081,N/A,No,Tier 2: Intermediate (Rank 1001-2500),2 Cards (Recognition + Recall),"junda_auto_import, junda_tier_tier_2"
1786803211363,胀,zhàng,"swell, inflate, expand",2083,6,No,Tier 2: Intermediate (Rank 1001-2500),2 Cards (Recognition + Recall),"junda_auto_import, junda_tier_tier_2"
1786803211365,扯,chě,"rip up, tear down; raise; haul",2084,6,No,Tier 2: Intermediate (Rank 1001-2500),2 Cards (Recognition + Recall),"junda_auto_import, junda_tier_tier_2"
1786803211367,禧,xǐ,happiness; congratulations,2085,N/A,No,Tier 2: Intermediate (Rank 1001-2500),2 Cards (Recognition + Recall),"junda_auto_import, junda_tier_tier_2"
1786803211369,辽,liáo,"distant, far",2086,6,No,Tier 2: Intermediate (Rank 1001-2500),2 Cards (Recognition + Recall),"junda_auto_import, junda_tier_tier_2"
1786803211371,抹,mǒ,"smear, apply, wipe off, erase",2087,6,No,Tier 2: Intermediate (Rank 1001-2500),2 Cards (Recognition + Recall),"junda_auto_import, junda_tier_tier_2"
1786803211374,朴,pǔ,"simple, unadorned; sincere; surname; a tree",2092,6,Yes,Tier 2: Intermediate (Rank 1001-2500),2 Cards (Recognition + Recall),"junda_auto_import, junda_tier_tier_2"
1786803211377,咐,fù,"instruct, order",2093,6,No,Tier 2: Intermediate (Rank 1001-2500),2 Cards (Recognition + Recall),"junda_auto_import, junda_tier_tier_2"
1786803211379,誓,shì,"swear, pledge; oath",2095,6,No,Tier 2: Intermediate (Rank 1001-2500),2 Cards (Recognition + Recall),"junda_auto_import, junda_tier_tier_2"
1786803211383,喉,hóu,"throat, gullet, larynx; guttural",2096,6,No,Tier 2: Intermediate (Rank 1001-2500),2 Cards (Recognition + Recall),"junda_auto_import, junda_tier_tier_2"
1786803211384,妄,wàng,"absurd, foolish, reckless; false",2097,6,No,Tier 2: Intermediate (Rank 1001-2500),2 Cards (Recognition + Recall),"junda_auto_import, junda_tier_tier_2"
1786803211387,拘,jū,"restrain, seize, detain",2098,6,No,Tier 2: Intermediate (Rank 1001-2500),2 Cards (Recognition + Recall),"junda_auto_import, junda_tier_tier_2"
1786803211389,驰,chí,go quickly or swiftly; hurry,2100,6,No,Tier 2: Intermediate (Rank 1001-2500),2 Cards (Recognition + Recall),"junda_auto_import, junda_tier_tier_2"
1786803211392,逝,shì,pass away; die,2102,6,No,Tier 2: Intermediate (Rank 1001-2500),2 Cards (Recognition + Recall),"junda_auto_import, junda_tier_tier_2"
1786803211394,窃,qiè,"secretly, stealthily; steal; thief",2103,6,No,Tier 2: Intermediate (Rank 1001-2500),2 Cards (Recognition + Recall),"junda_auto_import, junda_tier_tier_2"
1786803211396,纤,xiān,"fine, delicate; minute; graceful",2106,6,No,Tier 2: Intermediate (Rank 1001-2500),2 Cards (Recognition + Recall),"junda_auto_import, junda_tier_tier_2"
1786803211399,玑,jī,pearl that is not quite round,2107,N/A,No,Tier 2: Intermediate (Rank 1001-2500),2 Cards (Recognition + Recall),"junda_auto_import, junda_tier_tier_2"
1786803211401,匠,jiàng,"craftsman, artisan; workman",2110,N/A,No,Tier 2: Intermediate (Rank 1001-2500),2 Cards (Recognition + Recall),"junda_auto_import, junda_tier_tier_2"
1786803211404,盈,yíng,"fill; full, overflowing; surplus",2111,6,No,Tier 2: Intermediate (Rank 1001-2500),2 Cards (Recognition + Recall),"junda_auto_import, junda_tier_tier_2"
1786803211406,婴,yīng,"baby, infant; bother",2115,6,No,Tier 2: Intermediate (Rank 1001-2500),2 Cards (Recognition + Recall),"junda_auto_import, junda_tier_tier_2"
1786803211408,倘,tǎng,"if, supposing, in event of",2118,6,No,Tier 2: Intermediate (Rank 1001-2500),2 Cards (Recognition + Recall),"junda_auto_import, junda_tier_tier_2"
1786803211411,浙,zhè,Zhejiang province; river,2119,N/A,No,Tier 2: Intermediate (Rank 1001-2500),2 Cards (Recognition + Recall),"junda_auto_import, junda_tier_tier_2"
1786803211413,蔽,bì,"cover, hide, conceal; shelter",2121,6,No,Tier 2: Intermediate (Rank 1001-2500),2 Cards (Recognition + Recall),"junda_auto_import, junda_tier_tier_2"
1786803211416,妮,nī,"maid, servant girl; cute girl",2124,N/A,No,Tier 2: Intermediate (Rank 1001-2500),2 Cards (Recognition + Recall),"junda_auto_import, junda_tier_tier_2"
1786803211419,莎,shā,"kind of sedge grass, used anciently for raincoats",2125,N/A,No,Tier 2: Intermediate (Rank 1001-2500),2 Cards (Recognition + Recall),"junda_auto_import, junda_tier_tier_2"
1786803211421,後,hòu,"behind, rear, after; descendents",2131,N/A,No,Tier 2: Intermediate (Rank 1001-2500),2 Cards (Recognition + Recall),"junda_auto_import, junda_tier_tier_2"
1786803211451,颠,diān,"top, peak, summit; upset",2134,6,No,Tier 2: Intermediate (Rank 1001-2500),2 Cards (Recognition + Recall),"junda_auto_import, junda_tier_tier_2"
1786803211457,遮,zhē,"cover, shield, protect",2135,6,No,Tier 2: Intermediate (Rank 1001-2500),2 Cards (Recognition + Recall),"junda_auto_import, junda_tier_tier_2"
1786803211462,圳,zhèn,"furrow in field, small drainage ditch",2137,N/A,No,Tier 2: Intermediate (Rank 1001-2500),2 Cards (Recognition + Recall),"junda_auto_import, junda_tier_tier_2"
1786803211466,吁,xū,,2138,6,No,Tier 2: Intermediate (Rank 1001-2500),2 Cards (Recognition + Recall),"junda_auto_import, junda_tier_tier_2"
1786803211468,仑,lún,"logical reasons, logical order",2139,N/A,No,Tier 2: Intermediate (Rank 1001-2500),2 Cards (Recognition + Recall),"junda_auto_import, junda_tier_tier_2"
1786803211471,辟,pì,"law, rule; open up, develop",2140,6,No,Tier 2: Intermediate (Rank 1001-2500),2 Cards (Recognition + Recall),"junda_auto_import, junda_tier_tier_2"
1786803211475,瘤,liú,"tumor, lump, goiter",2141,6,No,Tier 2: Intermediate (Rank 1001-2500),2 Cards (Recognition + Recall),"junda_auto_import, junda_tier_tier_2"
1786803211477,嫂,sǎo,,2142,6,No,Tier 2: Intermediate (Rank 1001-2500),2 Cards (Recognition + Recall),"junda_auto_import, junda_tier_tier_2"
1786803211481,陀,tuó,"steep bank, rough terrain",2143,N/A,No,Tier 2: Intermediate (Rank 1001-2500),2 Cards (Recognition + Recall),"junda_auto_import, junda_tier_tier_2"
1786803211484,框,kuāng,frame; framework; door frame,2144,6,No,Tier 2: Intermediate (Rank 1001-2500),2 Cards (Recognition + Recall),"junda_auto_import, junda_tier_tier_2"
1786803211487,谭,tán,surname,2145,N/A,Yes,Tier 2: Intermediate (Rank 1001-2500),2 Cards (Recognition + Recall),"junda_auto_import, junda_tier_tier_2"
1786803211490,钦,qīn,"respect, admire; respectful",2147,6,No,Tier 2: Intermediate (Rank 1001-2500),2 Cards (Recognition + Recall),"junda_auto_import, junda_tier_tier_2"
1786803211492,庸,yōng,"usual, common, ordinary, mediocre",2148,6,No,Tier 2: Intermediate (Rank 1001-2500),2 Cards (Recognition + Recall),"junda_auto_import, junda_tier_tier_2"
1786803211495,芝,zhī,,2150,N/A,No,Tier 2: Intermediate (Rank 1001-2500),2 Cards (Recognition + Recall),"junda_auto_import, junda_tier_tier_2"
1786803211498,吼,hǒu,"roar, shout; bark, howl",2151,6,No,Tier 2: Intermediate (Rank 1001-2500),2 Cards (Recognition + Recall),"junda_auto_import, junda_tier_tier_2"
1786803211501,摊,tān,"spread out, open; apportion",2154,6,No,Tier 2: Intermediate (Rank 1001-2500),2 Cards (Recognition + Recall),"junda_auto_import, junda_tier_tier_2"
1786803211504,嘱,zhǔ,"order, tell, instruct, leave word",2156,6,No,Tier 2: Intermediate (Rank 1001-2500),2 Cards (Recognition + Recall),"junda_auto_import, junda_tier_tier_2"
1786803211506,衷,zhōng,,2157,6,No,Tier 2: Intermediate (Rank 1001-2500),2 Cards (Recognition + Recall),"junda_auto_import, junda_tier_tier_2"
1786803211509,娇,jiāo,seductive and loveable; tender,2158,6,No,Tier 2: Intermediate (Rank 1001-2500),2 Cards (Recognition + Recall),"junda_auto_import, junda_tier_tier_2"
1786803211512,陕,shǎn,mountain pass; Shanxi province,2159,N/A,No,Tier 2: Intermediate (Rank 1001-2500),2 Cards (Recognition + Recall),"junda_auto_import, junda_tier_tier_2"
1786803211514,浦,pǔ,"bank of river, shore; surname",2161,N/A,Yes,Tier 2: Intermediate (Rank 1001-2500),2 Cards (Recognition + Recall),"junda_auto_import, junda_tier_tier_2"
1786803211519,讶,yà,"express surprise, be surprised",2162,6,No,Tier 2: Intermediate (Rank 1001-2500),2 Cards (Recognition + Recall),"junda_auto_import, junda_tier_tier_2"
1786803211522,耸,sǒng,"urge on; rise up; stir, excite",2163,6,No,Tier 2: Intermediate (Rank 1001-2500),2 Cards (Recognition + Recall),"junda_auto_import, junda_tier_tier_2"
1786803211525,碧,bì,"jade; green, blue",2165,N/A,No,Tier 2: Intermediate (Rank 1001-2500),2 Cards (Recognition + Recall),"junda_auto_import, junda_tier_tier_2"
1786803211527,淋,lín,"drip, soak, drench; perfectly",2168,6,No,Tier 2: Intermediate (Rank 1001-2500),2 Cards (Recognition + Recall),"junda_auto_import, junda_tier_tier_2"
1786803211530,耻,chǐ,"shame, humiliation; ashamed",2169,6,No,Tier 2: Intermediate (Rank 1001-2500),2 Cards (Recognition + Recall),"junda_auto_import, junda_tier_tier_2"
1786803211532,屠,tú,"butcher, slaughter, massacre",2171,N/A,No,Tier 2: Intermediate (Rank 1001-2500),2 Cards (Recognition + Recall),"junda_auto_import, junda_tier_tier_2"
1786803211534,鹅,é,goose,2172,N/A,No,Tier 2: Intermediate (Rank 1001-2500),2 Cards (Recognition + Recall),"junda_auto_import, junda_tier_tier_2"
1786803211538,饥,jī,"hunger, starving; hungry; a famine",2173,6,No,Tier 2: Intermediate (Rank 1001-2500),2 Cards (Recognition + Recall),"junda_auto_import, junda_tier_tier_2"
1786803211540,虹,hóng,rainbow,2176,5,No,Tier 2: Intermediate (Rank 1001-2500),2 Cards (Recognition + Recall),"junda_auto_import, junda_tier_tier_2"
1786803211543,萍,píng,"duckweed; wandering, traveling",2180,N/A,No,Tier 2: Intermediate (Rank 1001-2500),2 Cards (Recognition + Recall),"junda_auto_import, junda_tier_tier_2"
1786803211545,逢,féng,"come upon, happen meet; flatter",2181,6,No,Tier 2: Intermediate (Rank 1001-2500),2 Cards (Recognition + Recall),"junda_auto_import, junda_tier_tier_2"
1786803211547,翔,xiáng,"soar, glide, hover; detailed",2184,6,No,Tier 2: Intermediate (Rank 1001-2500),2 Cards (Recognition + Recall),"junda_auto_import, junda_tier_tier_2"
1786803211549,绵,mián,"cotton wad; wool; soft, downy",2186,N/A,No,Tier 2: Intermediate (Rank 1001-2500),2 Cards (Recognition + Recall),"junda_auto_import, junda_tier_tier_2"
1786803211552,枯,kū,"dried out, withered, decayed",2188,6,No,Tier 2: Intermediate (Rank 1001-2500),2 Cards (Recognition + Recall),"junda_auto_import, junda_tier_tier_2"
1786803211555,昭,zhāo,"bright, luminous; illustrious",2190,N/A,No,Tier 2: Intermediate (Rank 1001-2500),2 Cards (Recognition + Recall),"junda_auto_import, junda_tier_tier_2"
1786803211558,怔,zhēng,a disease resembling neurosis,2191,N/A,No,Tier 2: Intermediate (Rank 1001-2500),2 Cards (Recognition + Recall),"junda_auto_import, junda_tier_tier_2"
1786803211562,凑,còu,"piece together, assemble",2193,6,No,Tier 2: Intermediate (Rank 1001-2500),2 Cards (Recognition + Recall),"junda_auto_import, junda_tier_tier_2"
1786803211565,溪,xī,"mountain stream, creek",2194,6,No,Tier 2: Intermediate (Rank 1001-2500),2 Cards (Recognition + Recall),"junda_auto_import, junda_tier_tier_2"
1786803211569,禅,chán,,2196,N/A,No,Tier 2: Intermediate (Rank 1001-2500),2 Cards (Recognition + Recall),"junda_auto_import, junda_tier_tier_2"
1786803211573,阐,chǎn,"explain, clarify, elucidate",2197,6,No,Tier 2: Intermediate (Rank 1001-2500),2 Cards (Recognition + Recall),"junda_auto_import, junda_tier_tier_2"
1786803211576,匪,fěi,"bandits, robbers, gangsters",2201,N/A,No,Tier 2: Intermediate (Rank 1001-2500),2 Cards (Recognition + Recall),"junda_auto_import, junda_tier_tier_2"
1786803211580,挪,nuó,"move, shift on one side",2204,6,No,Tier 2: Intermediate (Rank 1001-2500),2 Cards (Recognition + Recall),"junda_auto_import, junda_tier_tier_2"
1786803211583,琼,qióng,"jade; rare, precious; elegant; (Cant.) to coagulate",2205,N/A,No,Tier 2: Intermediate (Rank 1001-2500),2 Cards (Recognition + Recall),"junda_auto_import, junda_tier_tier_2"
1786803211586,脂,zhī,"fat, grease, lard; grease",2206,6,No,Tier 2: Intermediate (Rank 1001-2500),2 Cards (Recognition + Recall),"junda_auto_import, junda_tier_tier_2"
1786803211589,慨,kǎi,"sigh, regret; generous",2208,6,No,Tier 2: Intermediate (Rank 1001-2500),2 Cards (Recognition + Recall),"junda_auto_import, junda_tier_tier_2"
1786803211592,菩,pú,"herb, aromatic plant",2209,N/A,No,Tier 2: Intermediate (Rank 1001-2500),2 Cards (Recognition + Recall),"junda_auto_import, junda_tier_tier_2"
1786803211594,掘,jué,"dig, excavate; excavate cave",2212,6,No,Tier 2: Intermediate (Rank 1001-2500),2 Cards (Recognition + Recall),"junda_auto_import, junda_tier_tier_2"
1786803211597,岭,lǐng,"mountain ridge, mountain peak",2214,N/A,No,Tier 2: Intermediate (Rank 1001-2500),2 Cards (Recognition + Recall),"junda_auto_import, junda_tier_tier_2"
1786803211599,逮,dǎi,"seize, catch; reach, arrive",2216,6,No,Tier 2: Intermediate (Rank 1001-2500),2 Cards (Recognition + Recall),"junda_auto_import, junda_tier_tier_2"
1786803211602,狄,dí,tribe from northern china; surnam,2219,N/A,No,Tier 2: Intermediate (Rank 1001-2500),2 Cards (Recognition + Recall),"junda_auto_import, junda_tier_tier_2"
1786803211606,挽,wǎn,"pull; pull back, draw back",2222,6,No,Tier 2: Intermediate (Rank 1001-2500),2 Cards (Recognition + Recall),"junda_auto_import, junda_tier_tier_2"
1786803211608,蔡,cài,surname; species of tortoise,2226,N/A,Yes,Tier 2: Intermediate (Rank 1001-2500),2 Cards (Recognition + Recall),"junda_auto_import, junda_tier_tier_2"
1786803211611,脊,jí,"spine, backbone; ridge",2228,N/A,No,Tier 2: Intermediate (Rank 1001-2500),2 Cards (Recognition + Recall),"junda_auto_import, junda_tier_tier_2"
1786803211612,喃,nán,"keep talking, chattering; mumble",2233,N/A,No,Tier 2: Intermediate (Rank 1001-2500),2 Cards (Recognition + Recall),"junda_auto_import, junda_tier_tier_2"
1786803211615,僚,liáo,"companion, colleague; officials; bureaucracy; a pretty face",2234,N/A,No,Tier 2: Intermediate (Rank 1001-2500),2 Cards (Recognition + Recall),"junda_auto_import, junda_tier_tier_2"
1786803211617,姊,zǐ,elder sister,2236,N/A,No,Tier 2: Intermediate (Rank 1001-2500),2 Cards (Recognition + Recall),"junda_auto_import, junda_tier_tier_2"
1786803211620,骚,sāo,"harass, bother, annoy, disturb",2237,6,No,Tier 2: Intermediate (Rank 1001-2500),2 Cards (Recognition + Recall),"junda_auto_import, junda_tier_tier_2"
1786803211622,拓,tà,expand; open up; support or push,2238,6,No,Tier 2: Intermediate (Rank 1001-2500),2 Cards (Recognition + Recall),"junda_auto_import, junda_tier_tier_2"
1786803211624,歪,wāi,"slant; inclined; askewd, awry",2239,5,No,Tier 2: Intermediate (Rank 1001-2500),2 Cards (Recognition + Recall),"junda_auto_import, junda_tier_tier_2"
1786803211628,柄,bǐng,"handle, lever, knob; authority",2241,N/A,No,Tier 2: Intermediate (Rank 1001-2500),2 Cards (Recognition + Recall),"junda_auto_import, junda_tier_tier_2"
1786803211630,湘,xiāng,Hunan province,2245,N/A,No,Tier 2: Intermediate (Rank 1001-2500),2 Cards (Recognition + Recall),"junda_auto_import, junda_tier_tier_2"
1786803211633,鞭,biān,whip; whip; string of firecrackers,2250,5,No,Tier 2: Intermediate (Rank 1001-2500),2 Cards (Recognition + Recall),"junda_auto_import, junda_tier_tier_2"
1786803211635,芒,máng,Miscanthus sinensis,2251,6,No,Tier 2: Intermediate (Rank 1001-2500),2 Cards (Recognition + Recall),"junda_auto_import, junda_tier_tier_2"
1786803211638,钩,gōu,"hook, barb; sickle; stroke with",2254,6,No,Tier 2: Intermediate (Rank 1001-2500),2 Cards (Recognition + Recall),"junda_auto_import, junda_tier_tier_2"
1786803211641,嚷,rǎng,"shout, brawl, make uproar, cry",2256,6,No,Tier 2: Intermediate (Rank 1001-2500),2 Cards (Recognition + Recall),"junda_auto_import, junda_tier_tier_2"
1786803211643,腺,xiàn,gland,2257,N/A,No,Tier 2: Intermediate (Rank 1001-2500),2 Cards (Recognition + Recall),"junda_auto_import, junda_tier_tier_2"
1786803211645,弦,xián,"string; hypotenuse, crescent",2258,6,No,Tier 2: Intermediate (Rank 1001-2500),2 Cards (Recognition + Recall),"junda_auto_import, junda_tier_tier_2"
1786803211648,俯,fǔ,"bow down, face down, look down",2261,6,No,Tier 2: Intermediate (Rank 1001-2500),2 Cards (Recognition + Recall),"junda_auto_import, junda_tier_tier_2"
1786803211650,厦,shà,"big building, mansion",2264,5,No,Tier 2: Intermediate (Rank 1001-2500),2 Cards (Recognition + Recall),"junda_auto_import, junda_tier_tier_2"
1786803211652,寡,guǎ,"widowed; alone, friendless",2268,N/A,No,Tier 2: Intermediate (Rank 1001-2500),2 Cards (Recognition + Recall),"junda_auto_import, junda_tier_tier_2"
1786803211655,叠,dié,pile; be piled up; fold up,2271,6,No,Tier 2: Intermediate (Rank 1001-2500),2 Cards (Recognition + Recall),"junda_auto_import, junda_tier_tier_2"
1786803211657,喻,yù,"metaphor, analogy; example; like",2273,6,No,Tier 2: Intermediate (Rank 1001-2500),2 Cards (Recognition + Recall),"junda_auto_import, junda_tier_tier_2"
1786803211660,煌,huáng,"bright, shining, luminous",2276,6,No,Tier 2: Intermediate (Rank 1001-2500),2 Cards (Recognition + Recall),"junda_auto_import, junda_tier_tier_2"
1786803211663,徽,huī,"a badge, insignia",2277,N/A,No,Tier 2: Intermediate (Rank 1001-2500),2 Cards (Recognition + Recall),"junda_auto_import, junda_tier_tier_2"
1786803211666,坠,zhuì,"fall down, drop, sink, go to ruin",2279,6,No,Tier 2: Intermediate (Rank 1001-2500),2 Cards (Recognition + Recall),"junda_auto_import, junda_tier_tier_2"
1786803211668,煞,shā,"malignant deity; baleful, noxious; strike dead",2280,N/A,No,Tier 2: Intermediate (Rank 1001-2500),2 Cards (Recognition + Recall),"junda_auto_import, junda_tier_tier_2"
1786803211670,瓷,cí,"crockery, porcelain, chinaware",2285,6,No,Tier 2: Intermediate (Rank 1001-2500),2 Cards (Recognition + Recall),"junda_auto_import, junda_tier_tier_2"
1786803211672,咒,zhòu,"curse, damn, incantation",2286,N/A,No,Tier 2: Intermediate (Rank 1001-2500),2 Cards (Recognition + Recall),"junda_auto_import, junda_tier_tier_2"
1786803211674,郡,jùn,administrative division,2289,N/A,No,Tier 2: Intermediate (Rank 1001-2500),2 Cards (Recognition + Recall),"junda_auto_import, junda_tier_tier_2"
1786803211677,浴,yù,"bathe, wash; bath",2290,6,No,Tier 2: Intermediate (Rank 1001-2500),2 Cards (Recognition + Recall),"junda_auto_import, junda_tier_tier_2"
1786803211679,媚,mèi,"charming, attractive; flatter",2291,N/A,No,Tier 2: Intermediate (Rank 1001-2500),2 Cards (Recognition + Recall),"junda_auto_import, junda_tier_tier_2"
1786803211681,稣,sū,"revive, to rise again; collect",2292,N/A,No,Tier 2: Intermediate (Rank 1001-2500),2 Cards (Recognition + Recall),"junda_auto_import, junda_tier_tier_2"
1786803211683,淮,huái,river in Anhui province,2293,N/A,No,Tier 2: Intermediate (Rank 1001-2500),2 Cards (Recognition + Recall),"junda_auto_import, junda_tier_tier_2"
1786803211685,漆,qī,"varnish, lacquer, paint",2296,6,No,Tier 2: Intermediate (Rank 1001-2500),2 Cards (Recognition + Recall),"junda_auto_import, junda_tier_tier_2"
1786803211688,淫,yín,"obscene, licentious, lewd",2297,N/A,No,Tier 2: Intermediate (Rank 1001-2500),2 Cards (Recognition + Recall),"junda_auto_import, junda_tier_tier_2"
1786803211690,吩,fēn,"order, command, instruct",2299,6,No,Tier 2: Intermediate (Rank 1001-2500),2 Cards (Recognition + Recall),"junda_auto_import, junda_tier_tier_2"
1786803211692,撰,zhuàn,"compose, write, compile",2300,N/A,No,Tier 2: Intermediate (Rank 1001-2500),2 Cards (Recognition + Recall),"junda_auto_import, junda_tier_tier_2"
1786803211696,啸,xiào,"roar, howl, scream; whistle",2301,6,No,Tier 2: Intermediate (Rank 1001-2500),2 Cards (Recognition + Recall),"junda_auto_import, junda_tier_tier_2"
1786803211698,滞,zhì,"block up, obstruct; stagnant",2302,6,No,Tier 2: Intermediate (Rank 1001-2500),2 Cards (Recognition + Recall),"junda_auto_import, junda_tier_tier_2"
1786803211701,钓,diào,"fish; fishhook; tempt, lure",2305,5,No,Tier 2: Intermediate (Rank 1001-2500),2 Cards (Recognition + Recall),"junda_auto_import, junda_tier_tier_2"
1786803211704,膝,xī,knee,2307,6,No,Tier 2: Intermediate (Rank 1001-2500),2 Cards (Recognition + Recall),"junda_auto_import, junda_tier_tier_2"
1786803211706,姚,yáo,"handsome, elegant; surname",2308,N/A,Yes,Tier 2: Intermediate (Rank 1001-2500),2 Cards (Recognition + Recall),"junda_auto_import, junda_tier_tier_2"
1786803211709,茂,mào,"thick, lush, dense; talented",2309,6,No,Tier 2: Intermediate (Rank 1001-2500),2 Cards (Recognition + Recall),"junda_auto_import, junda_tier_tier_2"
1786803211711,躯,qū,body,2310,N/A,No,Tier 2: Intermediate (Rank 1001-2500),2 Cards (Recognition + Recall),"junda_auto_import, junda_tier_tier_2"
1786803211713,吏,lì,"government official, magistrate",2311,N/A,No,Tier 2: Intermediate (Rank 1001-2500),2 Cards (Recognition + Recall),"junda_auto_import, junda_tier_tier_2"
1786803211715,猿,yuán,ape,2312,N/A,No,Tier 2: Intermediate (Rank 1001-2500),2 Cards (Recognition + Recall),"junda_auto_import, junda_tier_tier_2"
1786803211717,舶,bó,"large, ocean-going vessel",2318,6,No,Tier 2: Intermediate (Rank 1001-2500),2 Cards (Recognition + Recall),"junda_auto_import, junda_tier_tier_2"
1786803211720,颁,bān,"confer, bestow; publish, promulgate",2319,6,No,Tier 2: Intermediate (Rank 1001-2500),2 Cards (Recognition + Recall),"junda_auto_import, junda_tier_tier_2"
1786803211722,惶,huáng,"fearful, afraid, anxious, nervous",2320,N/A,No,Tier 2: Intermediate (Rank 1001-2500),2 Cards (Recognition + Recall),"junda_auto_import, junda_tier_tier_2"
1786803211725,讽,fěng,"recite, incant; satirize",2322,5,No,Tier 2: Intermediate (Rank 1001-2500),2 Cards (Recognition + Recall),"junda_auto_import, junda_tier_tier_2"
1786803211727,袍,páo,"long gown, robe, cloak",2324,6,No,Tier 2: Intermediate (Rank 1001-2500),2 Cards (Recognition + Recall),"junda_auto_import, junda_tier_tier_2"
1786803211729,衔,xián,"bit; hold in mouth, bite; gag",2328,6,No,Tier 2: Intermediate (Rank 1001-2500),2 Cards (Recognition + Recall),"junda_auto_import, junda_tier_tier_2"
1786803211732,倦,juàn,"be tired of, weary",2329,6,No,Tier 2: Intermediate (Rank 1001-2500),2 Cards (Recognition + Recall),"junda_auto_import, junda_tier_tier_2"
1786803211734,涵,hán,"soak, wet; tolerate, be lenient",2330,6,No,Tier 2: Intermediate (Rank 1001-2500),2 Cards (Recognition + Recall),"junda_auto_import, junda_tier_tier_2"
1786803211738,雀,què,sparrow,2331,6,No,Tier 2: Intermediate (Rank 1001-2500),2 Cards (Recognition + Recall),"junda_auto_import, junda_tier_tier_2"
1786803211741,旬,xún,ten-day period; period of time,2332,5,No,Tier 2: Intermediate (Rank 1001-2500),2 Cards (Recognition + Recall),"junda_auto_import, junda_tier_tier_2"
1786803211744,僵,jiāng,"stiff and motionless, stock still",2333,6,No,Tier 2: Intermediate (Rank 1001-2500),2 Cards (Recognition + Recall),"junda_auto_import, junda_tier_tier_2"
1786803211746,肢,zhī,human limbs; animal feet,2335,6,No,Tier 2: Intermediate (Rank 1001-2500),2 Cards (Recognition + Recall),"junda_auto_import, junda_tier_tier_2"
1786803211749,夷,yí,ancient barbarian tribes,2337,N/A,No,Tier 2: Intermediate (Rank 1001-2500),2 Cards (Recognition + Recall),"junda_auto_import, junda_tier_tier_2"
1786803211751,逸,yì,"flee, escape, break loose",2338,N/A,No,Tier 2: Intermediate (Rank 1001-2500),2 Cards (Recognition + Recall),"junda_auto_import, junda_tier_tier_2"
1786803211753,茅,máo,"reeds, rushes, grass; surname",2339,N/A,Yes,Tier 2: Intermediate (Rank 1001-2500),2 Cards (Recognition + Recall),"junda_auto_import, junda_tier_tier_2"
1786803211755,侨,qiáo,"sojourn, lodge",2340,6,No,Tier 2: Intermediate (Rank 1001-2500),2 Cards (Recognition + Recall),"junda_auto_import, junda_tier_tier_2"
1786803211758,窑,yáo,kiln; coal mine pit,2342,N/A,No,Tier 2: Intermediate (Rank 1001-2500),2 Cards (Recognition + Recall),"junda_auto_import, junda_tier_tier_2"
1786803211760,涅,niè,"blacken; black mud, slime",2343,N/A,No,Tier 2: Intermediate (Rank 1001-2500),2 Cards (Recognition + Recall),"junda_auto_import, junda_tier_tier_2"
1786803211762,蒲,pú,type of rush; vine,2344,N/A,No,Tier 2: Intermediate (Rank 1001-2500),2 Cards (Recognition + Recall),"junda_auto_import, junda_tier_tier_2"
1786803211764,杭,háng,cross stream; navigate,2346,N/A,No,Tier 2: Intermediate (Rank 1001-2500),2 Cards (Recognition + Recall),"junda_auto_import, junda_tier_tier_2"
1786803211766,噢,ō,"moan; interjection for pain, sad",2347,N/A,No,Tier 2: Intermediate (Rank 1001-2500),2 Cards (Recognition + Recall),"junda_auto_import, junda_tier_tier_2"
1786803211768,弊,bì,"evil, wrong, bad; criminal",2348,6,No,Tier 2: Intermediate (Rank 1001-2500),2 Cards (Recognition + Recall),"junda_auto_import, junda_tier_tier_2"
1786803211771,勋,xūn,meritorious deed; merits; rank,2349,N/A,No,Tier 2: Intermediate (Rank 1001-2500),2 Cards (Recognition + Recall),"junda_auto_import, junda_tier_tier_2"
1786803211773,凄,qī,"bitter cold, miserable, dreary",2352,6,No,Tier 2: Intermediate (Rank 1001-2500),2 Cards (Recognition + Recall),"junda_auto_import, junda_tier_tier_2"
1786803211775,捧,pěng,hold up in two hands,2353,6,No,Tier 2: Intermediate (Rank 1001-2500),2 Cards (Recognition + Recall),"junda_auto_import, junda_tier_tier_2"
1786803211779,鼎,dǐng,"large, three-legged bronze caldron",2356,N/A,No,Tier 2: Intermediate (Rank 1001-2500),2 Cards (Recognition + Recall),"junda_auto_import, junda_tier_tier_2"
1786803211782,蒸,zhēng,steam; evaporate,2358,6,No,Tier 2: Intermediate (Rank 1001-2500),2 Cards (Recognition + Recall),"junda_auto_import, junda_tier_tier_2"
1786803211785,亩,mǔ,Chinese land measure; fields,2360,N/A,No,Tier 2: Intermediate (Rank 1001-2500),2 Cards (Recognition + Recall),"junda_auto_import, junda_tier_tier_2"
1786803211787,肾,shèn,"kidneys; testes, gizzard",2361,N/A,No,Tier 2: Intermediate (Rank 1001-2500),2 Cards (Recognition + Recall),"junda_auto_import, junda_tier_tier_2"
1786803211790,陡,dǒu,"steep, sloping; abruptly, sudden",2362,6,No,Tier 2: Intermediate (Rank 1001-2500),2 Cards (Recognition + Recall),"junda_auto_import, junda_tier_tier_2"
1786803211792,殷,yīn,"many, great; abundant, flourishing",2365,N/A,No,Tier 2: Intermediate (Rank 1001-2500),2 Cards (Recognition + Recall),"junda_auto_import, junda_tier_tier_2"
1786803211795,贞,zhēn,"virtuous, chaste, pure; loyal",2366,N/A,No,Tier 2: Intermediate (Rank 1001-2500),2 Cards (Recognition + Recall),"junda_auto_import, junda_tier_tier_2"
1786803211797,哑,yǎ,"dumb, mute; become hoarse",2368,6,No,Tier 2: Intermediate (Rank 1001-2500),2 Cards (Recognition + Recall),"junda_auto_import, junda_tier_tier_2"
1786803211800,炭,tàn,charcoal; coal; carbon,2369,5,No,Tier 2: Intermediate (Rank 1001-2500),2 Cards (Recognition + Recall),"junda_auto_import, junda_tier_tier_2"
1786803211803,眨,zhǎ,wink,2371,6,No,Tier 2: Intermediate (Rank 1001-2500),2 Cards (Recognition + Recall),"junda_auto_import, junda_tier_tier_2"
1786803211805,搁,gē,"place, put, lay down; delay",2380,6,No,Tier 2: Intermediate (Rank 1001-2500),2 Cards (Recognition + Recall),"junda_auto_import, junda_tier_tier_2"
1786803211809,禄,lù,"blessing, happiness, prosperity",2381,N/A,No,Tier 2: Intermediate (Rank 1001-2500),2 Cards (Recognition + Recall),"junda_auto_import, junda_tier_tier_2"
1786803211812,雌,cí,"female; feminine; gentle, soft",2382,6,No,Tier 2: Intermediate (Rank 1001-2500),2 Cards (Recognition + Recall),"junda_auto_import, junda_tier_tier_2"
1786803211814,哨,shào,"whistle, blow whistle; chirp",2383,6,No,Tier 2: Intermediate (Rank 1001-2500),2 Cards (Recognition + Recall),"junda_auto_import, junda_tier_tier_2"
1786803211816,绢,juàn,kind of thick stiff silk,2385,N/A,No,Tier 2: Intermediate (Rank 1001-2500),2 Cards (Recognition + Recall),"junda_auto_import, junda_tier_tier_2"
1786803211818,轩,xuān,carriage; high; wide; balcony,2389,N/A,No,Tier 2: Intermediate (Rank 1001-2500),2 Cards (Recognition + Recall),"junda_auto_import, junda_tier_tier_2"
1786803211820,姜,jiāng,surname; ginger,2394,N/A,Yes,Tier 2: Intermediate (Rank 1001-2500),2 Cards (Recognition + Recall),"junda_auto_import, junda_tier_tier_2"
1786803211822,冤,yuān,"grievance, injustice, wrong",2396,6,No,Tier 2: Intermediate (Rank 1001-2500),2 Cards (Recognition + Recall),"junda_auto_import, junda_tier_tier_2"
1786803211824,鸦,yā,crow; Corvus species (various),2397,6,No,Tier 2: Intermediate (Rank 1001-2500),2 Cards (Recognition + Recall),"junda_auto_import, junda_tier_tier_2"
1786803211826,蓬,péng,type of raspberry; fairyland,2398,6,No,Tier 2: Intermediate (Rank 1001-2500),2 Cards (Recognition + Recall),"junda_auto_import, junda_tier_tier_2"
1786803211829,巷,xiàng,"alley, lane",2399,6,No,Tier 2: Intermediate (Rank 1001-2500),2 Cards (Recognition + Recall),"junda_auto_import, junda_tier_tier_2"
1786803211831,琳,lín,"beautiful jade, gem",2400,N/A,No,Tier 2: Intermediate (Rank 1001-2500),2 Cards (Recognition + Recall),"junda_auto_import, junda_tier_tier_2"
1786803211833,栽,zāi,"to cultivate, plant; to care for plants",2401,6,No,Tier 2: Intermediate (Rank 1001-2500),2 Cards (Recognition + Recall),"junda_auto_import, junda_tier_tier_2"
1786803211836,沾,zhān,"moisten, wet, soak; touch",2402,6,No,Tier 2: Intermediate (Rank 1001-2500),2 Cards (Recognition + Recall),"junda_auto_import, junda_tier_tier_2"
1786803211838,彪,biāo,tiger; tiger stripes; tiger-like,2406,N/A,No,Tier 2: Intermediate (Rank 1001-2500),2 Cards (Recognition + Recall),"junda_auto_import, junda_tier_tier_2"
1786803211841,纺,fǎng,"spin, reel, weave; reeled pongee",2409,6,No,Tier 2: Intermediate (Rank 1001-2500),2 Cards (Recognition + Recall),"junda_auto_import, junda_tier_tier_2"
1786803211844,罐,guàn,"jar, jug, pitcher, pot",2410,6,No,Tier 2: Intermediate (Rank 1001-2500),2 Cards (Recognition + Recall),"junda_auto_import, junda_tier_tier_2"
1786803211846,壤,rǎng,"soil, loam, earth; rich",2412,6,No,Tier 2: Intermediate (Rank 1001-2500),2 Cards (Recognition + Recall),"junda_auto_import, junda_tier_tier_2"
1786803211848,膨,péng,"to swell; swollen, bloated, inflated",2415,6,No,Tier 2: Intermediate (Rank 1001-2500),2 Cards (Recognition + Recall),"junda_auto_import, junda_tier_tier_2"
1786803211850,垒,lěi,"rampart, military wall",2417,N/A,No,Tier 2: Intermediate (Rank 1001-2500),2 Cards (Recognition + Recall),"junda_auto_import, junda_tier_tier_2"
1786803211852,咕,gū,"mumble, mutter, murmur; rumble",2418,N/A,No,Tier 2: Intermediate (Rank 1001-2500),2 Cards (Recognition + Recall),"junda_auto_import, junda_tier_tier_2"
1786803211854,隙,xì,"crack, split, fissure; grudge",2419,6,No,Tier 2: Intermediate (Rank 1001-2500),2 Cards (Recognition + Recall),"junda_auto_import, junda_tier_tier_2"
1786803211856,嘿,hēi,"be silent, be quiet",2423,6,No,Tier 2: Intermediate (Rank 1001-2500),2 Cards (Recognition + Recall),"junda_auto_import, junda_tier_tier_2"
1786803211859,挫,cuò,push down; chop down; grind,2426,6,No,Tier 2: Intermediate (Rank 1001-2500),2 Cards (Recognition + Recall),"junda_auto_import, junda_tier_tier_2"
1786803211861,稽,jī,"examine, investigate; delay",2427,N/A,No,Tier 2: Intermediate (Rank 1001-2500),2 Cards (Recognition + Recall),"junda_auto_import, junda_tier_tier_2"
1786803211864,辐,fú,spokes of wheel,2428,6,No,Tier 2: Intermediate (Rank 1001-2500),2 Cards (Recognition + Recall),"junda_auto_import, junda_tier_tier_2"
1786803211866,纱,shā,"gauze, thin silk; yarn, thread",2430,N/A,No,Tier 2: Intermediate (Rank 1001-2500),2 Cards (Recognition + Recall),"junda_auto_import, junda_tier_tier_2"
1786803211869,嘻,xī,"mirthful, happy; interjection",2432,N/A,No,Tier 2: Intermediate (Rank 1001-2500),2 Cards (Recognition + Recall),"junda_auto_import, junda_tier_tier_2"
1786803211871,绣,xiù,embroider; embroidery; ornament,2434,6,No,Tier 2: Intermediate (Rank 1001-2500),2 Cards (Recognition + Recall),"junda_auto_import, junda_tier_tier_2"
1786803211874,衍,yǎn,"overflow, spill over, spread out",2437,6,No,Tier 2: Intermediate (Rank 1001-2500),2 Cards (Recognition + Recall),"junda_auto_import, junda_tier_tier_2"
1786803211876,斌,bīn,"refined, having both appearance",2442,N/A,No,Tier 2: Intermediate (Rank 1001-2500),2 Cards (Recognition + Recall),"junda_auto_import, junda_tier_tier_2"
1786803211879,祈,qí,"pray; entreat, beseech",2443,N/A,No,Tier 2: Intermediate (Rank 1001-2500),2 Cards (Recognition + Recall),"junda_auto_import, junda_tier_tier_2"
1786803211881,肆,sì,"indulge; excess; numeral four; particle meaning now, therefore; shop",2445,6,No,Tier 2: Intermediate (Rank 1001-2500),2 Cards (Recognition + Recall),"junda_auto_import, junda_tier_tier_2"
1786803211883,坎,kǎn,"pit, hole; snare, trap; crisis",2446,N/A,No,Tier 2: Intermediate (Rank 1001-2500),2 Cards (Recognition + Recall),"junda_auto_import, junda_tier_tier_2"
1786803211886,轿,jiào,"sedan-chair, palanquin",2447,N/A,No,Tier 2: Intermediate (Rank 1001-2500),2 Cards (Recognition + Recall),"junda_auto_import, junda_tier_tier_2"
1786803211888,棚,péng,"tent, awning; booth; shed",2448,N/A,No,Tier 2: Intermediate (Rank 1001-2500),2 Cards (Recognition + Recall),"junda_auto_import, junda_tier_tier_2"
1786803211890,泣,qì,"cry, sob, weep",2449,6,No,Tier 2: Intermediate (Rank 1001-2500),2 Cards (Recognition + Recall),"junda_auto_import, junda_tier_tier_2"
1786803211893,屡,lǚ,"frequently, often, again and again",2450,6,No,Tier 2: Intermediate (Rank 1001-2500),2 Cards (Recognition + Recall),"junda_auto_import, junda_tier_tier_2"
1786803211896,躁,zào,"tense, excited, irritable",2451,6,No,Tier 2: Intermediate (Rank 1001-2500),2 Cards (Recognition + Recall),"junda_auto_import, junda_tier_tier_2"
1786803211898,邱,qiū,surname; hill; mound; grave,2452,N/A,Yes,Tier 2: Intermediate (Rank 1001-2500),2 Cards (Recognition + Recall),"junda_auto_import, junda_tier_tier_2"
1786803211901,凰,huáng,female phoenix,2453,N/A,No,Tier 2: Intermediate (Rank 1001-2500),2 Cards (Recognition + Recall),"junda_auto_import, junda_tier_tier_2"
1786803211903,椎,chuí,"hammer, mallet; vertebra",2455,6,No,Tier 2: Intermediate (Rank 1001-2500),2 Cards (Recognition + Recall),"junda_auto_import, junda_tier_tier_2"
1786803211904,栖,qī,perch; roost; stay,2460,N/A,No,Tier 2: Intermediate (Rank 1001-2500),2 Cards (Recognition + Recall),"junda_auto_import, junda_tier_tier_2"
1786803211907,窜,cuàn,"run away; revise, edit; expel",2461,6,No,Tier 2: Intermediate (Rank 1001-2500),2 Cards (Recognition + Recall),"junda_auto_import, junda_tier_tier_2"
1786803211909,堤,dī,dike,2464,6,No,Tier 2: Intermediate (Rank 1001-2500),2 Cards (Recognition + Recall),"junda_auto_import, junda_tier_tier_2"
1786803211913,塌,tā,"fall in ruins, collapse",2465,6,No,Tier 2: Intermediate (Rank 1001-2500),2 Cards (Recognition + Recall),"junda_auto_import, junda_tier_tier_2"
1786803211916,贩,fàn,"peddler, hawker, street merchant",2466,6,No,Tier 2: Intermediate (Rank 1001-2500),2 Cards (Recognition + Recall),"junda_auto_import, junda_tier_tier_2"
1786803211918,掀,xiān,"lift, raise; stir",2468,6,No,Tier 2: Intermediate (Rank 1001-2500),2 Cards (Recognition + Recall),"junda_auto_import, junda_tier_tier_2"
1786803211919,喀,kā,vomit; used in transliterations,2469,N/A,No,Tier 2: Intermediate (Rank 1001-2500),2 Cards (Recognition + Recall),"junda_auto_import, junda_tier_tier_2"
1786803211922,谜,mí,"riddle, conundrum; puzzle",2471,6,No,Tier 2: Intermediate (Rank 1001-2500),2 Cards (Recognition + Recall),"junda_auto_import, junda_tier_tier_2"
1786803211924,滨,bīn,"beach, sea coast; river bank",2474,6,No,Tier 2: Intermediate (Rank 1001-2500),2 Cards (Recognition + Recall),"junda_auto_import, junda_tier_tier_2"
1786803211927,虏,lǔ,"to capture, imprison, seize; a prison",2475,6,No,Tier 2: Intermediate (Rank 1001-2500),2 Cards (Recognition + Recall),"junda_auto_import, junda_tier_tier_2"
1786803211929,沼,zhǎo,"lake, fishpond, swamps",2480,6,No,Tier 2: Intermediate (Rank 1001-2500),2 Cards (Recognition + Recall),"junda_auto_import, junda_tier_tier_2"
1786803211930,株,zhū,numerary adjunct for trees; root,2482,6,No,Tier 2: Intermediate (Rank 1001-2500),2 Cards (Recognition + Recall),"junda_auto_import, junda_tier_tier_2"
1786803211933,祷,dǎo,"pray; entreat, beg, plead; prayer",2483,N/A,No,Tier 2: Intermediate (Rank 1001-2500),2 Cards (Recognition + Recall),"junda_auto_import, junda_tier_tier_2"
1786803211935,剖,pōu,"split in two, slice; dissect",2484,6,No,Tier 2: Intermediate (Rank 1001-2500),2 Cards (Recognition + Recall),"junda_auto_import, junda_tier_tier_2"
1786803211937,熙,xī,"bright, splendid, glorious",2485,N/A,No,Tier 2: Intermediate (Rank 1001-2500),2 Cards (Recognition + Recall),"junda_auto_import, junda_tier_tier_2"
1786803211938,哗,huā,rushing sound; gush forward,2486,6,No,Tier 2: Intermediate (Rank 1001-2500),2 Cards (Recognition + Recall),"junda_auto_import, junda_tier_tier_2"
1786803211940,怯,qiè,"lacking in courage, afraid",2488,6,No,Tier 2: Intermediate (Rank 1001-2500),2 Cards (Recognition + Recall),"junda_auto_import, junda_tier_tier_2"
1786803211943,棠,táng,crab apple tree; wild plums,2489,N/A,No,Tier 2: Intermediate (Rank 1001-2500),2 Cards (Recognition + Recall),"junda_auto_import, junda_tier_tier_2"
1786803211947,娶,qǔ,"marry, take wife",2494,5,No,Tier 2: Intermediate (Rank 1001-2500),2 Cards (Recognition + Recall),"junda_auto_import, junda_tier_tier_2"
1786803211950,沫,mò,"froth, foam, bubbles, suds",2495,6,No,Tier 2: Intermediate (Rank 1001-2500),2 Cards (Recognition + Recall),"junda_auto_import, junda_tier_tier_2"
1786803211952,嗓,sǎng,voice; throat,2496,5,No,Tier 2: Intermediate (Rank 1001-2500),2 Cards (Recognition + Recall),"junda_auto_import, junda_tier_tier_2"
1786803211955,焚,fén,burn,2498,N/A,No,Tier 2: Intermediate (Rank 1001-2500),2 Cards (Recognition + Recall),"junda_auto_import, junda_tier_tier_2"
1786803211958,嫩,nèn,"soft, tender, delicate; young",2500,5,No,Tier 2: Intermediate (Rank 1001-2500),2 Cards (Recognition + Recall),"junda_auto_import, junda_tier_tier_2"
1786803212674,韵,yùn,rhyme; vowel,2501,N/A,No,Tier 3: Lower-Freq (Rank 2501-3500),2 Cards or 1 Card,"junda_auto_import, junda_tier_tier_3"
1786803212679,匈,xiōng,,2503,N/A,No,Tier 3: Lower-Freq (Rank 2501-3500),2 Cards or 1 Card,"junda_auto_import, junda_tier_tier_3"
1786803212684,钧,jūn,unit of measure equivalent to thirty catties,2504,N/A,No,Tier 3: Lower-Freq (Rank 2501-3500),2 Cards or 1 Card,"junda_auto_import, junda_tier_tier_3"
1786803212688,竖,shù,"perpendicular, vertical; erect",2505,6,No,Tier 3: Lower-Freq (Rank 2501-3500),2 Cards or 1 Card,"junda_auto_import, junda_tier_tier_3"
1786803212691,峻,jùn,"high, steep, towering; stern",2506,6,No,Tier 3: Lower-Freq (Rank 2501-3500),2 Cards or 1 Card,"junda_auto_import, junda_tier_tier_3"
1786803212694,菊,jú,chrysanthemum,2509,N/A,No,Tier 3: Lower-Freq (Rank 2501-3500),2 Cards or 1 Card,"junda_auto_import, junda_tier_tier_3"
1786803212697,鄙,bǐ,mean; low,2510,6,No,Tier 3: Lower-Freq (Rank 2501-3500),2 Cards or 1 Card,"junda_auto_import, junda_tier_tier_3"
1786803212701,魄,pò,vigor; body; dark part of moon,2511,6,No,Tier 3: Lower-Freq (Rank 2501-3500),2 Cards or 1 Card,"junda_auto_import, junda_tier_tier_3"
1786803212704,兜,dōu,pouch,2512,6,No,Tier 3: Lower-Freq (Rank 2501-3500),2 Cards or 1 Card,"junda_auto_import, junda_tier_tier_3"
1786803212706,哄,hōng,"coax; beguile, cheat, deceive",2513,6,No,Tier 3: Lower-Freq (Rank 2501-3500),2 Cards or 1 Card,"junda_auto_import, junda_tier_tier_3"
1786803212708,屑,xiè,"bits, scraps, crumbs, fragments",2516,6,No,Tier 3: Lower-Freq (Rank 2501-3500),2 Cards or 1 Card,"junda_auto_import, junda_tier_tier_3"
1786803212711,怡,yí,"harmony; pleasure, joy; be glad",2519,N/A,No,Tier 3: Lower-Freq (Rank 2501-3500),2 Cards or 1 Card,"junda_auto_import, junda_tier_tier_3"
1786803212714,迦,jiā,character for transliteration,2522,N/A,No,Tier 3: Lower-Freq (Rank 2501-3500),2 Cards or 1 Card,"junda_auto_import, junda_tier_tier_3"
1786803212717,旱,hàn,drought; dry; dry land,2523,6,No,Tier 3: Lower-Freq (Rank 2501-3500),2 Cards or 1 Card,"junda_auto_import, junda_tier_tier_3"
1786803212720,谴,qiǎn,"reprimand, scold, abuse",2527,6,No,Tier 3: Lower-Freq (Rank 2501-3500),2 Cards or 1 Card,"junda_auto_import, junda_tier_tier_3"
1786803212724,伽,jiā,,2532,N/A,No,Tier 3: Lower-Freq (Rank 2501-3500),2 Cards or 1 Card,"junda_auto_import, junda_tier_tier_3"
1786803212726,詹,zhān,"surname; talk too much, verbose",2533,N/A,Yes,Tier 3: Lower-Freq (Rank 2501-3500),2 Cards or 1 Card,"junda_auto_import, junda_tier_tier_3"
1786803212729,毙,bì,kill; die violent death,2534,N/A,No,Tier 3: Lower-Freq (Rank 2501-3500),2 Cards or 1 Card,"junda_auto_import, junda_tier_tier_3"
1786803212732,贬,biǎn,"decrease, lower; censure, criticize",2536,6,No,Tier 3: Lower-Freq (Rank 2501-3500),2 Cards or 1 Card,"junda_auto_import, junda_tier_tier_3"
1786803212735,骇,hài,"terrify, frighten, scare; shock",2538,N/A,No,Tier 3: Lower-Freq (Rank 2501-3500),2 Cards or 1 Card,"junda_auto_import, junda_tier_tier_3"
1786803212737,芯,xīn,pith from rush (juncus effusus),2539,N/A,No,Tier 3: Lower-Freq (Rank 2501-3500),2 Cards or 1 Card,"junda_auto_import, junda_tier_tier_3"
1786803212741,桓,huán,variety of tree; surname,2541,N/A,Yes,Tier 3: Lower-Freq (Rank 2501-3500),2 Cards or 1 Card,"junda_auto_import, junda_tier_tier_3"
1786803212744,坊,fāng,,2542,N/A,No,Tier 3: Lower-Freq (Rank 2501-3500),2 Cards or 1 Card,"junda_auto_import, junda_tier_tier_3"
1786803212746,驴,lǘ,"donkey, ass",2543,N/A,No,Tier 3: Lower-Freq (Rank 2501-3500),2 Cards or 1 Card,"junda_auto_import, junda_tier_tier_3"
1786803212748,朽,xiǔ,"decayed, rotten; rot, decay",2544,6,No,Tier 3: Lower-Freq (Rank 2501-3500),2 Cards or 1 Card,"junda_auto_import, junda_tier_tier_3"
1786803212751,靖,jìng,"pacify; appease; calm, peaceful",2545,N/A,No,Tier 3: Lower-Freq (Rank 2501-3500),2 Cards or 1 Card,"junda_auto_import, junda_tier_tier_3"
1786803212754,汝,rǔ,you,2547,N/A,No,Tier 3: Lower-Freq (Rank 2501-3500),2 Cards or 1 Card,"junda_auto_import, junda_tier_tier_3"
1786803212757,碌,lù,"rough, uneven, rocky; mediocre",2548,6,No,Tier 3: Lower-Freq (Rank 2501-3500),2 Cards or 1 Card,"junda_auto_import, junda_tier_tier_3"
1786803212758,迄,qì,"extend, reach; until; till",2549,6,No,Tier 3: Lower-Freq (Rank 2501-3500),2 Cards or 1 Card,"junda_auto_import, junda_tier_tier_3"
1786803212761,冀,jì,hope for; wish; Hebei province,2550,N/A,No,Tier 3: Lower-Freq (Rank 2501-3500),2 Cards or 1 Card,"junda_auto_import, junda_tier_tier_3"
1786803212764,荆,jīng,thorns; brambles; my wife; cane,2551,N/A,No,Tier 3: Lower-Freq (Rank 2501-3500),2 Cards or 1 Card,"junda_auto_import, junda_tier_tier_3"
1786803212766,崔,cuī,"high, lofty, towering; surname",2552,N/A,Yes,Tier 3: Lower-Freq (Rank 2501-3500),2 Cards or 1 Card,"junda_auto_import, junda_tier_tier_3"
1786803212768,雁,yàn,wild goose,2553,N/A,No,Tier 3: Lower-Freq (Rank 2501-3500),2 Cards or 1 Card,"junda_auto_import, junda_tier_tier_3"
1786803212771,绅,shēn,"girdle; tie, bind; gentry",2554,6,No,Tier 3: Lower-Freq (Rank 2501-3500),2 Cards or 1 Card,"junda_auto_import, junda_tier_tier_3"
1786803212773,珊,shān,coral,2555,N/A,No,Tier 3: Lower-Freq (Rank 2501-3500),2 Cards or 1 Card,"junda_auto_import, junda_tier_tier_3"
1786803212776,诵,sòng,"recite, chant, repeat",2557,6,No,Tier 3: Lower-Freq (Rank 2501-3500),2 Cards or 1 Card,"junda_auto_import, junda_tier_tier_3"
1786803212779,醇,chún,"rich, good as wine; pure, unmixed",2560,N/A,No,Tier 3: Lower-Freq (Rank 2501-3500),2 Cards or 1 Card,"junda_auto_import, junda_tier_tier_3"
1786803212781,笛,dí,bamboo flute; whistle,2561,N/A,No,Tier 3: Lower-Freq (Rank 2501-3500),2 Cards or 1 Card,"junda_auto_import, junda_tier_tier_3"
1786803212792,娟,juān,"beautiful, graceful",2564,N/A,No,Tier 3: Lower-Freq (Rank 2501-3500),2 Cards or 1 Card,"junda_auto_import, junda_tier_tier_3"
1786803212794,瞄,miáo,take aim at; look at,2565,6,No,Tier 3: Lower-Freq (Rank 2501-3500),2 Cards or 1 Card,"junda_auto_import, junda_tier_tier_3"
1786803212797,幢,chuáng,carriage curtain; sun screen,2566,6,No,Tier 3: Lower-Freq (Rank 2501-3500),2 Cards or 1 Card,"junda_auto_import, junda_tier_tier_3"
1786803212799,寇,kòu,"bandits, thieves; enemy; invade",2567,N/A,No,Tier 3: Lower-Freq (Rank 2501-3500),2 Cards or 1 Card,"junda_auto_import, junda_tier_tier_3"
1786803212801,睹,dǔ,"look at, gaze at; observe",2568,6,No,Tier 3: Lower-Freq (Rank 2501-3500),2 Cards or 1 Card,"junda_auto_import, junda_tier_tier_3"
1786803212803,贿,huì,"bribe; bribes; riches, wealth",2569,6,No,Tier 3: Lower-Freq (Rank 2501-3500),2 Cards or 1 Card,"junda_auto_import, junda_tier_tier_3"
1786803212805,霆,tíng,a sudden peal of thunder,2571,N/A,No,Tier 3: Lower-Freq (Rank 2501-3500),2 Cards or 1 Card,"junda_auto_import, junda_tier_tier_3"
1786803212807,呜,wū,"sound of crying, sobbing",2572,N/A,No,Tier 3: Lower-Freq (Rank 2501-3500),2 Cards or 1 Card,"junda_auto_import, junda_tier_tier_3"
1786803212810,拱,gǒng,"fold hands on breast; bow, salute",2573,N/A,No,Tier 3: Lower-Freq (Rank 2501-3500),2 Cards or 1 Card,"junda_auto_import, junda_tier_tier_3"
1786803212813,妃,fēi,"wife, spouse; imperial concubine",2574,N/A,No,Tier 3: Lower-Freq (Rank 2501-3500),2 Cards or 1 Card,"junda_auto_import, junda_tier_tier_3"
1786803212815,蔑,miè,"disdain, disregard; slight",2575,6,No,Tier 3: Lower-Freq (Rank 2501-3500),2 Cards or 1 Card,"junda_auto_import, junda_tier_tier_3"
1786803212817,谕,yù,"proclaim, instruct; edict",2576,N/A,No,Tier 3: Lower-Freq (Rank 2501-3500),2 Cards or 1 Card,"junda_auto_import, junda_tier_tier_3"
1786803212819,诡,guǐ,"deceive, cheat, defraud; sly",2578,N/A,No,Tier 3: Lower-Freq (Rank 2501-3500),2 Cards or 1 Card,"junda_auto_import, junda_tier_tier_3"
1786803212821,篷,péng,"awning, covering; sail; boat",2579,6,No,Tier 3: Lower-Freq (Rank 2501-3500),2 Cards or 1 Card,"junda_auto_import, junda_tier_tier_3"
1786803212823,淹,yān,"drown; cover with liquid, steep",2580,6,No,Tier 3: Lower-Freq (Rank 2501-3500),2 Cards or 1 Card,"junda_auto_import, junda_tier_tier_3"
1786803212826,倩,qiàn,"beautiful, lovely; son-in-law",2583,N/A,No,Tier 3: Lower-Freq (Rank 2501-3500),2 Cards or 1 Card,"junda_auto_import, junda_tier_tier_3"
1786803212828,勘,kān,investigate; compare; collate,2585,6,No,Tier 3: Lower-Freq (Rank 2501-3500),2 Cards or 1 Card,"junda_auto_import, junda_tier_tier_3"
1786803212830,甸,diān,suburbs of capital; govern; crops,2588,N/A,No,Tier 3: Lower-Freq (Rank 2501-3500),2 Cards or 1 Card,"junda_auto_import, junda_tier_tier_3"
1786803212832,灿,càn,"vivid, illuminating; bright",2591,6,No,Tier 3: Lower-Freq (Rank 2501-3500),2 Cards or 1 Card,"junda_auto_import, junda_tier_tier_3"
1786803212835,囚,qiú,"prisoner, convict; confine",2594,N/A,No,Tier 3: Lower-Freq (Rank 2501-3500),2 Cards or 1 Card,"junda_auto_import, junda_tier_tier_3"
1786803212837,栗,lì,"chestnut tree, chestnuts; surname",2595,N/A,Yes,Tier 3: Lower-Freq (Rank 2501-3500),2 Cards or 1 Card,"junda_auto_import, junda_tier_tier_3"
1786803212839,垫,diàn,"advance money, pay for another",2597,6,No,Tier 3: Lower-Freq (Rank 2501-3500),2 Cards or 1 Card,"junda_auto_import, junda_tier_tier_3"
1786803212841,魁,kuí,chief; leader; best; monstrous,2599,N/A,No,Tier 3: Lower-Freq (Rank 2501-3500),2 Cards or 1 Card,"junda_auto_import, junda_tier_tier_3"
1786803212843,蜀,shǔ,name of an ancient state,2602,N/A,No,Tier 3: Lower-Freq (Rank 2501-3500),2 Cards or 1 Card,"junda_auto_import, junda_tier_tier_3"
1786803212846,甩,shuǎi,"throw away, discard",2603,5,No,Tier 3: Lower-Freq (Rank 2501-3500),2 Cards or 1 Card,"junda_auto_import, junda_tier_tier_3"
1786803212849,涯,yá,,2604,N/A,No,Tier 3: Lower-Freq (Rank 2501-3500),2 Cards or 1 Card,"junda_auto_import, junda_tier_tier_3"
1786803212851,丐,gài,beggar; beg; give,2606,6,No,Tier 3: Lower-Freq (Rank 2501-3500),2 Cards or 1 Card,"junda_auto_import, junda_tier_tier_3"
1786803212853,奎,kuí,stride of man; one of the twenty-eight lunar mansions,2608,N/A,No,Tier 3: Lower-Freq (Rank 2501-3500),2 Cards or 1 Card,"junda_auto_import, junda_tier_tier_3"
1786803212855,泌,mì,"to seep out, excrete",2609,6,No,Tier 3: Lower-Freq (Rank 2501-3500),2 Cards or 1 Card,"junda_auto_import, junda_tier_tier_3"
1786803212857,逾,yú,"go over, pass over, exceed",2610,N/A,No,Tier 3: Lower-Freq (Rank 2501-3500),2 Cards or 1 Card,"junda_auto_import, junda_tier_tier_3"
1786803212860,黛,dài,blacken eyebrows; black,2612,N/A,No,Tier 3: Lower-Freq (Rank 2501-3500),2 Cards or 1 Card,"junda_auto_import, junda_tier_tier_3"
1786803212862,燥,zào,"dry, parched, arid; quick-tempered",2613,5,No,Tier 3: Lower-Freq (Rank 2501-3500),2 Cards or 1 Card,"junda_auto_import, junda_tier_tier_3"
1786803212864,掷,zhì,"throw, hurl, cast, fling",2614,6,No,Tier 3: Lower-Freq (Rank 2501-3500),2 Cards or 1 Card,"junda_auto_import, junda_tier_tier_3"
1786803212866,枢,shū,door hinge; pivot; center of power,2616,N/A,No,Tier 3: Lower-Freq (Rank 2501-3500),2 Cards or 1 Card,"junda_auto_import, junda_tier_tier_3"
1786803212868,憎,zēng,"hate, detest, abhor; hatred",2617,N/A,No,Tier 3: Lower-Freq (Rank 2501-3500),2 Cards or 1 Card,"junda_auto_import, junda_tier_tier_3"
1786803212870,弘,hóng,"enlarge, expand; liberal, great",2619,N/A,No,Tier 3: Lower-Freq (Rank 2501-3500),2 Cards or 1 Card,"junda_auto_import, junda_tier_tier_3"
1786803212872,侮,wǔ,"insult, ridicule, disgrace",2621,6,No,Tier 3: Lower-Freq (Rank 2501-3500),2 Cards or 1 Card,"junda_auto_import, junda_tier_tier_3"
1786803212874,藩,fān,fence; boundary; outlying border,2622,N/A,No,Tier 3: Lower-Freq (Rank 2501-3500),2 Cards or 1 Card,"junda_auto_import, junda_tier_tier_3"
1786803212876,拂,fú,"shake off, brush away; dust",2623,N/A,No,Tier 3: Lower-Freq (Rank 2501-3500),2 Cards or 1 Card,"junda_auto_import, junda_tier_tier_3"
1786803212878,鹤,hè,crane; Grus species (various),2624,N/A,No,Tier 3: Lower-Freq (Rank 2501-3500),2 Cards or 1 Card,"junda_auto_import, junda_tier_tier_3"
1786803212880,蚀,shí,nibble away; erode; eclipse,2625,6,No,Tier 3: Lower-Freq (Rank 2501-3500),2 Cards or 1 Card,"junda_auto_import, junda_tier_tier_3"
1786803212882,浆,jiāng,any thick fluid; starch; broth,2626,N/A,No,Tier 3: Lower-Freq (Rank 2501-3500),2 Cards or 1 Card,"junda_auto_import, junda_tier_tier_3"
1786803212885,芙,fú,hibiscus,2627,N/A,No,Tier 3: Lower-Freq (Rank 2501-3500),2 Cards or 1 Card,"junda_auto_import, junda_tier_tier_3"
1786803212887,霜,shuāng,frost; crystallized; candied,2631,6,No,Tier 3: Lower-Freq (Rank 2501-3500),2 Cards or 1 Card,"junda_auto_import, junda_tier_tier_3"
1786803212889,剿,jiǎo,"destroy, exterminate, annihilate",2632,N/A,No,Tier 3: Lower-Freq (Rank 2501-3500),2 Cards or 1 Card,"junda_auto_import, junda_tier_tier_3"
1786803212892,蕴,yùn,"to collect, gather, store; profound",2633,6,No,Tier 3: Lower-Freq (Rank 2501-3500),2 Cards or 1 Card,"junda_auto_import, junda_tier_tier_3"
1786803212894,屿,yǔ,island,2636,5,No,Tier 3: Lower-Freq (Rank 2501-3500),2 Cards or 1 Card,"junda_auto_import, junda_tier_tier_3"
1786803212896,氢,qīng,ammonia; hydrogen nitride,2637,N/A,No,Tier 3: Lower-Freq (Rank 2501-3500),2 Cards or 1 Card,"junda_auto_import, junda_tier_tier_3"
1786803212899,驼,tuó,a camel; humpbacked; to carry on the back,2638,N/A,No,Tier 3: Lower-Freq (Rank 2501-3500),2 Cards or 1 Card,"junda_auto_import, junda_tier_tier_3"
1786803212901,捆,kǔn,"tie up; bind, truss up; bundle",2640,6,No,Tier 3: Lower-Freq (Rank 2501-3500),2 Cards or 1 Card,"junda_auto_import, junda_tier_tier_3"
1786803212903,淑,shū,"good, pure, virtuous, charming",2643,N/A,No,Tier 3: Lower-Freq (Rank 2501-3500),2 Cards or 1 Card,"junda_auto_import, junda_tier_tier_3"
1786803212905,榴,liú,pomegranate,2644,N/A,No,Tier 3: Lower-Freq (Rank 2501-3500),2 Cards or 1 Card,"junda_auto_import, junda_tier_tier_3"
1786803212908,痒,yǎng,itch,2646,5,No,Tier 3: Lower-Freq (Rank 2501-3500),2 Cards or 1 Card,"junda_auto_import, junda_tier_tier_3"
1786803212910,钞,chāo,"paper money, bank notes; copy",2647,6,No,Tier 3: Lower-Freq (Rank 2501-3500),2 Cards or 1 Card,"junda_auto_import, junda_tier_tier_3"
1786803212912,蹄,tí,hoof; leg of pork; little witch,2648,N/A,No,Tier 3: Lower-Freq (Rank 2501-3500),2 Cards or 1 Card,"junda_auto_import, junda_tier_tier_3"
1786803212914,躬,gōng,"body; personally, in person",2650,6,No,Tier 3: Lower-Freq (Rank 2501-3500),2 Cards or 1 Card,"junda_auto_import, junda_tier_tier_3"
1786803212916,昼,zhòu,"daytime, daylight",2651,6,No,Tier 3: Lower-Freq (Rank 2501-3500),2 Cards or 1 Card,"junda_auto_import, junda_tier_tier_3"
1786803212918,藻,zǎo,"splendid, magnificent; algae",2652,N/A,No,Tier 3: Lower-Freq (Rank 2501-3500),2 Cards or 1 Card,"junda_auto_import, junda_tier_tier_3"
1786803212920,褐,hè,"coarse woolen cloth; dull, dark",2654,N/A,No,Tier 3: Lower-Freq (Rank 2501-3500),2 Cards or 1 Card,"junda_auto_import, junda_tier_tier_3"
1786803212922,颊,jiá,"cheeks, jaw",2655,N/A,No,Tier 3: Lower-Freq (Rank 2501-3500),2 Cards or 1 Card,"junda_auto_import, junda_tier_tier_3"
1786803212924,耽,dān,indulge in; be negligent,2658,5,No,Tier 3: Lower-Freq (Rank 2501-3500),2 Cards or 1 Card,"junda_auto_import, junda_tier_tier_3"
1786803212926,陋,lòu,"narrow; crude, coarse; ugly",2660,6,No,Tier 3: Lower-Freq (Rank 2501-3500),2 Cards or 1 Card,"junda_auto_import, junda_tier_tier_3"
1786803212928,侣,lǚ,companion; associate with,2661,6,No,Tier 3: Lower-Freq (Rank 2501-3500),2 Cards or 1 Card,"junda_auto_import, junda_tier_tier_3"
1786803212931,岚,lán,"mountain mist, mountain haze",2663,N/A,No,Tier 3: Lower-Freq (Rank 2501-3500),2 Cards or 1 Card,"junda_auto_import, junda_tier_tier_3"
1786803212933,侄,zhí,nephew,2664,6,No,Tier 3: Lower-Freq (Rank 2501-3500),2 Cards or 1 Card,"junda_auto_import, junda_tier_tier_3"
1786803212936,堕,duò,"fall, sink, let fall; degenerate",2666,6,No,Tier 3: Lower-Freq (Rank 2501-3500),2 Cards or 1 Card,"junda_auto_import, junda_tier_tier_3"
1786803212938,陛,bì,steps leading throne; throne,2667,N/A,No,Tier 3: Lower-Freq (Rank 2501-3500),2 Cards or 1 Card,"junda_auto_import, junda_tier_tier_3"
1786803212940,莹,yíng,"luster of gems; bright, lustrous",2668,N/A,No,Tier 3: Lower-Freq (Rank 2501-3500),2 Cards or 1 Card,"junda_auto_import, junda_tier_tier_3"
1786803212942,荫,yīn,"shade, shelter; protect",2669,N/A,No,Tier 3: Lower-Freq (Rank 2501-3500),2 Cards or 1 Card,"junda_auto_import, junda_tier_tier_3"
1786803212944,阀,fá,powerful and influential group,2671,N/A,No,Tier 3: Lower-Freq (Rank 2501-3500),2 Cards or 1 Card,"junda_auto_import, junda_tier_tier_3"
1786803212946,茎,jīng,"stem, stalk",2675,6,No,Tier 3: Lower-Freq (Rank 2501-3500),2 Cards or 1 Card,"junda_auto_import, junda_tier_tier_3"
1786803212948,缅,miǎn,"distant, remote; think of",2676,N/A,No,Tier 3: Lower-Freq (Rank 2501-3500),2 Cards or 1 Card,"junda_auto_import, junda_tier_tier_3"
1786803212950,喇,lǎ,"horn, bugle; lama; final particle",2677,6,No,Tier 3: Lower-Freq (Rank 2501-3500),2 Cards or 1 Card,"junda_auto_import, junda_tier_tier_3"
1786803212953,搅,jiǎo,"disturb, agitate, stir up",2679,6,No,Tier 3: Lower-Freq (Rank 2501-3500),2 Cards or 1 Card,"junda_auto_import, junda_tier_tier_3"
1786803212954,梭,suō,,2681,N/A,No,Tier 3: Lower-Freq (Rank 2501-3500),2 Cards or 1 Card,"junda_auto_import, junda_tier_tier_3"
1786803212956,丫,yā,forked; bifurcation,2682,N/A,No,Tier 3: Lower-Freq (Rank 2501-3500),2 Cards or 1 Card,"junda_auto_import, junda_tier_tier_3"
1786803212959,姬,jī,beauty; imperial concubine,2683,N/A,No,Tier 3: Lower-Freq (Rank 2501-3500),2 Cards or 1 Card,"junda_auto_import, junda_tier_tier_3"
1786803212961,诏,zhào,"decree, proclaim; imperial decree",2684,N/A,No,Tier 3: Lower-Freq (Rank 2501-3500),2 Cards or 1 Card,"junda_auto_import, junda_tier_tier_3"
1786803212963,钮,niǔ,"button, knob; surname",2685,N/A,Yes,Tier 3: Lower-Freq (Rank 2501-3500),2 Cards or 1 Card,"junda_auto_import, junda_tier_tier_3"
1786803212965,棺,guān,coffin,2686,N/A,No,Tier 3: Lower-Freq (Rank 2501-3500),2 Cards or 1 Card,"junda_auto_import, junda_tier_tier_3"
1786803212968,耿,gěng,"bright, shining; have guts",2687,N/A,No,Tier 3: Lower-Freq (Rank 2501-3500),2 Cards or 1 Card,"junda_auto_import, junda_tier_tier_3"
1786803212970,缔,dì,"tie, join, connect; connection",2688,6,No,Tier 3: Lower-Freq (Rank 2501-3500),2 Cards or 1 Card,"junda_auto_import, junda_tier_tier_3"
1786803212974,灶,zào,"kitchen stove, cooking stove",2691,6,No,Tier 3: Lower-Freq (Rank 2501-3500),2 Cards or 1 Card,"junda_auto_import, junda_tier_tier_3"
1786803212977,匀,yún,equal,2692,5,No,Tier 3: Lower-Freq (Rank 2501-3500),2 Cards or 1 Card,"junda_auto_import, junda_tier_tier_3"
1786803212979,嗣,sì,"to connect, inherit; descendants, heirs",2693,N/A,No,Tier 3: Lower-Freq (Rank 2501-3500),2 Cards or 1 Card,"junda_auto_import, junda_tier_tier_3"
1786803212981,鸽,gē,"pigeon, dove; Columba species (various)",2694,6,No,Tier 3: Lower-Freq (Rank 2501-3500),2 Cards or 1 Card,"junda_auto_import, junda_tier_tier_3"
1786803212983,凿,záo,"chisel; bore, pierce",2696,N/A,No,Tier 3: Lower-Freq (Rank 2501-3500),2 Cards or 1 Card,"junda_auto_import, junda_tier_tier_3"
1786803212985,纬,wěi,woof; parallels of latitude,2697,6,No,Tier 3: Lower-Freq (Rank 2501-3500),2 Cards or 1 Card,"junda_auto_import, junda_tier_tier_3"
1786803212987,沸,fèi,"boil, bubble up, gush",2698,6,No,Tier 3: Lower-Freq (Rank 2501-3500),2 Cards or 1 Card,"junda_auto_import, junda_tier_tier_3"
1786803212989,畴,chóu,"farmland, arable land; category",2699,6,No,Tier 3: Lower-Freq (Rank 2501-3500),2 Cards or 1 Card,"junda_auto_import, junda_tier_tier_3"
1786803212991,刃,rèn,"edged tool, cutlery, knife edge",2700,N/A,No,Tier 3: Lower-Freq (Rank 2501-3500),2 Cards or 1 Card,"junda_auto_import, junda_tier_tier_3"
1786803212993,遏,è,"stop, suppress, curb, check; a bar",2701,6,No,Tier 3: Lower-Freq (Rank 2501-3500),2 Cards or 1 Card,"junda_auto_import, junda_tier_tier_3"
1786803212995,叭,bā,trumpet,2704,6,No,Tier 3: Lower-Freq (Rank 2501-3500),2 Cards or 1 Card,"junda_auto_import, junda_tier_tier_3"
1786803212997,瞥,piē,take fleeting glance at,2706,N/A,No,Tier 3: Lower-Freq (Rank 2501-3500),2 Cards or 1 Card,"junda_auto_import, junda_tier_tier_3"
1786803212999,骸,hái,"skeleton, body; leg bone",2707,N/A,No,Tier 3: Lower-Freq (Rank 2501-3500),2 Cards or 1 Card,"junda_auto_import, junda_tier_tier_3"
1786803213001,奢,shē,"extravagant, wasteful; exaggerate",2708,6,No,Tier 3: Lower-Freq (Rank 2501-3500),2 Cards or 1 Card,"junda_auto_import, junda_tier_tier_3"
1786803213003,拙,zhuō,"stupid, clumsy, crude; convention",2709,6,No,Tier 3: Lower-Freq (Rank 2501-3500),2 Cards or 1 Card,"junda_auto_import, junda_tier_tier_3"
1786803213006,桐,tóng,name applied various trees,2712,N/A,No,Tier 3: Lower-Freq (Rank 2501-3500),2 Cards or 1 Card,"junda_auto_import, junda_tier_tier_3"
1786803213008,砂,shā,"sand; pebbles, gravel; gritty",2713,N/A,No,Tier 3: Lower-Freq (Rank 2501-3500),2 Cards or 1 Card,"junda_auto_import, junda_tier_tier_3"
1786803213010,莽,mǎng,"thicket, underbrush; poisonous",2714,N/A,No,Tier 3: Lower-Freq (Rank 2501-3500),2 Cards or 1 Card,"junda_auto_import, junda_tier_tier_3"
1786803213012,泻,xiè,"drain off, leak; flow, pour down",2715,6,No,Tier 3: Lower-Freq (Rank 2501-3500),2 Cards or 1 Card,"junda_auto_import, junda_tier_tier_3"
1786803213014,坪,píng,level ground; Japanese measure,2716,N/A,No,Tier 3: Lower-Freq (Rank 2501-3500),2 Cards or 1 Card,"junda_auto_import, junda_tier_tier_3"
1786803213016,梳,shū,comb; brush,2717,5,No,Tier 3: Lower-Freq (Rank 2501-3500),2 Cards or 1 Card,"junda_auto_import, junda_tier_tier_3"
1786803213018,杉,shān,various species of pine and fir,2718,N/A,No,Tier 3: Lower-Freq (Rank 2501-3500),2 Cards or 1 Card,"junda_auto_import, junda_tier_tier_3"
1786803213020,晤,wù,have interview with; meet,2719,6,No,Tier 3: Lower-Freq (Rank 2501-3500),2 Cards or 1 Card,"junda_auto_import, junda_tier_tier_3"
1786803213022,捣,dǎo,"hull; thresh; beat, attack",2723,6,No,Tier 3: Lower-Freq (Rank 2501-3500),2 Cards or 1 Card,"junda_auto_import, junda_tier_tier_3"
1786803213024,顷,qǐng,a moment; a measure of area equal to 100 mu or 6.7 hectares; to lean,2724,N/A,No,Tier 3: Lower-Freq (Rank 2501-3500),2 Cards or 1 Card,"junda_auto_import, junda_tier_tier_3"
1786803213027,麽,mó,"interrogative final particle; insignificant, small, tiny",2725,N/A,No,Tier 3: Lower-Freq (Rank 2501-3500),2 Cards or 1 Card,"junda_auto_import, junda_tier_tier_3"
1786803213028,镖,biāo,"dart, spear, harpoon; escort",2727,N/A,No,Tier 3: Lower-Freq (Rank 2501-3500),2 Cards or 1 Card,"junda_auto_import, junda_tier_tier_3"
1786803213031,硫,liú,sulfur,2730,N/A,No,Tier 3: Lower-Freq (Rank 2501-3500),2 Cards or 1 Card,"junda_auto_import, junda_tier_tier_3"
1786803213033,嚼,jué,"prattle, be glib",2731,6,No,Tier 3: Lower-Freq (Rank 2501-3500),2 Cards or 1 Card,"junda_auto_import, junda_tier_tier_3"
1786803213035,沦,lún,"be lost; sink, be submerged",2733,N/A,No,Tier 3: Lower-Freq (Rank 2501-3500),2 Cards or 1 Card,"junda_auto_import, junda_tier_tier_3"
1786803213037,沪,hù,Shanghai; river near Shanghai,2734,N/A,No,Tier 3: Lower-Freq (Rank 2501-3500),2 Cards or 1 Card,"junda_auto_import, junda_tier_tier_3"
1786803213039,彬,bīn,"cultivated, well-bred",2736,N/A,No,Tier 3: Lower-Freq (Rank 2501-3500),2 Cards or 1 Card,"junda_auto_import, junda_tier_tier_3"
1786803213041,芽,yá,"bud, sprout, shoot",2737,6,No,Tier 3: Lower-Freq (Rank 2501-3500),2 Cards or 1 Card,"junda_auto_import, junda_tier_tier_3"
1786803213043,冥,míng,"dark, gloomy, night; deep",2739,N/A,No,Tier 3: Lower-Freq (Rank 2501-3500),2 Cards or 1 Card,"junda_auto_import, junda_tier_tier_3"
1786803213045,碳,tàn,carbon,2740,6,No,Tier 3: Lower-Freq (Rank 2501-3500),2 Cards or 1 Card,"junda_auto_import, junda_tier_tier_3"
1786803213047,咧,liě,"stretch mouth, grimace, grin",2741,N/A,No,Tier 3: Lower-Freq (Rank 2501-3500),2 Cards or 1 Card,"junda_auto_import, junda_tier_tier_3"
1786803213049,惕,tì,"be cautious, careful, alert",2742,6,No,Tier 3: Lower-Freq (Rank 2501-3500),2 Cards or 1 Card,"junda_auto_import, junda_tier_tier_3"
1786803213051,萝,luó,type of creeping plant; turnip,2745,N/A,No,Tier 3: Lower-Freq (Rank 2501-3500),2 Cards or 1 Card,"junda_auto_import, junda_tier_tier_3"
1786803213053,汹,xiōng,"turbulent; noisy, restless",2746,6,No,Tier 3: Lower-Freq (Rank 2501-3500),2 Cards or 1 Card,"junda_auto_import, junda_tier_tier_3"
1786803213055,腥,xīng,"raw meat; rank, strong-smelling",2747,6,No,Tier 3: Lower-Freq (Rank 2501-3500),2 Cards or 1 Card,"junda_auto_import, junda_tier_tier_3"
1786803213057,窥,kuī,"peep, watch, spy on, pry",2748,N/A,No,Tier 3: Lower-Freq (Rank 2501-3500),2 Cards or 1 Card,"junda_auto_import, junda_tier_tier_3"
1786803213059,俺,ǎn,"personal pronoun, I",2749,N/A,No,Tier 3: Lower-Freq (Rank 2501-3500),2 Cards or 1 Card,"junda_auto_import, junda_tier_tier_3"
1786803213061,潭,tán,"deep pool, lake; deep, profound",2750,N/A,No,Tier 3: Lower-Freq (Rank 2501-3500),2 Cards or 1 Card,"junda_auto_import, junda_tier_tier_3"
1786803213063,崎,qí,"rough, uneven, jagged, rugged",2751,N/A,No,Tier 3: Lower-Freq (Rank 2501-3500),2 Cards or 1 Card,"junda_auto_import, junda_tier_tier_3"
1786803213065,麟,lín,female of Chinese unicorn,2752,N/A,No,Tier 3: Lower-Freq (Rank 2501-3500),2 Cards or 1 Card,"junda_auto_import, junda_tier_tier_3"
1786803213067,厥,jué,"personal pronoun he, she, it",2755,N/A,No,Tier 3: Lower-Freq (Rank 2501-3500),2 Cards or 1 Card,"junda_auto_import, junda_tier_tier_3"
1786803213069,澄,chéng,"purify water by allowing sediment to settle; clear, pure",2756,6,No,Tier 3: Lower-Freq (Rank 2501-3500),2 Cards or 1 Card,"junda_auto_import, junda_tier_tier_3"
1786803213071,萎,wēi,"wither, wilt",2757,6,No,Tier 3: Lower-Freq (Rank 2501-3500),2 Cards or 1 Card,"junda_auto_import, junda_tier_tier_3"
1786803213074,哉,zāi,final exclamatory particle,2758,N/A,No,Tier 3: Lower-Freq (Rank 2501-3500),2 Cards or 1 Card,"junda_auto_import, junda_tier_tier_3"
1786803213076,暇,xiá,"leisure, relaxation, spare time",2761,N/A,No,Tier 3: Lower-Freq (Rank 2501-3500),2 Cards or 1 Card,"junda_auto_import, junda_tier_tier_3"
1786803213078,溯,sù,"go upstream, go against current; formerly",2762,N/A,No,Tier 3: Lower-Freq (Rank 2501-3500),2 Cards or 1 Card,"junda_auto_import, junda_tier_tier_3"
1786803213080,鳞,lín,fish scales,2763,N/A,No,Tier 3: Lower-Freq (Rank 2501-3500),2 Cards or 1 Card,"junda_auto_import, junda_tier_tier_3"
1786803213082,茵,yīn,"a cushion, mattress; wormwood; Skimmia japon",2765,N/A,No,Tier 3: Lower-Freq (Rank 2501-3500),2 Cards or 1 Card,"junda_auto_import, junda_tier_tier_3"
1786803213084,愕,è,"startled, alarmed, astonished",2766,N/A,No,Tier 3: Lower-Freq (Rank 2501-3500),2 Cards or 1 Card,"junda_auto_import, junda_tier_tier_3"
1786803213087,暮,mù,"evening, dusk, sunset; ending",2768,N/A,No,Tier 3: Lower-Freq (Rank 2501-3500),2 Cards or 1 Card,"junda_auto_import, junda_tier_tier_3"
1786803213089,衙,yá,public office; official residence,2769,N/A,No,Tier 3: Lower-Freq (Rank 2501-3500),2 Cards or 1 Card,"junda_auto_import, junda_tier_tier_3"
1786803213091,诫,jiè,"warn, admonish; warning",2770,6,No,Tier 3: Lower-Freq (Rank 2501-3500),2 Cards or 1 Card,"junda_auto_import, junda_tier_tier_3"
1786803213093,兮,xī,exclamatory particle,2772,N/A,No,Tier 3: Lower-Freq (Rank 2501-3500),2 Cards or 1 Card,"junda_auto_import, junda_tier_tier_3"
1786803213095,焕,huàn,shining,2773,N/A,No,Tier 3: Lower-Freq (Rank 2501-3500),2 Cards or 1 Card,"junda_auto_import, junda_tier_tier_3"
1786803213098,棕,zōng,hemp palm; palm tree,2774,6,No,Tier 3: Lower-Freq (Rank 2501-3500),2 Cards or 1 Card,"junda_auto_import, junda_tier_tier_3"
1786803213100,佑,yòu,"help, protect, bless",2775,N/A,No,Tier 3: Lower-Freq (Rank 2501-3500),2 Cards or 1 Card,"junda_auto_import, junda_tier_tier_3"
1786803213102,嘶,sī,"neighing of a horse; gravel voiced, husky throated; (Cant.) to hiccough",2776,N/A,No,Tier 3: Lower-Freq (Rank 2501-3500),2 Cards or 1 Card,"junda_auto_import, junda_tier_tier_3"
1786803213103,妓,jì,prostitute,2777,N/A,No,Tier 3: Lower-Freq (Rank 2501-3500),2 Cards or 1 Card,"junda_auto_import, junda_tier_tier_3"
1786803213105,喧,xuān,"lively, noisy; clamor, talk loudly",2778,6,No,Tier 3: Lower-Freq (Rank 2501-3500),2 Cards or 1 Card,"junda_auto_import, junda_tier_tier_3"
1786803213108,删,shān,to cut; delete,2780,5,No,Tier 3: Lower-Freq (Rank 2501-3500),2 Cards or 1 Card,"junda_auto_import, junda_tier_tier_3"
1786803213109,樱,yīng,"cherry, cherry blossom",2781,N/A,No,Tier 3: Lower-Freq (Rank 2501-3500),2 Cards or 1 Card,"junda_auto_import, junda_tier_tier_3"
1786803213111,伺,cì,"serve, wait upon, attend; examine",2782,6,No,Tier 3: Lower-Freq (Rank 2501-3500),2 Cards or 1 Card,"junda_auto_import, junda_tier_tier_3"
1786803213113,娥,é,be beautiful; good; surname,2784,N/A,Yes,Tier 3: Lower-Freq (Rank 2501-3500),2 Cards or 1 Card,"junda_auto_import, junda_tier_tier_3"
1786803213115,坝,bà,embankment; dam,2786,6,No,Tier 3: Lower-Freq (Rank 2501-3500),2 Cards or 1 Card,"junda_auto_import, junda_tier_tier_3"
1786803213117,蚕,cán,silkworms,2787,N/A,No,Tier 3: Lower-Freq (Rank 2501-3500),2 Cards or 1 Card,"junda_auto_import, junda_tier_tier_3"
1786803213120,敷,fū,"spread, diffuse; apply, paint",2788,6,No,Tier 3: Lower-Freq (Rank 2501-3500),2 Cards or 1 Card,"junda_auto_import, junda_tier_tier_3"
1786803213121,澜,lán,"overflowing; waves, ripples",2789,N/A,No,Tier 3: Lower-Freq (Rank 2501-3500),2 Cards or 1 Card,"junda_auto_import, junda_tier_tier_3"
1786803213123,杏,xìng,apricot; almond,2790,N/A,No,Tier 3: Lower-Freq (Rank 2501-3500),2 Cards or 1 Card,"junda_auto_import, junda_tier_tier_3"
1786803213126,绥,suí,"soothe, appease, pacify",2791,N/A,No,Tier 3: Lower-Freq (Rank 2501-3500),2 Cards or 1 Card,"junda_auto_import, junda_tier_tier_3"
1786803213128,冶,yě,"smelt, fuse metals; cast, found",2792,N/A,No,Tier 3: Lower-Freq (Rank 2501-3500),2 Cards or 1 Card,"junda_auto_import, junda_tier_tier_3"
1786803213130,庇,bì,"cover, shield, shelter, protect",2793,6,No,Tier 3: Lower-Freq (Rank 2501-3500),2 Cards or 1 Card,"junda_auto_import, junda_tier_tier_3"
1786803213132,挠,náo,"scratch; disturb, bother; submit",2794,6,No,Tier 3: Lower-Freq (Rank 2501-3500),2 Cards or 1 Card,"junda_auto_import, junda_tier_tier_3"
1786803213134,搂,lǒu,"hug, embrace; drag, pull",2795,6,No,Tier 3: Lower-Freq (Rank 2501-3500),2 Cards or 1 Card,"junda_auto_import, junda_tier_tier_3"
1786803213136,倏,shū,"hastily, suddenly, abruptly",2796,N/A,No,Tier 3: Lower-Freq (Rank 2501-3500),2 Cards or 1 Card,"junda_auto_import, junda_tier_tier_3"
1786803213138,聂,niè,whisper; surname,2797,N/A,Yes,Tier 3: Lower-Freq (Rank 2501-3500),2 Cards or 1 Card,"junda_auto_import, junda_tier_tier_3"
1786803213163,婉,wǎn,"amiable, congenial; restrained",2798,N/A,No,Tier 3: Lower-Freq (Rank 2501-3500),2 Cards or 1 Card,"junda_auto_import, junda_tier_tier_3"
1786803213166,稼,jià,sow grain; sheaves of grain,2800,6,No,Tier 3: Lower-Freq (Rank 2501-3500),2 Cards or 1 Card,"junda_auto_import, junda_tier_tier_3"
1786803213170,鳍,qí,fin,2801,N/A,No,Tier 3: Lower-Freq (Rank 2501-3500),2 Cards or 1 Card,"junda_auto_import, junda_tier_tier_3"
1786803213173,菱,líng,"water-chestnut, water caltrop",2802,N/A,No,Tier 3: Lower-Freq (Rank 2501-3500),2 Cards or 1 Card,"junda_auto_import, junda_tier_tier_3"
1786803213176,盏,zhǎn,small cup or container,2803,N/A,No,Tier 3: Lower-Freq (Rank 2501-3500),2 Cards or 1 Card,"junda_auto_import, junda_tier_tier_3"
1786803213179,吱,zhī,"chirping, squeaking, hissing",2805,N/A,No,Tier 3: Lower-Freq (Rank 2501-3500),2 Cards or 1 Card,"junda_auto_import, junda_tier_tier_3"
1786803213181,寝,qǐn,"sleep, rest; bed chamber",2806,6,No,Tier 3: Lower-Freq (Rank 2501-3500),2 Cards or 1 Card,"junda_auto_import, junda_tier_tier_3"
1786803213187,揽,lǎn,"grasp, take hold of; monopolize",2807,N/A,No,Tier 3: Lower-Freq (Rank 2501-3500),2 Cards or 1 Card,"junda_auto_import, junda_tier_tier_3"
1786803213191,髓,suǐ,"bone marrow; essences, substances",2808,N/A,No,Tier 3: Lower-Freq (Rank 2501-3500),2 Cards or 1 Card,"junda_auto_import, junda_tier_tier_3"
1786803213193,秉,bǐng,"grasp, hold; bundle; authority",2809,N/A,No,Tier 3: Lower-Freq (Rank 2501-3500),2 Cards or 1 Card,"junda_auto_import, junda_tier_tier_3"
1786803213195,矢,shǐ,"arrow, dart; vow, swear",2811,N/A,No,Tier 3: Lower-Freq (Rank 2501-3500),2 Cards or 1 Card,"junda_auto_import, junda_tier_tier_3"
1786803213198,啪,pā,syllable,2812,N/A,No,Tier 3: Lower-Freq (Rank 2501-3500),2 Cards or 1 Card,"junda_auto_import, junda_tier_tier_3"
1786803213200,邵,shào,surname; various place names,2814,N/A,Yes,Tier 3: Lower-Freq (Rank 2501-3500),2 Cards or 1 Card,"junda_auto_import, junda_tier_tier_3"
1786803213203,缸,gāng,"earthen jug, crock, cistern",2817,N/A,No,Tier 3: Lower-Freq (Rank 2501-3500),2 Cards or 1 Card,"junda_auto_import, junda_tier_tier_3"
1786803213205,揉,róu,"rub, massage; crush by hand",2818,6,No,Tier 3: Lower-Freq (Rank 2501-3500),2 Cards or 1 Card,"junda_auto_import, junda_tier_tier_3"
1786803213207,腻,nì,"greasy, oily, dirty; smooth",2819,6,No,Tier 3: Lower-Freq (Rank 2501-3500),2 Cards or 1 Card,"junda_auto_import, junda_tier_tier_3"
1786803213210,驯,xún,"tame, docile, obedient",2820,N/A,No,Tier 3: Lower-Freq (Rank 2501-3500),2 Cards or 1 Card,"junda_auto_import, junda_tier_tier_3"
1786803213212,缆,lǎn,"hawser, heavy-duty rope, cable",2821,N/A,No,Tier 3: Lower-Freq (Rank 2501-3500),2 Cards or 1 Card,"junda_auto_import, junda_tier_tier_3"
1786803213214,晌,shǎng,"noon, midday; moment; unit land measurement equal to seven mou (",2822,N/A,No,Tier 3: Lower-Freq (Rank 2501-3500),2 Cards or 1 Card,"junda_auto_import, junda_tier_tier_3"
1786803213217,瘫,tān,"paralysis, palsy, numbness",2823,6,No,Tier 3: Lower-Freq (Rank 2501-3500),2 Cards or 1 Card,"junda_auto_import, junda_tier_tier_3"
1786803213220,贮,zhù,"store, stockpile, hoard",2824,N/A,No,Tier 3: Lower-Freq (Rank 2501-3500),2 Cards or 1 Card,"junda_auto_import, junda_tier_tier_3"
1786803213223,朦,méng,condition or appearance of moon,2826,N/A,No,Tier 3: Lower-Freq (Rank 2501-3500),2 Cards or 1 Card,"junda_auto_import, junda_tier_tier_3"
1786803213225,僻,pì,"out-of-the-way, remote; unorthodox",2827,6,No,Tier 3: Lower-Freq (Rank 2501-3500),2 Cards or 1 Card,"junda_auto_import, junda_tier_tier_3"
1786803213227,隋,suí,Sui dynasty; surname,2828,N/A,Yes,Tier 3: Lower-Freq (Rank 2501-3500),2 Cards or 1 Card,"junda_auto_import, junda_tier_tier_3"
1786803213229,嵌,qiàn,"inlay, set in; fall into; rugged",2831,6,No,Tier 3: Lower-Freq (Rank 2501-3500),2 Cards or 1 Card,"junda_auto_import, junda_tier_tier_3"
1786803213231,虔,qián,act with reverence; reverent,2832,N/A,No,Tier 3: Lower-Freq (Rank 2501-3500),2 Cards or 1 Card,"junda_auto_import, junda_tier_tier_3"
1786803213234,畔,pàn,boundary path dividing fields,2833,6,No,Tier 3: Lower-Freq (Rank 2501-3500),2 Cards or 1 Card,"junda_auto_import, junda_tier_tier_3"
1786803213236,碟,dié,"small dish, plate",2835,N/A,No,Tier 3: Lower-Freq (Rank 2501-3500),2 Cards or 1 Card,"junda_auto_import, junda_tier_tier_3"
1786803213239,涩,sè,"astringent; harsh; uneven, rough",2836,6,No,Tier 3: Lower-Freq (Rank 2501-3500),2 Cards or 1 Card,"junda_auto_import, junda_tier_tier_3"
1786803213242,胧,lóng,condition or appearance of moon,2837,N/A,No,Tier 3: Lower-Freq (Rank 2501-3500),2 Cards or 1 Card,"junda_auto_import, junda_tier_tier_3"
1786803213245,嘟,dū,sound of horn tooting,2838,N/A,No,Tier 3: Lower-Freq (Rank 2501-3500),2 Cards or 1 Card,"junda_auto_import, junda_tier_tier_3"
1786803213247,蹦,bèng,"hop, leap, jump; bright",2839,6,No,Tier 3: Lower-Freq (Rank 2501-3500),2 Cards or 1 Card,"junda_auto_import, junda_tier_tier_3"
1786803213248,冢,zhǒng,"burial mound, mausoleum; grand",2840,N/A,No,Tier 3: Lower-Freq (Rank 2501-3500),2 Cards or 1 Card,"junda_auto_import, junda_tier_tier_3"
1786803213250,浏,liú,clear; bright; whistling,2841,5,No,Tier 3: Lower-Freq (Rank 2501-3500),2 Cards or 1 Card,"junda_auto_import, junda_tier_tier_3"
1786803213253,裔,yì,"progeny, descendants, posterity",2842,5,No,Tier 3: Lower-Freq (Rank 2501-3500),2 Cards or 1 Card,"junda_auto_import, junda_tier_tier_3"
1786803213255,襟,jīn,"lapel, collar",2843,N/A,No,Tier 3: Lower-Freq (Rank 2501-3500),2 Cards or 1 Card,"junda_auto_import, junda_tier_tier_3"
1786803213258,叨,dāo,talkative; quarrelous,2844,6,No,Tier 3: Lower-Freq (Rank 2501-3500),2 Cards or 1 Card,"junda_auto_import, junda_tier_tier_3"
1786803213261,诀,jué,"take leave of, bid farewell",2845,N/A,No,Tier 3: Lower-Freq (Rank 2501-3500),2 Cards or 1 Card,"junda_auto_import, junda_tier_tier_3"
1786803213263,旭,xù,rising sun; brilliance; radiant,2846,N/A,No,Tier 3: Lower-Freq (Rank 2501-3500),2 Cards or 1 Card,"junda_auto_import, junda_tier_tier_3"
1786803213264,虾,xiā,"shrimp, prawn",2847,N/A,No,Tier 3: Lower-Freq (Rank 2501-3500),2 Cards or 1 Card,"junda_auto_import, junda_tier_tier_3"
1786803213267,簿,bù,"register, account book, notebook",2848,N/A,No,Tier 3: Lower-Freq (Rank 2501-3500),2 Cards or 1 Card,"junda_auto_import, junda_tier_tier_3"
1786803213270,擒,qín,"catch, capture, seize, arrest",2850,N/A,No,Tier 3: Lower-Freq (Rank 2501-3500),2 Cards or 1 Card,"junda_auto_import, junda_tier_tier_3"
1786803213272,枣,zǎo,"date tree; dates, jujubes; surname",2851,N/A,Yes,Tier 3: Lower-Freq (Rank 2501-3500),2 Cards or 1 Card,"junda_auto_import, junda_tier_tier_3"
1786803213275,嘎,gā,"sound of laughter; bad, malevolent",2852,N/A,No,Tier 3: Lower-Freq (Rank 2501-3500),2 Cards or 1 Card,"junda_auto_import, junda_tier_tier_3"
1786803213277,苑,yuàn,"pasture, park, garden; mansion",2853,N/A,No,Tier 3: Lower-Freq (Rank 2501-3500),2 Cards or 1 Card,"junda_auto_import, junda_tier_tier_3"
1786803213280,牟,móu,"make; seek, get; barley; low",2854,N/A,No,Tier 3: Lower-Freq (Rank 2501-3500),2 Cards or 1 Card,"junda_auto_import, junda_tier_tier_3"
1786803213282,呕,ǒu,"vomit; annoy, enrage",2855,6,No,Tier 3: Lower-Freq (Rank 2501-3500),2 Cards or 1 Card,"junda_auto_import, junda_tier_tier_3"
1786803213283,骆,luò,a white horse with black mane; a camel,2856,N/A,No,Tier 3: Lower-Freq (Rank 2501-3500),2 Cards or 1 Card,"junda_auto_import, junda_tier_tier_3"
1786803213285,凸,tū,"protrude, bulge out, convex",2857,6,No,Tier 3: Lower-Freq (Rank 2501-3500),2 Cards or 1 Card,"junda_auto_import, junda_tier_tier_3"
1786803213288,兀,wù,to cut off the feet,2859,N/A,No,Tier 3: Lower-Freq (Rank 2501-3500),2 Cards or 1 Card,"junda_auto_import, junda_tier_tier_3"
1786803213290,喔,ō,descriptive of crying or of crowing,2860,N/A,No,Tier 3: Lower-Freq (Rank 2501-3500),2 Cards or 1 Card,"junda_auto_import, junda_tier_tier_3"
1786803213292,裳,shang,clothes; skirt; beautiful,2861,6,No,Tier 3: Lower-Freq (Rank 2501-3500),2 Cards or 1 Card,"junda_auto_import, junda_tier_tier_3"
1786803213295,凹,āo,"concave, hollow, depressed; a pass, valley",2862,6,No,Tier 3: Lower-Freq (Rank 2501-3500),2 Cards or 1 Card,"junda_auto_import, junda_tier_tier_3"
1786803213297,赎,shú,"buy, redeem; ransome; atone for",2863,N/A,No,Tier 3: Lower-Freq (Rank 2501-3500),2 Cards or 1 Card,"junda_auto_import, junda_tier_tier_3"
1786803213300,屯,tún,"village, hamlet; camp; station",2864,N/A,No,Tier 3: Lower-Freq (Rank 2501-3500),2 Cards or 1 Card,"junda_auto_import, junda_tier_tier_3"
1786803213303,膛,táng,"chest; hollow space, cavity",2865,6,No,Tier 3: Lower-Freq (Rank 2501-3500),2 Cards or 1 Card,"junda_auto_import, junda_tier_tier_3"
1786803213305,灼,zhuó,burn; broil; cauterize; bright,2867,N/A,No,Tier 3: Lower-Freq (Rank 2501-3500),2 Cards or 1 Card,"junda_auto_import, junda_tier_tier_3"
1786803213308,裘,qiú,fur garments; surname,2868,N/A,Yes,Tier 3: Lower-Freq (Rank 2501-3500),2 Cards or 1 Card,"junda_auto_import, junda_tier_tier_3"
1786803213311,砰,pēng,"sound of crashing stones, bang!",2869,N/A,No,Tier 3: Lower-Freq (Rank 2501-3500),2 Cards or 1 Card,"junda_auto_import, junda_tier_tier_3"
1786803213313,棘,jí,"jujube tree; thorns, brambles",2870,N/A,No,Tier 3: Lower-Freq (Rank 2501-3500),2 Cards or 1 Card,"junda_auto_import, junda_tier_tier_3"
1786803213315,碱,jiǎn,"alkaline, alkali, lye, salt",2872,N/A,No,Tier 3: Lower-Freq (Rank 2501-3500),2 Cards or 1 Card,"junda_auto_import, junda_tier_tier_3"
1786803213318,姥,lǎo,maternal grandmother; midwife,2874,5,No,Tier 3: Lower-Freq (Rank 2501-3500),2 Cards or 1 Card,"junda_auto_import, junda_tier_tier_3"
1786803213321,瑜,yú,flawless gem or jewel,2875,N/A,No,Tier 3: Lower-Freq (Rank 2501-3500),2 Cards or 1 Card,"junda_auto_import, junda_tier_tier_3"
1786803213324,毋,wú,do not; not; surname; rad. 80,2876,N/A,Yes,Tier 3: Lower-Freq (Rank 2501-3500),2 Cards or 1 Card,"junda_auto_import, junda_tier_tier_3"
1786803213326,娅,yà,mutual term of address used by sons-in-law; a brother-in-law,2877,N/A,No,Tier 3: Lower-Freq (Rank 2501-3500),2 Cards or 1 Card,"junda_auto_import, junda_tier_tier_3"
1786803213329,萌,méng,"bud, sprout",2879,6,No,Tier 3: Lower-Freq (Rank 2501-3500),2 Cards or 1 Card,"junda_auto_import, junda_tier_tier_3"
1786803213331,俏,qiào,"like, similar; resemble; pretty",2880,N/A,No,Tier 3: Lower-Freq (Rank 2501-3500),2 Cards or 1 Card,"junda_auto_import, junda_tier_tier_3"
1786803213335,黯,àn,"dark, black; sullen, dreary",2881,N/A,No,Tier 3: Lower-Freq (Rank 2501-3500),2 Cards or 1 Card,"junda_auto_import, junda_tier_tier_3"
1786803213337,撇,piē,"discard, abandon, throw away",2882,6,No,Tier 3: Lower-Freq (Rank 2501-3500),2 Cards or 1 Card,"junda_auto_import, junda_tier_tier_3"
1786803213341,粟,sù,unhusked millet; grain,2883,N/A,No,Tier 3: Lower-Freq (Rank 2501-3500),2 Cards or 1 Card,"junda_auto_import, junda_tier_tier_3"
1786803213343,粪,fèn,"manure, dung, shit, excrement, night soil",2884,N/A,No,Tier 3: Lower-Freq (Rank 2501-3500),2 Cards or 1 Card,"junda_auto_import, junda_tier_tier_3"
1786803213346,苟,gǒu,"careless, frivolous; illicit; grammatical particle: if, but, if only; surname; grass name; distinguish DKW 30853 (ji4)",2886,6,Yes,Tier 3: Lower-Freq (Rank 2501-3500),2 Cards or 1 Card,"junda_auto_import, junda_tier_tier_3"
1786803213348,癫,diān,"crazy, mad; madness, mania, insan",2887,N/A,No,Tier 3: Lower-Freq (Rank 2501-3500),2 Cards or 1 Card,"junda_auto_import, junda_tier_tier_3"
1786803213350,禹,yǔ,legendary hsia dynasty founder,2889,N/A,No,Tier 3: Lower-Freq (Rank 2501-3500),2 Cards or 1 Card,"junda_auto_import, junda_tier_tier_3"
1786803213353,廖,liào,surname; name of an ancient state,2890,N/A,Yes,Tier 3: Lower-Freq (Rank 2501-3500),2 Cards or 1 Card,"junda_auto_import, junda_tier_tier_3"
1786803213357,俭,jiǎn,"temperate, frugal, economical",2891,6,No,Tier 3: Lower-Freq (Rank 2501-3500),2 Cards or 1 Card,"junda_auto_import, junda_tier_tier_3"
1786803213359,帖,tiē,invitation card; notice,2892,6,No,Tier 3: Lower-Freq (Rank 2501-3500),2 Cards or 1 Card,"junda_auto_import, junda_tier_tier_3"
1786803213362,缕,lǚ,"thread; detailed, precise",2894,N/A,No,Tier 3: Lower-Freq (Rank 2501-3500),2 Cards or 1 Card,"junda_auto_import, junda_tier_tier_3"
1786803213365,窦,dòu,"surname; hole, burrow; corrupt",2895,N/A,Yes,Tier 3: Lower-Freq (Rank 2501-3500),2 Cards or 1 Card,"junda_auto_import, junda_tier_tier_3"
1786803213367,簇,cù,"swarm, crowd together, cluster",2896,N/A,No,Tier 3: Lower-Freq (Rank 2501-3500),2 Cards or 1 Card,"junda_auto_import, junda_tier_tier_3"
1786803213370,棱,léng,"squared timber; angle, edge",2897,N/A,No,Tier 3: Lower-Freq (Rank 2501-3500),2 Cards or 1 Card,"junda_auto_import, junda_tier_tier_3"
1786803213372,叩,kòu,"knock, ask; kowtow, bow",2898,N/A,No,Tier 3: Lower-Freq (Rank 2501-3500),2 Cards or 1 Card,"junda_auto_import, junda_tier_tier_3"
1786803213375,呐,nà,"raise voice, yell out loud, shout; stammer",2899,N/A,No,Tier 3: Lower-Freq (Rank 2501-3500),2 Cards or 1 Card,"junda_auto_import, junda_tier_tier_3"
1786803213378,瑶,yáo,precious jade,2900,N/A,No,Tier 3: Lower-Freq (Rank 2501-3500),2 Cards or 1 Card,"junda_auto_import, junda_tier_tier_3"
1786803213380,莺,yīng,"oriole, green finch; Sylvia species (various)",2902,N/A,No,Tier 3: Lower-Freq (Rank 2501-3500),2 Cards or 1 Card,"junda_auto_import, junda_tier_tier_3"
1786803213383,烫,tàng,"scald, heat; wash; iron clothes",2903,5,No,Tier 3: Lower-Freq (Rank 2501-3500),2 Cards or 1 Card,"junda_auto_import, junda_tier_tier_3"
1786803213386,伶,líng,"lonely, solitary; actor",2906,6,No,Tier 3: Lower-Freq (Rank 2501-3500),2 Cards or 1 Card,"junda_auto_import, junda_tier_tier_3"
1786803213388,葱,cōng,"scallions, leeks, green onions",2907,N/A,No,Tier 3: Lower-Freq (Rank 2501-3500),2 Cards or 1 Card,"junda_auto_import, junda_tier_tier_3"
1786803213391,哮,xiāo,cough; pant; roar,2908,N/A,No,Tier 3: Lower-Freq (Rank 2501-3500),2 Cards or 1 Card,"junda_auto_import, junda_tier_tier_3"
1786803213394,眩,xuàn,"to confuse; dizzy, dazed, disoriented",2909,N/A,No,Tier 3: Lower-Freq (Rank 2501-3500),2 Cards or 1 Card,"junda_auto_import, junda_tier_tier_3"
1786803213397,讳,huì,conceal; shun; regard as taboo,2912,6,No,Tier 3: Lower-Freq (Rank 2501-3500),2 Cards or 1 Card,"junda_auto_import, junda_tier_tier_3"
1786803213398,啼,tí,"weep, whimper; howl, twitter",2913,N/A,No,Tier 3: Lower-Freq (Rank 2501-3500),2 Cards or 1 Card,"junda_auto_import, junda_tier_tier_3"
1786803213401,瓣,bàn,petal; segment; valves,2915,6,No,Tier 3: Lower-Freq (Rank 2501-3500),2 Cards or 1 Card,"junda_auto_import, junda_tier_tier_3"
1786803213404,矫,jiǎo,"correct, rectify, straighten out",2916,N/A,No,Tier 3: Lower-Freq (Rank 2501-3500),2 Cards or 1 Card,"junda_auto_import, junda_tier_tier_3"
1786803213409,跋,bá,"go by foot; epilogue, colophon",2917,N/A,No,Tier 3: Lower-Freq (Rank 2501-3500),2 Cards or 1 Card,"junda_auto_import, junda_tier_tier_3"
1786803213412,枉,wǎng,"useless, in vain; bent, crooked",2918,6,No,Tier 3: Lower-Freq (Rank 2501-3500),2 Cards or 1 Card,"junda_auto_import, junda_tier_tier_3"
1786803213415,梗,gěng,"stem of flower, branch of plant",2919,N/A,No,Tier 3: Lower-Freq (Rank 2501-3500),2 Cards or 1 Card,"junda_auto_import, junda_tier_tier_3"
1786803213418,讥,jī,"ridicule, jeer, mock; inspect",2922,6,No,Tier 3: Lower-Freq (Rank 2501-3500),2 Cards or 1 Card,"junda_auto_import, junda_tier_tier_3"
1786803213421,釉,yòu,glaze,2923,N/A,No,Tier 3: Lower-Freq (Rank 2501-3500),2 Cards or 1 Card,"junda_auto_import, junda_tier_tier_3"
1786803213424,窟,kū,"hole, cave; cellar; underground",2924,N/A,No,Tier 3: Lower-Freq (Rank 2501-3500),2 Cards or 1 Card,"junda_auto_import, junda_tier_tier_3"
1786803213427,敛,liǎn,"draw back, fold back; collect",2925,N/A,No,Tier 3: Lower-Freq (Rank 2501-3500),2 Cards or 1 Card,"junda_auto_import, junda_tier_tier_3"
1786803213429,轼,shì,horizontal wooden bar in front,2926,N/A,No,Tier 3: Lower-Freq (Rank 2501-3500),2 Cards or 1 Card,"junda_auto_import, junda_tier_tier_3"
1786803213432,庐,lú,"hut, cottage; name of a mountain",2927,N/A,No,Tier 3: Lower-Freq (Rank 2501-3500),2 Cards or 1 Card,"junda_auto_import, junda_tier_tier_3"
1786803213434,胚,pēi,embryo; unfinished things,2928,N/A,No,Tier 3: Lower-Freq (Rank 2501-3500),2 Cards or 1 Card,"junda_auto_import, junda_tier_tier_3"
1786803213437,呻,shēn,"groan, moan; recite with intonation",2929,6,No,Tier 3: Lower-Freq (Rank 2501-3500),2 Cards or 1 Card,"junda_auto_import, junda_tier_tier_3"
1786803213439,绰,chuò,"graceful, delicate; spacious",2930,N/A,No,Tier 3: Lower-Freq (Rank 2501-3500),2 Cards or 1 Card,"junda_auto_import, junda_tier_tier_3"
1786803213442,懿,yì,"virtuous, admirable, esteemed",2932,N/A,No,Tier 3: Lower-Freq (Rank 2501-3500),2 Cards or 1 Card,"junda_auto_import, junda_tier_tier_3"
1786803213445,炯,jiǒng,"bright, brilliant, clear; hot",2933,N/A,No,Tier 3: Lower-Freq (Rank 2501-3500),2 Cards or 1 Card,"junda_auto_import, junda_tier_tier_3"
1786803213448,竿,gān,bamboo pole; penis,2934,N/A,No,Tier 3: Lower-Freq (Rank 2501-3500),2 Cards or 1 Card,"junda_auto_import, junda_tier_tier_3"
1786803213450,慷,kāng,"ardent; generous, magnanimous",2935,6,No,Tier 3: Lower-Freq (Rank 2501-3500),2 Cards or 1 Card,"junda_auto_import, junda_tier_tier_3"
1786803213452,虞,yú,"concerned about, anxious, worried",2936,N/A,No,Tier 3: Lower-Freq (Rank 2501-3500),2 Cards or 1 Card,"junda_auto_import, junda_tier_tier_3"
1786803213455,桨,jiǎng,"oar, paddle",2939,6,No,Tier 3: Lower-Freq (Rank 2501-3500),2 Cards or 1 Card,"junda_auto_import, junda_tier_tier_3"
1786803213457,孽,niè,evil; son of concubine; ghost,2942,N/A,No,Tier 3: Lower-Freq (Rank 2501-3500),2 Cards or 1 Card,"junda_auto_import, junda_tier_tier_3"
1786803213460,惭,cán,"ashamed, humiliated; shameful",2943,5,No,Tier 3: Lower-Freq (Rank 2501-3500),2 Cards or 1 Card,"junda_auto_import, junda_tier_tier_3"
1786803213462,戳,chuō,"prick, stab; stamp, seal, chop",2944,N/A,No,Tier 3: Lower-Freq (Rank 2501-3500),2 Cards or 1 Card,"junda_auto_import, junda_tier_tier_3"
1786803213464,禀,bǐng,"report to, petition",2945,N/A,No,Tier 3: Lower-Freq (Rank 2501-3500),2 Cards or 1 Card,"junda_auto_import, junda_tier_tier_3"
1786803213466,鄂,è,Hubei province; startled,2946,N/A,No,Tier 3: Lower-Freq (Rank 2501-3500),2 Cards or 1 Card,"junda_auto_import, junda_tier_tier_3"
1786803213468,馈,kuì,offer food superior; send gift,2947,6,No,Tier 3: Lower-Freq (Rank 2501-3500),2 Cards or 1 Card,"junda_auto_import, junda_tier_tier_3"
1786803213471,垣,yuán,low wall,2948,N/A,No,Tier 3: Lower-Freq (Rank 2501-3500),2 Cards or 1 Card,"junda_auto_import, junda_tier_tier_3"
1786803213473,溅,jiàn,"sprinkle, spray; spill, splash",2949,6,No,Tier 3: Lower-Freq (Rank 2501-3500),2 Cards or 1 Card,"junda_auto_import, junda_tier_tier_3"
1786803213476,咚,dōng,"onomatopoetic, a thumping sound",2950,N/A,No,Tier 3: Lower-Freq (Rank 2501-3500),2 Cards or 1 Card,"junda_auto_import, junda_tier_tier_3"
1786803213479,钙,gài,calcium,2951,6,No,Tier 3: Lower-Freq (Rank 2501-3500),2 Cards or 1 Card,"junda_auto_import, junda_tier_tier_3"
1786803213481,礁,jiāo,reef; jetty; submerged rocks,2952,N/A,No,Tier 3: Lower-Freq (Rank 2501-3500),2 Cards or 1 Card,"junda_auto_import, junda_tier_tier_3"
1786803213483,豁,huō,"open up, clear; exempt",2954,N/A,No,Tier 3: Lower-Freq (Rank 2501-3500),2 Cards or 1 Card,"junda_auto_import, junda_tier_tier_3"
1786803213486,眯,mī,be blinded,2955,6,No,Tier 3: Lower-Freq (Rank 2501-3500),2 Cards or 1 Card,"junda_auto_import, junda_tier_tier_3"
1786803213488,磷,lín,phosphorus; water rushing between,2956,N/A,No,Tier 3: Lower-Freq (Rank 2501-3500),2 Cards or 1 Card,"junda_auto_import, junda_tier_tier_3"
1786803213490,雯,wén,"cloud patterns, coloring of cloud",2957,N/A,No,Tier 3: Lower-Freq (Rank 2501-3500),2 Cards or 1 Card,"junda_auto_import, junda_tier_tier_3"
1786803213492,墟,xū,high mound; hilly countryside; wasteland,2958,6,No,Tier 3: Lower-Freq (Rank 2501-3500),2 Cards or 1 Card,"junda_auto_import, junda_tier_tier_3"
1786803213495,迂,yū,"doctrinaire, abstruse, unrealistic",2959,N/A,No,Tier 3: Lower-Freq (Rank 2501-3500),2 Cards or 1 Card,"junda_auto_import, junda_tier_tier_3"
1786803213498,瞻,zhān,look; look out for; respect,2960,6,No,Tier 3: Lower-Freq (Rank 2501-3500),2 Cards or 1 Card,"junda_auto_import, junda_tier_tier_3"
1786803213500,颅,lú,skull,2961,N/A,No,Tier 3: Lower-Freq (Rank 2501-3500),2 Cards or 1 Card,"junda_auto_import, junda_tier_tier_3"
1786803213502,琉,liú,"sparkling stone; glazed, opaque",2962,N/A,No,Tier 3: Lower-Freq (Rank 2501-3500),2 Cards or 1 Card,"junda_auto_import, junda_tier_tier_3"
1786803213505,悼,dào,"grieve, mourn, lament; grieved",2963,6,No,Tier 3: Lower-Freq (Rank 2501-3500),2 Cards or 1 Card,"junda_auto_import, junda_tier_tier_3"
1786803213508,拣,jiǎn,choose; select; pick up; gather,2965,6,No,Tier 3: Lower-Freq (Rank 2501-3500),2 Cards or 1 Card,"junda_auto_import, junda_tier_tier_3"
1786803213510,渺,miǎo,"endlessly long, boundless, vast",2966,6,No,Tier 3: Lower-Freq (Rank 2501-3500),2 Cards or 1 Card,"junda_auto_import, junda_tier_tier_3"
1786803213513,眷,juàn,"take interest in, care for",2967,N/A,No,Tier 3: Lower-Freq (Rank 2501-3500),2 Cards or 1 Card,"junda_auto_import, junda_tier_tier_3"
1786803213515,悯,mǐn,"pity, sympathize with, grieve for",2968,N/A,No,Tier 3: Lower-Freq (Rank 2501-3500),2 Cards or 1 Card,"junda_auto_import, junda_tier_tier_3"
1786803213517,慑,shè,"afraid, scared, fearful",2970,N/A,No,Tier 3: Lower-Freq (Rank 2501-3500),2 Cards or 1 Card,"junda_auto_import, junda_tier_tier_3"
1786803213520,婶,shěn,,2971,N/A,No,Tier 3: Lower-Freq (Rank 2501-3500),2 Cards or 1 Card,"junda_auto_import, junda_tier_tier_3"
1786803213522,斐,fěi,"graceful, elegant, beautiful",2972,N/A,No,Tier 3: Lower-Freq (Rank 2501-3500),2 Cards or 1 Card,"junda_auto_import, junda_tier_tier_3"
1786803213525,嘘,xū,exhale; blow out; deep sigh; hiss; praise,2973,N/A,No,Tier 3: Lower-Freq (Rank 2501-3500),2 Cards or 1 Card,"junda_auto_import, junda_tier_tier_3"
1786803213527,镶,xiāng,"insert, inlay, set, mount; fill",2974,6,No,Tier 3: Lower-Freq (Rank 2501-3500),2 Cards or 1 Card,"junda_auto_import, junda_tier_tier_3"
1786803213529,炕,kàng,the brick-bed in northern China,2975,N/A,No,Tier 3: Lower-Freq (Rank 2501-3500),2 Cards or 1 Card,"junda_auto_import, junda_tier_tier_3"
1786803213532,宦,huàn,"officialdom, government official",2976,N/A,No,Tier 3: Lower-Freq (Rank 2501-3500),2 Cards or 1 Card,"junda_auto_import, junda_tier_tier_3"
1786803213534,趴,pā,"lying prone, leaning over",2977,6,No,Tier 3: Lower-Freq (Rank 2501-3500),2 Cards or 1 Card,"junda_auto_import, junda_tier_tier_3"
1786803213536,绷,běng,"bind, draw firmly, strap",2978,N/A,No,Tier 3: Lower-Freq (Rank 2501-3500),2 Cards or 1 Card,"junda_auto_import, junda_tier_tier_3"
1786803213538,窘,jiǒng,embarrassed; hard-pressed,2979,N/A,No,Tier 3: Lower-Freq (Rank 2501-3500),2 Cards or 1 Card,"junda_auto_import, junda_tier_tier_3"
1786803213540,襄,xiāng,"aid, help, assist; undress",2980,N/A,No,Tier 3: Lower-Freq (Rank 2501-3500),2 Cards or 1 Card,"junda_auto_import, junda_tier_tier_3"
1786803213543,珀,pò,amber,2981,N/A,No,Tier 3: Lower-Freq (Rank 2501-3500),2 Cards or 1 Card,"junda_auto_import, junda_tier_tier_3"
1786803213546,拚,pàn,"risk, disregard; go all out for",2983,N/A,No,Tier 3: Lower-Freq (Rank 2501-3500),2 Cards or 1 Card,"junda_auto_import, junda_tier_tier_3"
1786803213548,酌,zhuó,serve wine; feast; deliberate,2984,6,No,Tier 3: Lower-Freq (Rank 2501-3500),2 Cards or 1 Card,"junda_auto_import, junda_tier_tier_3"
1786803213551,浊,zhuó,"muddy, turbid, dirty, filthy",2985,6,No,Tier 3: Lower-Freq (Rank 2501-3500),2 Cards or 1 Card,"junda_auto_import, junda_tier_tier_3"
1786803213554,毓,yù,"give birth to; bring up, educate",2986,N/A,No,Tier 3: Lower-Freq (Rank 2501-3500),2 Cards or 1 Card,"junda_auto_import, junda_tier_tier_3"
1786803213557,撼,hàn,"move, shake; (Cant.) to fight",2987,6,No,Tier 3: Lower-Freq (Rank 2501-3500),2 Cards or 1 Card,"junda_auto_import, junda_tier_tier_3"
1786803213559,嗜,shì,"be fond of, have weakness for",2988,N/A,No,Tier 3: Lower-Freq (Rank 2501-3500),2 Cards or 1 Card,"junda_auto_import, junda_tier_tier_3"
1786803213563,峭,qiào,"steep, precipitous, rugged",2990,6,No,Tier 3: Lower-Freq (Rank 2501-3500),2 Cards or 1 Card,"junda_auto_import, junda_tier_tier_3"
1786803213564,磕,kē,"hit; collide, knock into; sound",2991,6,No,Tier 3: Lower-Freq (Rank 2501-3500),2 Cards or 1 Card,"junda_auto_import, junda_tier_tier_3"
1786803213568,翘,qiào,"turn up, lift, elevate, raise",2992,6,No,Tier 3: Lower-Freq (Rank 2501-3500),2 Cards or 1 Card,"junda_auto_import, junda_tier_tier_3"
1786803213570,槽,cáo,"trough; manger; vat, tank; groove; a distillery",2993,N/A,No,Tier 3: Lower-Freq (Rank 2501-3500),2 Cards or 1 Card,"junda_auto_import, junda_tier_tier_3"
1786803213573,淌,tǎng,trickle; flow down; drip,2994,N/A,No,Tier 3: Lower-Freq (Rank 2501-3500),2 Cards or 1 Card,"junda_auto_import, junda_tier_tier_3"
1786803213577,栅,zhà,fence; palisade; grid,2995,N/A,No,Tier 3: Lower-Freq (Rank 2501-3500),2 Cards or 1 Card,"junda_auto_import, junda_tier_tier_3"
1786803213580,颓,tuí,"ruined, decayed; disintegrate",2996,N/A,No,Tier 3: Lower-Freq (Rank 2501-3500),2 Cards or 1 Card,"junda_auto_import, junda_tier_tier_3"
1786803213583,熏,xūn,"smoke, fog, vapor; smoke, cure",2997,6,No,Tier 3: Lower-Freq (Rank 2501-3500),2 Cards or 1 Card,"junda_auto_import, junda_tier_tier_3"
1786803213586,瑛,yīng,luster of gem; crystal,2998,N/A,No,Tier 3: Lower-Freq (Rank 2501-3500),2 Cards or 1 Card,"junda_auto_import, junda_tier_tier_3"
1786803213590,颐,yí,cheeks; jaw; chin; rear; to nourish,2999,N/A,No,Tier 3: Lower-Freq (Rank 2501-3500),2 Cards or 1 Card,"junda_auto_import, junda_tier_tier_3"
1786803213594,忖,cǔn,"guess, suppose, conjecture",3000,N/A,No,Tier 3: Lower-Freq (Rank 2501-3500),2 Cards or 1 Card,"junda_auto_import, junda_tier_tier_3"
1786803213598,牡,mǔ,male of animals; bolt of door,3001,N/A,No,Tier 4: Rare / Surname (>3500 or Unranked),1 Card (Recognition Only),"junda_auto_import, junda_tier_tier_3"
1786803213602,缀,zhuì,"patch together, link, connect",3002,6,No,Tier 4: Rare / Surname (>3500 or Unranked),1 Card (Recognition Only),"junda_auto_import, junda_tier_tier_3"
1786803213606,徊,huái,"linger, walk to and fro, hesitain",3003,6,No,Tier 4: Rare / Surname (>3500 or Unranked),1 Card (Recognition Only),"junda_auto_import, junda_tier_tier_3"
1786803213608,肪,fáng,animal fat,3005,6,No,Tier 4: Rare / Surname (>3500 or Unranked),1 Card (Recognition Only),"junda_auto_import, junda_tier_tier_3"
1786803213610,涕,tì,"tear; snivel, nasal mucus",3006,6,No,Tier 4: Rare / Surname (>3500 or Unranked),1 Card (Recognition Only),"junda_auto_import, junda_tier_tier_3"
1786803213613,惫,bèi,"tired, weary, fatigued",3007,6,No,Tier 4: Rare / Surname (>3500 or Unranked),1 Card (Recognition Only),"junda_auto_import, junda_tier_tier_3"
1786803213615,摹,mó,"trace, copy, duplicate; pattern",3008,N/A,No,Tier 4: Rare / Surname (>3500 or Unranked),1 Card (Recognition Only),"junda_auto_import, junda_tier_tier_3"
1786803213618,肘,zhǒu,the elbow; help a person shoulder a load,3010,N/A,No,Tier 4: Rare / Surname (>3500 or Unranked),1 Card (Recognition Only),"junda_auto_import, junda_tier_tier_3"
1786803213622,熔,róng,"melt, smelt, fuse; mold",3011,N/A,No,Tier 4: Rare / Surname (>3500 or Unranked),1 Card (Recognition Only),"junda_auto_import, junda_tier_tier_3"
1786803213624,挚,zhì,"sincere, warm, cordial; surname",3012,6,Yes,Tier 4: Rare / Surname (>3500 or Unranked),1 Card (Recognition Only),"junda_auto_import, junda_tier_tier_3"
1786803213627,氯,lǜ,chlorine,3013,N/A,No,Tier 4: Rare / Surname (>3500 or Unranked),1 Card (Recognition Only),"junda_auto_import, junda_tier_tier_3"
1786803213630,凛,lǐn,to shiver with cold or fear,3014,N/A,No,Tier 4: Rare / Surname (>3500 or Unranked),1 Card (Recognition Only),"junda_auto_import, junda_tier_tier_3"
1786803213636,绎,yì,to unravel or unreel silk; to interpret,3015,6,No,Tier 4: Rare / Surname (>3500 or Unranked),1 Card (Recognition Only),"junda_auto_import, junda_tier_tier_3"
1786803213639,庶,shù,"numerous, various; multitude",3016,N/A,No,Tier 4: Rare / Surname (>3500 or Unranked),1 Card (Recognition Only),"junda_auto_import, junda_tier_tier_3"
1786803213642,脯,pú,dried meat; preserved fruits,3017,N/A,No,Tier 4: Rare / Surname (>3500 or Unranked),1 Card (Recognition Only),"junda_auto_import, junda_tier_tier_3"
1786803213645,迭,dié,"repeatedly, frequently",3018,N/A,No,Tier 4: Rare / Surname (>3500 or Unranked),1 Card (Recognition Only),"junda_auto_import, junda_tier_tier_3"
1786803213647,睦,mù,"friendly, amiable, peaceful",3019,6,No,Tier 4: Rare / Surname (>3500 or Unranked),1 Card (Recognition Only),"junda_auto_import, junda_tier_tier_3"
1786803213649,窍,qiào,"hole, opening, aperture",3020,6,No,Tier 4: Rare / Surname (>3500 or Unranked),1 Card (Recognition Only),"junda_auto_import, junda_tier_tier_3"
1786803213652,庵,ān,Buddhist monastery or nunnery,3022,N/A,No,Tier 4: Rare / Surname (>3500 or Unranked),1 Card (Recognition Only),"junda_auto_import, junda_tier_tier_3"
1786803213654,怠,dài,"idle, remiss, negligent; neglect",3024,6,No,Tier 4: Rare / Surname (>3500 or Unranked),1 Card (Recognition Only),"junda_auto_import, junda_tier_tier_3"
1786803213657,沁,qìn,"soak into, seep in, percolate",3025,N/A,No,Tier 4: Rare / Surname (>3500 or Unranked),1 Card (Recognition Only),"junda_auto_import, junda_tier_tier_3"
1786803213659,奕,yì,"in sequence, orderly; abundant",3026,N/A,No,Tier 4: Rare / Surname (>3500 or Unranked),1 Card (Recognition Only),"junda_auto_import, junda_tier_tier_3"
1786803213661,咙,lóng,throat,3027,6,No,Tier 4: Rare / Surname (>3500 or Unranked),1 Card (Recognition Only),"junda_auto_import, junda_tier_tier_3"
1786803213663,氨,ān,ammonia; hydrogen nitride,3028,N/A,No,Tier 4: Rare / Surname (>3500 or Unranked),1 Card (Recognition Only),"junda_auto_import, junda_tier_tier_3"
1786803213666,矗,chù,"straight, upright, erect, lofty",3029,N/A,No,Tier 4: Rare / Surname (>3500 or Unranked),1 Card (Recognition Only),"junda_auto_import, junda_tier_tier_3"
1786803213669,沛,pèi,"abundant, full, copious; sudden",3032,6,No,Tier 4: Rare / Surname (>3500 or Unranked),1 Card (Recognition Only),"junda_auto_import, junda_tier_tier_3"
1786803213671,榻,tà,"cot, couch, bed",3033,N/A,No,Tier 4: Rare / Surname (>3500 or Unranked),1 Card (Recognition Only),"junda_auto_import, junda_tier_tier_3"
1786803213673,揣,chuāi,put things under clothes,3034,N/A,No,Tier 4: Rare / Surname (>3500 or Unranked),1 Card (Recognition Only),"junda_auto_import, junda_tier_tier_3"
1786803213675,崭,zhǎn,"high, steep, precipitous; new",3035,6,No,Tier 4: Rare / Surname (>3500 or Unranked),1 Card (Recognition Only),"junda_auto_import, junda_tier_tier_3"
1786803213678,鞘,qiào,"scabbard, sheath",3036,N/A,No,Tier 4: Rare / Surname (>3500 or Unranked),1 Card (Recognition Only),"junda_auto_import, junda_tier_tier_3"
1786803213681,鞠,jū,"bow, bend; rear, raise, nourish",3037,6,No,Tier 4: Rare / Surname (>3500 or Unranked),1 Card (Recognition Only),"junda_auto_import, junda_tier_tier_3"
1786803213683,垦,kěn,"cultivate, reclaim, to farm land",3038,N/A,No,Tier 4: Rare / Surname (>3500 or Unranked),1 Card (Recognition Only),"junda_auto_import, junda_tier_tier_3"
1786803213686,洽,qià,"to blend with, be in harmony; to penetrate; to cover; a river in Shenxi",3039,6,No,Tier 4: Rare / Surname (>3500 or Unranked),1 Card (Recognition Only),"junda_auto_import, junda_tier_tier_3"
1786803213688,唾,tuò,"spit, spit on; saliva",3040,6,No,Tier 4: Rare / Surname (>3500 or Unranked),1 Card (Recognition Only),"junda_auto_import, junda_tier_tier_3"
1786803213712,橱,chú,"cabinet, wardrobe, cupboard",3041,N/A,No,Tier 4: Rare / Surname (>3500 or Unranked),1 Card (Recognition Only),"junda_auto_import, junda_tier_tier_3"
1786803213714,仕,shì,official; serve government,3042,N/A,No,Tier 4: Rare / Surname (>3500 or Unranked),1 Card (Recognition Only),"junda_auto_import, junda_tier_tier_3"
1786803213717,痰,tán,"phlegm, mucus, spittle",3044,N/A,No,Tier 4: Rare / Surname (>3500 or Unranked),1 Card (Recognition Only),"junda_auto_import, junda_tier_tier_3"
1786803213720,峙,zhì,"stand erect, stand up; pile up",3046,N/A,No,Tier 4: Rare / Surname (>3500 or Unranked),1 Card (Recognition Only),"junda_auto_import, junda_tier_tier_3"
1786803213722,柬,jiǎn,"letter, invitation; choose",3047,6,No,Tier 4: Rare / Surname (>3500 or Unranked),1 Card (Recognition Only),"junda_auto_import, junda_tier_tier_3"
1786803213724,蝉,chán,cicada; continuous,3048,N/A,No,Tier 4: Rare / Surname (>3500 or Unranked),1 Card (Recognition Only),"junda_auto_import, junda_tier_tier_3"
1786803213727,蟹,xiè,"crab, brachyura",3049,N/A,No,Tier 4: Rare / Surname (>3500 or Unranked),1 Card (Recognition Only),"junda_auto_import, junda_tier_tier_3"
1786803213729,谏,jiàn,"remonstrate, admonish",3050,N/A,No,Tier 4: Rare / Surname (>3500 or Unranked),1 Card (Recognition Only),"junda_auto_import, junda_tier_tier_3"
1786803213733,鹃,juān,cuckoo,3051,N/A,No,Tier 4: Rare / Surname (>3500 or Unranked),1 Card (Recognition Only),"junda_auto_import, junda_tier_tier_3"
1786803213735,擎,qíng,"lift up, hold up, support",3052,6,No,Tier 4: Rare / Surname (>3500 or Unranked),1 Card (Recognition Only),"junda_auto_import, junda_tier_tier_3"
1786803213737,皓,hào,"bright, luminous; clear; hoary",3053,N/A,No,Tier 4: Rare / Surname (>3500 or Unranked),1 Card (Recognition Only),"junda_auto_import, junda_tier_tier_3"
1786803213740,朕,zhèn,,3054,N/A,No,Tier 4: Rare / Surname (>3500 or Unranked),1 Card (Recognition Only),"junda_auto_import, junda_tier_tier_3"
1786803213743,疤,bā,"scar, cicatrix; birthmark",3055,6,No,Tier 4: Rare / Surname (>3500 or Unranked),1 Card (Recognition Only),"junda_auto_import, junda_tier_tier_3"
1786803213745,禺,yú,district; mountain in Zhejiang,3056,N/A,No,Tier 4: Rare / Surname (>3500 or Unranked),1 Card (Recognition Only),"junda_auto_import, junda_tier_tier_3"
1786803213747,铲,chǎn,"spade, shovel, trowel, scoop",3057,N/A,No,Tier 4: Rare / Surname (>3500 or Unranked),1 Card (Recognition Only),"junda_auto_import, junda_tier_tier_3"
1786803213750,酶,méi,enzymes; (Cant.) soft,3058,N/A,No,Tier 4: Rare / Surname (>3500 or Unranked),1 Card (Recognition Only),"junda_auto_import, junda_tier_tier_3"
1786803213752,钝,dùn,"blunt, obtuse; dull; flat; dull-witted",3059,6,No,Tier 4: Rare / Surname (>3500 or Unranked),1 Card (Recognition Only),"junda_auto_import, junda_tier_tier_3"
1786803213754,匣,xiá,"small box, case, coffer",3061,N/A,No,Tier 4: Rare / Surname (>3500 or Unranked),1 Card (Recognition Only),"junda_auto_import, junda_tier_tier_3"
1786803213757,弧,hú,"wooden bow; arc, crescent",3062,N/A,No,Tier 4: Rare / Surname (>3500 or Unranked),1 Card (Recognition Only),"junda_auto_import, junda_tier_tier_3"
1786803213764,峨,é,lofty,3063,N/A,No,Tier 4: Rare / Surname (>3500 or Unranked),1 Card (Recognition Only),"junda_auto_import, junda_tier_tier_3"
1786803213766,锥,zhuī,"gimlet, awl, drill, auger; bore",3064,N/A,No,Tier 4: Rare / Surname (>3500 or Unranked),1 Card (Recognition Only),"junda_auto_import, junda_tier_tier_3"
1786803213768,杠,gāng,"lever, pole, crowbar; sharpen",3066,6,No,Tier 4: Rare / Surname (>3500 or Unranked),1 Card (Recognition Only),"junda_auto_import, junda_tier_tier_3"
1786803213770,吭,kēng,throat,3067,N/A,No,Tier 4: Rare / Surname (>3500 or Unranked),1 Card (Recognition Only),"junda_auto_import, junda_tier_tier_3"
1786803213773,崛,jué,"towering, eminent; rise abruptly",3068,N/A,No,Tier 4: Rare / Surname (>3500 or Unranked),1 Card (Recognition Only),"junda_auto_import, junda_tier_tier_3"
1786803213775,诬,wū,make false accusation; defame,3069,6,No,Tier 4: Rare / Surname (>3500 or Unranked),1 Card (Recognition Only),"junda_auto_import, junda_tier_tier_3"
1786803213777,冉,rǎn,tender; weak; proceed gradually,3070,N/A,No,Tier 4: Rare / Surname (>3500 or Unranked),1 Card (Recognition Only),"junda_auto_import, junda_tier_tier_3"
1786803213780,抒,shū,express; eliminate; relieve,3071,6,No,Tier 4: Rare / Surname (>3500 or Unranked),1 Card (Recognition Only),"junda_auto_import, junda_tier_tier_3"
1786803213783,庚,gēng,7th heavenly stem,3072,N/A,No,Tier 4: Rare / Surname (>3500 or Unranked),1 Card (Recognition Only),"junda_auto_import, junda_tier_tier_3"
1786803213785,靡,mí,"divide, disperse, scatter",3074,N/A,No,Tier 4: Rare / Surname (>3500 or Unranked),1 Card (Recognition Only),"junda_auto_import, junda_tier_tier_3"
1786803213787,晦,huì,"dark, unclear, obscure; night",3075,N/A,No,Tier 4: Rare / Surname (>3500 or Unranked),1 Card (Recognition Only),"junda_auto_import, junda_tier_tier_3"
1786803213790,壕,háo,"trench, ditch, channel, moat",3077,N/A,No,Tier 4: Rare / Surname (>3500 or Unranked),1 Card (Recognition Only),"junda_auto_import, junda_tier_tier_3"
1786803213792,锯,jù,a saw; to saw; amputate,3078,N/A,No,Tier 4: Rare / Surname (>3500 or Unranked),1 Card (Recognition Only),"junda_auto_import, junda_tier_tier_3"
1786803213795,咦,yí,exclamation of surprise,3080,N/A,No,Tier 4: Rare / Surname (>3500 or Unranked),1 Card (Recognition Only),"junda_auto_import, junda_tier_tier_3"
1786803213797,侈,chǐ,"luxurious, extravagant",3081,6,No,Tier 4: Rare / Surname (>3500 or Unranked),1 Card (Recognition Only),"junda_auto_import, junda_tier_tier_3"
1786803213800,婢,bì,servant girl; your servant,3082,N/A,No,Tier 4: Rare / Surname (>3500 or Unranked),1 Card (Recognition Only),"junda_auto_import, junda_tier_tier_3"
1786803213802,徘,pái,"walk back and forth, hesitate",3084,6,No,Tier 4: Rare / Surname (>3500 or Unranked),1 Card (Recognition Only),"junda_auto_import, junda_tier_tier_3"
1786803213805,硝,xiāo,"saltpeter, niter; to tan",3085,N/A,No,Tier 4: Rare / Surname (>3500 or Unranked),1 Card (Recognition Only),"junda_auto_import, junda_tier_tier_3"
1786803213807,煽,shān,"stir up, incite, agitate, provoke",3086,N/A,No,Tier 4: Rare / Surname (>3500 or Unranked),1 Card (Recognition Only),"junda_auto_import, junda_tier_tier_3"
1786803213810,皂,zào,soap; black; menial servant,3087,5,No,Tier 4: Rare / Surname (>3500 or Unranked),1 Card (Recognition Only),"junda_auto_import, junda_tier_tier_3"
1786803213812,舵,duò,"rudder, helm",3088,N/A,No,Tier 4: Rare / Surname (>3500 or Unranked),1 Card (Recognition Only),"junda_auto_import, junda_tier_tier_3"
1786803213815,狈,bèi,a legendary animal with short forelegs which rode a wolf,3090,6,No,Tier 4: Rare / Surname (>3500 or Unranked),1 Card (Recognition Only),"junda_auto_import, junda_tier_tier_3"
1786803213817,靴,xuē,boots,3091,N/A,No,Tier 4: Rare / Surname (>3500 or Unranked),1 Card (Recognition Only),"junda_auto_import, junda_tier_tier_3"
1786803213819,捂,wǔ,resist,3092,N/A,No,Tier 4: Rare / Surname (>3500 or Unranked),1 Card (Recognition Only),"junda_auto_import, junda_tier_tier_3"
1786803213821,疮,chuāng,"tumor, boil, sore, wound",3093,N/A,No,Tier 4: Rare / Surname (>3500 or Unranked),1 Card (Recognition Only),"junda_auto_import, junda_tier_tier_3"
1786803213823,郝,hǎo,surname; place in modern Shanxi,3094,N/A,Yes,Tier 4: Rare / Surname (>3500 or Unranked),1 Card (Recognition Only),"junda_auto_import, junda_tier_tier_3"
1786803213826,苛,kē,"small, petty; harsh, rigorous",3095,N/A,No,Tier 4: Rare / Surname (>3500 or Unranked),1 Card (Recognition Only),"junda_auto_import, junda_tier_tier_3"
1786803213828,秽,huì,"dirty, unclean; immoral, obscene",3096,N/A,No,Tier 4: Rare / Surname (>3500 or Unranked),1 Card (Recognition Only),"junda_auto_import, junda_tier_tier_3"
1786803213831,茜,qiàn,"madder, rubia cordifolia; reeds",3097,N/A,No,Tier 4: Rare / Surname (>3500 or Unranked),1 Card (Recognition Only),"junda_auto_import, junda_tier_tier_3"
1786803213833,搓,cuō,to rub or roll between the hands,3098,6,No,Tier 4: Rare / Surname (>3500 or Unranked),1 Card (Recognition Only),"junda_auto_import, junda_tier_tier_3"
1786803213836,芸,yún,"rue, herb used to keep insects away; to cut grass or weeds; art, talent, ability, craft, technique, performance, acting, trick, stunt",3099,N/A,No,Tier 4: Rare / Surname (>3500 or Unranked),1 Card (Recognition Only),"junda_auto_import, junda_tier_tier_3"
1786803213837,赁,lìn,"rent, hire; hired person",3101,6,No,Tier 4: Rare / Surname (>3500 or Unranked),1 Card (Recognition Only),"junda_auto_import, junda_tier_tier_3"
1786803213839,檐,yán,"eaves of house; brim, rim",3102,N/A,No,Tier 4: Rare / Surname (>3500 or Unranked),1 Card (Recognition Only),"junda_auto_import, junda_tier_tier_3"
1786803213842,饷,xiǎng,rations and pay for soldiers,3103,N/A,No,Tier 4: Rare / Surname (>3500 or Unranked),1 Card (Recognition Only),"junda_auto_import, junda_tier_tier_3"
1786803213844,铀,yóu,uranium,3105,N/A,No,Tier 4: Rare / Surname (>3500 or Unranked),1 Card (Recognition Only),"junda_auto_import, junda_tier_tier_3"
1786803213846,苔,tái,"moss, lichen",3106,N/A,No,Tier 4: Rare / Surname (>3500 or Unranked),1 Card (Recognition Only),"junda_auto_import, junda_tier_tier_3"
1786803213849,赦,shè,"forgive, remit, pardon",3107,N/A,No,Tier 4: Rare / Surname (>3500 or Unranked),1 Card (Recognition Only),"junda_auto_import, junda_tier_tier_3"
1786803213851,缎,duàn,satin,3108,N/A,No,Tier 4: Rare / Surname (>3500 or Unranked),1 Card (Recognition Only),"junda_auto_import, junda_tier_tier_3"
1786803213853,舷,xián,"the sides of a boat, bulwarks; a gunwale",3109,N/A,No,Tier 4: Rare / Surname (>3500 or Unranked),1 Card (Recognition Only),"junda_auto_import, junda_tier_tier_3"
1786803213854,朔,shuò,first day of lunar month; the north,3111,N/A,No,Tier 4: Rare / Surname (>3500 or Unranked),1 Card (Recognition Only),"junda_auto_import, junda_tier_tier_3"
1786803213857,婪,lán,"covet; covetous, avaricious",3112,6,No,Tier 4: Rare / Surname (>3500 or Unranked),1 Card (Recognition Only),"junda_auto_import, junda_tier_tier_3"
1786803213859,紊,wěn,"confused, disorder",3113,6,No,Tier 4: Rare / Surname (>3500 or Unranked),1 Card (Recognition Only),"junda_auto_import, junda_tier_tier_3"
1786803213861,厮,sī,servant; to make a disturbance,3114,N/A,No,Tier 4: Rare / Surname (>3500 or Unranked),1 Card (Recognition Only),"junda_auto_import, junda_tier_tier_3"
1786803213864,婿,xù,son-in-law; husband,3115,N/A,No,Tier 4: Rare / Surname (>3500 or Unranked),1 Card (Recognition Only),"junda_auto_import, junda_tier_tier_3"
1786803213866,寥,liáo,"few, scarce; empty, deserted",3116,N/A,No,Tier 4: Rare / Surname (>3500 or Unranked),1 Card (Recognition Only),"junda_auto_import, junda_tier_tier_3"
1786803213868,兢,jīng,"fearful, cautious, wary",3117,6,No,Tier 4: Rare / Surname (>3500 or Unranked),1 Card (Recognition Only),"junda_auto_import, junda_tier_tier_3"
1786803213871,糙,cāo,"coarse, harsh, rough, unpolished rice",3118,5,No,Tier 4: Rare / Surname (>3500 or Unranked),1 Card (Recognition Only),"junda_auto_import, junda_tier_tier_3"
1786803213872,槐,huái,locust tree,3120,N/A,No,Tier 4: Rare / Surname (>3500 or Unranked),1 Card (Recognition Only),"junda_auto_import, junda_tier_tier_3"
1786803213875,扒,bā,scratch; dig up; crawl; crouch,3121,6,No,Tier 4: Rare / Surname (>3500 or Unranked),1 Card (Recognition Only),"junda_auto_import, junda_tier_tier_3"
1786803213878,裴,péi,surname; look of a flowing gown,3122,N/A,Yes,Tier 4: Rare / Surname (>3500 or Unranked),1 Card (Recognition Only),"junda_auto_import, junda_tier_tier_3"
1786803213880,祀,sì,"to sacrifice, worship",3123,N/A,No,Tier 4: Rare / Surname (>3500 or Unranked),1 Card (Recognition Only),"junda_auto_import, junda_tier_tier_3"
1786803213885,埔,bù,"plain, arena; port, market",3124,N/A,No,Tier 4: Rare / Surname (>3500 or Unranked),1 Card (Recognition Only),"junda_auto_import, junda_tier_tier_3"
1786803213887,絮,xù,"waste cotton, raw silk or cotton",3125,N/A,No,Tier 4: Rare / Surname (>3500 or Unranked),1 Card (Recognition Only),"junda_auto_import, junda_tier_tier_3"
1786803213889,芭,bā,plantain or banana palm; fragrant,3126,N/A,No,Tier 4: Rare / Surname (>3500 or Unranked),1 Card (Recognition Only),"junda_auto_import, junda_tier_tier_3"
1786803213892,屉,tì,drawer; tray; pad; screen,3127,5,No,Tier 4: Rare / Surname (>3500 or Unranked),1 Card (Recognition Only),"junda_auto_import, junda_tier_tier_3"
1786803213894,痪,huàn,"paralysis, numbness of limbs",3128,6,No,Tier 4: Rare / Surname (>3500 or Unranked),1 Card (Recognition Only),"junda_auto_import, junda_tier_tier_3"
1786803213896,霄,xiāo,"sky; clouds, mist; night",3129,N/A,No,Tier 4: Rare / Surname (>3500 or Unranked),1 Card (Recognition Only),"junda_auto_import, junda_tier_tier_3"
1786803213899,宵,xiāo,"night, evening, dark",3131,6,No,Tier 4: Rare / Surname (>3500 or Unranked),1 Card (Recognition Only),"junda_auto_import, junda_tier_tier_3"
1786803213901,邑,yì,"area, district, city, state",3132,N/A,No,Tier 4: Rare / Surname (>3500 or Unranked),1 Card (Recognition Only),"junda_auto_import, junda_tier_tier_3"
1786803213903,霖,lín,"long spell of rain, copious rain",3133,N/A,No,Tier 4: Rare / Surname (>3500 or Unranked),1 Card (Recognition Only),"junda_auto_import, junda_tier_tier_3"
1786803213906,岔,chà,"diverge, branch off; fork in road",3134,6,No,Tier 4: Rare / Surname (>3500 or Unranked),1 Card (Recognition Only),"junda_auto_import, junda_tier_tier_3"
1786803213909,饵,ěr,"bait; bait, entice; dumplings",3135,N/A,No,Tier 4: Rare / Surname (>3500 or Unranked),1 Card (Recognition Only),"junda_auto_import, junda_tier_tier_3"
1786803213911,韧,rèn,"strong and pliable, resilient",3137,6,No,Tier 4: Rare / Surname (>3500 or Unranked),1 Card (Recognition Only),"junda_auto_import, junda_tier_tier_3"
1786803213914,琪,qí,type of jade,3138,N/A,No,Tier 4: Rare / Surname (>3500 or Unranked),1 Card (Recognition Only),"junda_auto_import, junda_tier_tier_3"
1786803213916,邹,zōu,name of an ancient state; surname,3139,N/A,Yes,Tier 4: Rare / Surname (>3500 or Unranked),1 Card (Recognition Only),"junda_auto_import, junda_tier_tier_3"
1786803213919,瑚,hú,coral; person of virtue,3140,N/A,No,Tier 4: Rare / Surname (>3500 or Unranked),1 Card (Recognition Only),"junda_auto_import, junda_tier_tier_3"
1786803213921,憋,biē,to suppress inner feelings; hasty,3141,6,No,Tier 4: Rare / Surname (>3500 or Unranked),1 Card (Recognition Only),"junda_auto_import, junda_tier_tier_3"
1786803213923,殆,dài,"dangerous, perilous; endanger",3142,N/A,No,Tier 4: Rare / Surname (>3500 or Unranked),1 Card (Recognition Only),"junda_auto_import, junda_tier_tier_3"
1786803213926,噜,lū,"verbose, talkative; mumbling",3143,N/A,No,Tier 4: Rare / Surname (>3500 or Unranked),1 Card (Recognition Only),"junda_auto_import, junda_tier_tier_3"
1786803213929,忒,tè,excessive; too; very-usually of objectionable things; to err; to mistake; changeable,3144,N/A,No,Tier 4: Rare / Surname (>3500 or Unranked),1 Card (Recognition Only),"junda_auto_import, junda_tier_tier_3"
1786803213931,忿,fèn,"get angry; fury, exasperation",3145,N/A,No,Tier 4: Rare / Surname (>3500 or Unranked),1 Card (Recognition Only),"junda_auto_import, junda_tier_tier_3"
1786803213934,衅,xìn,consecrate sacrificial vessels by smearing blood; rift,3146,6,No,Tier 4: Rare / Surname (>3500 or Unranked),1 Card (Recognition Only),"junda_auto_import, junda_tier_tier_3"
1786803213938,淳,chún,"honest, simple, unsophisticated; cyanogen; ethane dinitrile",3147,N/A,No,Tier 4: Rare / Surname (>3500 or Unranked),1 Card (Recognition Only),"junda_auto_import, junda_tier_tier_3"
1786803213941,悖,bèi,"be contradictory to, go counter",3148,N/A,No,Tier 4: Rare / Surname (>3500 or Unranked),1 Card (Recognition Only),"junda_auto_import, junda_tier_tier_3"
1786803213944,髦,máo,flowing hair of young child,3149,5,No,Tier 4: Rare / Surname (>3500 or Unranked),1 Card (Recognition Only),"junda_auto_import, junda_tier_tier_3"
1786803213946,孜,zī,be as diligent as possible,3150,N/A,No,Tier 4: Rare / Surname (>3500 or Unranked),1 Card (Recognition Only),"junda_auto_import, junda_tier_tier_3"
1786803213949,粤,yuè,Guangdong and Guangxi provinces; initial particle,3151,N/A,No,Tier 4: Rare / Surname (>3500 or Unranked),1 Card (Recognition Only),"junda_auto_import, junda_tier_tier_3"
1786803213952,隘,ài,"narrow, confined; a strategic pass",3152,6,No,Tier 4: Rare / Surname (>3500 or Unranked),1 Card (Recognition Only),"junda_auto_import, junda_tier_tier_3"
1786803213955,铮,zhēng,clanging sound; small gong,3154,N/A,No,Tier 4: Rare / Surname (>3500 or Unranked),1 Card (Recognition Only),"junda_auto_import, junda_tier_tier_3"
1786803213958,畸,jī,"odd, fractional, remainder, odds",3155,N/A,No,Tier 4: Rare / Surname (>3500 or Unranked),1 Card (Recognition Only),"junda_auto_import, junda_tier_tier_3"
1786803213960,剔,tī,pick out; scrape off; scrape meat,3156,6,No,Tier 4: Rare / Surname (>3500 or Unranked),1 Card (Recognition Only),"junda_auto_import, junda_tier_tier_3"
1786803213962,坞,wù,"entrenchment, bank, low wall",3157,N/A,No,Tier 4: Rare / Surname (>3500 or Unranked),1 Card (Recognition Only),"junda_auto_import, junda_tier_tier_3"
1786803213965,篱,lí,bamboo or wooden fence; hedge,3158,N/A,No,Tier 4: Rare / Surname (>3500 or Unranked),1 Card (Recognition Only),"junda_auto_import, junda_tier_tier_3"
1786803213968,蓦,mò,"suddenly, quickly, abruptly",3160,N/A,No,Tier 4: Rare / Surname (>3500 or Unranked),1 Card (Recognition Only),"junda_auto_import, junda_tier_tier_3"
1786803213970,锣,luó,gong,3162,N/A,No,Tier 4: Rare / Surname (>3500 or Unranked),1 Card (Recognition Only),"junda_auto_import, junda_tier_tier_3"
1786803213972,汀,tīng,"sandbar, beach, bank, shore",3163,N/A,No,Tier 4: Rare / Surname (>3500 or Unranked),1 Card (Recognition Only),"junda_auto_import, junda_tier_tier_3"
1786803213974,趾,zhǐ,"toe; tracks, footprints",3164,N/A,No,Tier 4: Rare / Surname (>3500 or Unranked),1 Card (Recognition Only),"junda_auto_import, junda_tier_tier_3"
1786803213976,缉,jī,to sew in close stitches,3165,6,No,Tier 4: Rare / Surname (>3500 or Unranked),1 Card (Recognition Only),"junda_auto_import, junda_tier_tier_3"
1786803213978,嫦,cháng,name of a moon goddess,3166,N/A,No,Tier 4: Rare / Surname (>3500 or Unranked),1 Card (Recognition Only),"junda_auto_import, junda_tier_tier_3"
1786803213980,斟,zhēn,to pour wine or tea into a cup; to gauge,3167,6,No,Tier 4: Rare / Surname (>3500 or Unranked),1 Card (Recognition Only),"junda_auto_import, junda_tier_tier_3"
1786803213983,鞍,ān,saddle; any saddle-shaped object,3168,N/A,No,Tier 4: Rare / Surname (>3500 or Unranked),1 Card (Recognition Only),"junda_auto_import, junda_tier_tier_3"
1786803213985,拴,shuān,"bind with rope, fasten",3170,N/A,No,Tier 4: Rare / Surname (>3500 or Unranked),1 Card (Recognition Only),"junda_auto_import, junda_tier_tier_3"
1786803213987,诅,zǔ,"curse; swear, pledge",3171,N/A,No,Tier 4: Rare / Surname (>3500 or Unranked),1 Card (Recognition Only),"junda_auto_import, junda_tier_tier_3"
1786803213990,谟,mó,"scheme, plan; plan; be without",3172,N/A,No,Tier 4: Rare / Surname (>3500 or Unranked),1 Card (Recognition Only),"junda_auto_import, junda_tier_tier_3"
1786803213992,呃,è,belch; hiccup,3173,N/A,No,Tier 4: Rare / Surname (>3500 or Unranked),1 Card (Recognition Only),"junda_auto_import, junda_tier_tier_3"
1786803213994,懦,nuò,"weak, timid, cowardly",3174,N/A,No,Tier 4: Rare / Surname (>3500 or Unranked),1 Card (Recognition Only),"junda_auto_import, junda_tier_tier_3"
1786803213996,犁,lí,plow,3176,N/A,No,Tier 4: Rare / Surname (>3500 or Unranked),1 Card (Recognition Only),"junda_auto_import, junda_tier_tier_3"
1786803213998,忏,chàn,"regret, repent; confess sins",3177,N/A,No,Tier 4: Rare / Surname (>3500 or Unranked),1 Card (Recognition Only),"junda_auto_import, junda_tier_tier_3"
1786803214000,拧,níng,"pinch; twist, wring; determined",3178,6,No,Tier 4: Rare / Surname (>3500 or Unranked),1 Card (Recognition Only),"junda_auto_import, junda_tier_tier_3"
1786803214003,佟,tóng,a name,3180,N/A,No,Tier 4: Rare / Surname (>3500 or Unranked),1 Card (Recognition Only),"junda_auto_import, junda_tier_tier_3"
1786803214005,叱,chì,"scold, shout at, bawl out",3181,N/A,No,Tier 4: Rare / Surname (>3500 or Unranked),1 Card (Recognition Only),"junda_auto_import, junda_tier_tier_3"
1786803214007,舜,shùn,legendary ruler,3182,N/A,No,Tier 4: Rare / Surname (>3500 or Unranked),1 Card (Recognition Only),"junda_auto_import, junda_tier_tier_3"
1786803214010,龚,gōng,"give, present; reverential",3184,N/A,No,Tier 4: Rare / Surname (>3500 or Unranked),1 Card (Recognition Only),"junda_auto_import, junda_tier_tier_3"
1786803214012,腮,sāi,lower part of face; jaw; gills of a fish,3185,N/A,No,Tier 4: Rare / Surname (>3500 or Unranked),1 Card (Recognition Only),"junda_auto_import, junda_tier_tier_3"
1786803214014,邸,dǐ,"official residence, residence of",3186,N/A,No,Tier 4: Rare / Surname (>3500 or Unranked),1 Card (Recognition Only),"junda_auto_import, junda_tier_tier_3"
1786803214017,蔚,wèi,"luxuriant, thick; ornamental",3188,6,No,Tier 4: Rare / Surname (>3500 or Unranked),1 Card (Recognition Only),"junda_auto_import, junda_tier_tier_3"
1786803214021,眶,kuàng,eye socket; rim of eye,3191,6,No,Tier 4: Rare / Surname (>3500 or Unranked),1 Card (Recognition Only),"junda_auto_import, junda_tier_tier_3"
1786803214026,栈,zhàn,"warehouse; tavern, inn",3192,N/A,No,Tier 4: Rare / Surname (>3500 or Unranked),1 Card (Recognition Only),"junda_auto_import, junda_tier_tier_3"
1786803214029,薇,wēi,"Osmunda regalis, a species of fern",3193,N/A,No,Tier 4: Rare / Surname (>3500 or Unranked),1 Card (Recognition Only),"junda_auto_import, junda_tier_tier_3"
1786803214031,肮,āng,dirty,3194,N/A,No,Tier 4: Rare / Surname (>3500 or Unranked),1 Card (Recognition Only),"junda_auto_import, junda_tier_tier_3"
1786803214034,瀑,pù,"waterfall, cascade; heavy rain",3195,6,No,Tier 4: Rare / Surname (>3500 or Unranked),1 Card (Recognition Only),"junda_auto_import, junda_tier_tier_3"
1786803214036,褂,guà,"jacket, overcoat, coat; gown",3197,N/A,No,Tier 4: Rare / Surname (>3500 or Unranked),1 Card (Recognition Only),"junda_auto_import, junda_tier_tier_3"
1786803214039,叽,jī,sigh in disapproval; take small,3198,N/A,No,Tier 4: Rare / Surname (>3500 or Unranked),1 Card (Recognition Only),"junda_auto_import, junda_tier_tier_3"
1786803214042,臀,tún,buttocks,3199,N/A,No,Tier 4: Rare / Surname (>3500 or Unranked),1 Card (Recognition Only),"junda_auto_import, junda_tier_tier_3"
1786803214045,妞,niū,girl,3200,N/A,No,Tier 4: Rare / Surname (>3500 or Unranked),1 Card (Recognition Only),"junda_auto_import, junda_tier_tier_3"
1786803214047,巍,wēi,"high, lofty, majestic, eminent",3201,N/A,No,Tier 4: Rare / Surname (>3500 or Unranked),1 Card (Recognition Only),"junda_auto_import, junda_tier_tier_3"
1786803214050,唔,wú,"hold in mouth; bite; (Cant.) not, negation",3202,N/A,No,Tier 4: Rare / Surname (>3500 or Unranked),1 Card (Recognition Only),"junda_auto_import, junda_tier_tier_3"
1786803214053,疚,jiù,"chronic disease, chronic illness; sorrow",3203,N/A,No,Tier 4: Rare / Surname (>3500 or Unranked),1 Card (Recognition Only),"junda_auto_import, junda_tier_tier_3"
1786803214056,鲤,lǐ,carp,3204,N/A,No,Tier 4: Rare / Surname (>3500 or Unranked),1 Card (Recognition Only),"junda_auto_import, junda_tier_tier_3"
1786803214059,戎,róng,"arms, armaments; military affair",3205,N/A,No,Tier 4: Rare / Surname (>3500 or Unranked),1 Card (Recognition Only),"junda_auto_import, junda_tier_tier_3"
1786803214062,肇,zhào,"begin, commence, originate",3206,N/A,No,Tier 4: Rare / Surname (>3500 or Unranked),1 Card (Recognition Only),"junda_auto_import, junda_tier_tier_3"
1786803214064,笃,dǔ,"deep, true, sincere, genuine",3207,N/A,No,Tier 4: Rare / Surname (>3500 or Unranked),1 Card (Recognition Only),"junda_auto_import, junda_tier_tier_3"
1786803214067,辙,zhé,"wagon ruts, wheel tracks",3208,6,No,Tier 4: Rare / Surname (>3500 or Unranked),1 Card (Recognition Only),"junda_auto_import, junda_tier_tier_3"
1786803214070,娴,xián,"elegant, refined; skillful",3209,N/A,No,Tier 4: Rare / Surname (>3500 or Unranked),1 Card (Recognition Only),"junda_auto_import, junda_tier_tier_3"
1786803214072,阮,ruǎn,ancient musical instrument: surname,3210,N/A,Yes,Tier 4: Rare / Surname (>3500 or Unranked),1 Card (Recognition Only),"junda_auto_import, junda_tier_tier_3"
1786803214075,札,zhá,"letter, note; correspondence",3211,N/A,No,Tier 4: Rare / Surname (>3500 or Unranked),1 Card (Recognition Only),"junda_auto_import, junda_tier_tier_3"
1786803214077,懊,ào,"vexed, worried, nervous; regret",3212,N/A,No,Tier 4: Rare / Surname (>3500 or Unranked),1 Card (Recognition Only),"junda_auto_import, junda_tier_tier_3"
1786803214079,焘,dào,"shine, illuminate; cover, envelope",3213,N/A,No,Tier 4: Rare / Surname (>3500 or Unranked),1 Card (Recognition Only),"junda_auto_import, junda_tier_tier_3"
1786803214084,恤,xù,"show pity; relieve, help",3214,N/A,No,Tier 4: Rare / Surname (>3500 or Unranked),1 Card (Recognition Only),"junda_auto_import, junda_tier_tier_3"
1786803214086,疹,zhěn,measles; rash; fever,3215,N/A,No,Tier 4: Rare / Surname (>3500 or Unranked),1 Card (Recognition Only),"junda_auto_import, junda_tier_tier_3"
1786803214089,潇,xiāo,sound of beating wind and rain,3216,6,No,Tier 4: Rare / Surname (>3500 or Unranked),1 Card (Recognition Only),"junda_auto_import, junda_tier_tier_3"
1786803214092,铝,lǚ,aluminum,3217,N/A,No,Tier 4: Rare / Surname (>3500 or Unranked),1 Card (Recognition Only),"junda_auto_import, junda_tier_tier_3"
1786803214094,涤,dí,"wash, cleanse, purify; sweep",3218,N/A,No,Tier 4: Rare / Surname (>3500 or Unranked),1 Card (Recognition Only),"junda_auto_import, junda_tier_tier_3"
1786803214096,恃,shì,"rely on, presume on, trust to",3219,N/A,No,Tier 4: Rare / Surname (>3500 or Unranked),1 Card (Recognition Only),"junda_auto_import, junda_tier_tier_3"
1786803214100,喽,lóu,used in onomatopoetic expressions,3220,N/A,No,Tier 4: Rare / Surname (>3500 or Unranked),1 Card (Recognition Only),"junda_auto_import, junda_tier_tier_3"
1786803214103,砌,qì,"to build, pile up; stone steps, brick walk",3221,N/A,No,Tier 4: Rare / Surname (>3500 or Unranked),1 Card (Recognition Only),"junda_auto_import, junda_tier_tier_3"
1786803214105,遁,dùn,"hide, conceal oneself; escape",3222,N/A,No,Tier 4: Rare / Surname (>3500 or Unranked),1 Card (Recognition Only),"junda_auto_import, junda_tier_tier_3"
1786803214108,楞,léng,used for Ceylon in Buddhist texts,3223,N/A,No,Tier 4: Rare / Surname (>3500 or Unranked),1 Card (Recognition Only),"junda_auto_import, junda_tier_tier_3"
1786803214112,咎,jiù,"fault, defect; error, mistake",3225,N/A,No,Tier 4: Rare / Surname (>3500 or Unranked),1 Card (Recognition Only),"junda_auto_import, junda_tier_tier_3"
1786803214116,洼,wā,hollow; pit; depression; swamp,3226,N/A,No,Tier 4: Rare / Surname (>3500 or Unranked),1 Card (Recognition Only),"junda_auto_import, junda_tier_tier_3"
1786803214119,炳,bǐng,"bright, luminous; glorious",3227,N/A,No,Tier 4: Rare / Surname (>3500 or Unranked),1 Card (Recognition Only),"junda_auto_import, junda_tier_tier_3"
1786803214121,噬,shì,bite; gnaw; snap at,3228,N/A,No,Tier 4: Rare / Surname (>3500 or Unranked),1 Card (Recognition Only),"junda_auto_import, junda_tier_tier_3"
1786803214124,枫,fēng,maple tree,3229,N/A,No,Tier 4: Rare / Surname (>3500 or Unranked),1 Card (Recognition Only),"junda_auto_import, junda_tier_tier_3"
1786803214126,拷,kǎo,torture and interrogate; hit,3230,N/A,No,Tier 4: Rare / Surname (>3500 or Unranked),1 Card (Recognition Only),"junda_auto_import, junda_tier_tier_3"
1786803214128,哆,duō,"tremble, shiver, shudder, quiver",3231,6,No,Tier 4: Rare / Surname (>3500 or Unranked),1 Card (Recognition Only),"junda_auto_import, junda_tier_tier_3"
1786803214130,矶,jī,jetty; submerged rock; eddy,3232,N/A,No,Tier 4: Rare / Surname (>3500 or Unranked),1 Card (Recognition Only),"junda_auto_import, junda_tier_tier_3"
1786803214134,苇,wěi,reed,3233,N/A,No,Tier 4: Rare / Surname (>3500 or Unranked),1 Card (Recognition Only),"junda_auto_import, junda_tier_tier_3"
1786803214136,翩,piān,"fly, flutter",3234,N/A,No,Tier 4: Rare / Surname (>3500 or Unranked),1 Card (Recognition Only),"junda_auto_import, junda_tier_tier_3"
1786803214139,窒,zhì,"stop up, obstruct",3235,N/A,No,Tier 4: Rare / Surname (>3500 or Unranked),1 Card (Recognition Only),"junda_auto_import, junda_tier_tier_3"
1786803214141,侬,nóng,I; you; family name,3236,N/A,Yes,Tier 4: Rare / Surname (>3500 or Unranked),1 Card (Recognition Only),"junda_auto_import, junda_tier_tier_3"
1786803214144,靶,bǎ,target; splashboard on chariot,3237,N/A,No,Tier 4: Rare / Surname (>3500 or Unranked),1 Card (Recognition Only),"junda_auto_import, junda_tier_tier_3"
1786803214146,胰,yí,pancreas; soap,3238,N/A,No,Tier 4: Rare / Surname (>3500 or Unranked),1 Card (Recognition Only),"junda_auto_import, junda_tier_tier_3"
1786803214150,芜,wú,luxurious growth of weeds,3239,N/A,No,Tier 4: Rare / Surname (>3500 or Unranked),1 Card (Recognition Only),"junda_auto_import, junda_tier_tier_3"
1786803214152,嚎,háo,"cry loudly, yell, scream",3241,N/A,No,Tier 4: Rare / Surname (>3500 or Unranked),1 Card (Recognition Only),"junda_auto_import, junda_tier_tier_3"
1786803214155,幌,huǎng,"curtain, cloth screen",3243,N/A,No,Tier 4: Rare / Surname (>3500 or Unranked),1 Card (Recognition Only),"junda_auto_import, junda_tier_tier_3"
1786803214158,踉,liáng,"hop, jump; hurriedly, urgently",3244,N/A,No,Tier 4: Rare / Surname (>3500 or Unranked),1 Card (Recognition Only),"junda_auto_import, junda_tier_tier_3"
1786803214160,佃,diàn,tenant farmer; be a tenant farmer,3245,N/A,No,Tier 4: Rare / Surname (>3500 or Unranked),1 Card (Recognition Only),"junda_auto_import, junda_tier_tier_3"
1786803214162,皖,wǎn,Anhui province,3247,N/A,No,Tier 4: Rare / Surname (>3500 or Unranked),1 Card (Recognition Only),"junda_auto_import, junda_tier_tier_3"
1786803214166,拽,zhuāi,"drag, tow; throw; twist",3248,6,No,Tier 4: Rare / Surname (>3500 or Unranked),1 Card (Recognition Only),"junda_auto_import, junda_tier_tier_3"
1786803214168,滤,lǜ,"strain out, filter",3249,6,No,Tier 4: Rare / Surname (>3500 or Unranked),1 Card (Recognition Only),"junda_auto_import, junda_tier_tier_3"
1786803214171,睬,cǎi,notice; pay attention to,3250,6,No,Tier 4: Rare / Surname (>3500 or Unranked),1 Card (Recognition Only),"junda_auto_import, junda_tier_tier_3"
1786803214173,谤,bàng,"slander, libel",3253,6,No,Tier 4: Rare / Surname (>3500 or Unranked),1 Card (Recognition Only),"junda_auto_import, junda_tier_tier_3"
1786803214175,嗤,chī,"laugh at, ridicule, sneer; snort",3254,N/A,No,Tier 4: Rare / Surname (>3500 or Unranked),1 Card (Recognition Only),"junda_auto_import, junda_tier_tier_3"
1786803214178,捍,hàn,"ward off, guard against, defend",3255,6,No,Tier 4: Rare / Surname (>3500 or Unranked),1 Card (Recognition Only),"junda_auto_import, junda_tier_tier_3"
1786803214181,孵,fū,"sit on eggs, hatch",3256,N/A,No,Tier 4: Rare / Surname (>3500 or Unranked),1 Card (Recognition Only),"junda_auto_import, junda_tier_tier_3"
1786803214183,倪,ní,"feeble, tiny, young and weak",3257,N/A,No,Tier 4: Rare / Surname (>3500 or Unranked),1 Card (Recognition Only),"junda_auto_import, junda_tier_tier_3"
1786803214185,敝,bì,"break, destroy; broken, tattered",3259,N/A,No,Tier 4: Rare / Surname (>3500 or Unranked),1 Card (Recognition Only),"junda_auto_import, junda_tier_tier_3"
1786803214188,匡,kuāng,"correct, restore, revise",3260,N/A,No,Tier 4: Rare / Surname (>3500 or Unranked),1 Card (Recognition Only),"junda_auto_import, junda_tier_tier_3"
1786803214190,绫,líng,"thin silk, damask silk",3262,N/A,No,Tier 4: Rare / Surname (>3500 or Unranked),1 Card (Recognition Only),"junda_auto_import, junda_tier_tier_3"
1786803214193,淆,xiáo,"confused, in disarray, mixed up",3263,6,No,Tier 4: Rare / Surname (>3500 or Unranked),1 Card (Recognition Only),"junda_auto_import, junda_tier_tier_3"
1786803214195,尧,yáo,a legendary ancient emperor-sage,3264,N/A,No,Tier 4: Rare / Surname (>3500 or Unranked),1 Card (Recognition Only),"junda_auto_import, junda_tier_tier_3"
1786803214197,蕊,ruǐ,"unopened flowers, flower buds",3265,N/A,No,Tier 4: Rare / Surname (>3500 or Unranked),1 Card (Recognition Only),"junda_auto_import, junda_tier_tier_3"
1786803214200,烘,hōng,"bake, roast; dry by fire",3266,6,No,Tier 4: Rare / Surname (>3500 or Unranked),1 Card (Recognition Only),"junda_auto_import, junda_tier_tier_3"
1786803214204,璋,zhāng,jade plaything; jade ornament,3267,N/A,No,Tier 4: Rare / Surname (>3500 or Unranked),1 Card (Recognition Only),"junda_auto_import, junda_tier_tier_3"
1786803214207,亢,kàng,"high, proud; violent, excessive; skilled; name",3268,N/A,No,Tier 4: Rare / Surname (>3500 or Unranked),1 Card (Recognition Only),"junda_auto_import, junda_tier_tier_3"
1786803214211,轧,yà,crush by weight; grind,3269,N/A,No,Tier 4: Rare / Surname (>3500 or Unranked),1 Card (Recognition Only),"junda_auto_import, junda_tier_tier_3"
1786803214214,赂,lù,bribe; give present,3270,6,No,Tier 4: Rare / Surname (>3500 or Unranked),1 Card (Recognition Only),"junda_auto_import, junda_tier_tier_3"
1786803214216,蝗,huáng,kind of locust,3271,N/A,No,Tier 4: Rare / Surname (>3500 or Unranked),1 Card (Recognition Only),"junda_auto_import, junda_tier_tier_3"
1786803214219,榆,yú,elm tree,3272,N/A,No,Tier 4: Rare / Surname (>3500 or Unranked),1 Card (Recognition Only),"junda_auto_import, junda_tier_tier_3"
1786803214222,骏,jùn,"excellent horse, noble steed",3273,N/A,No,Tier 4: Rare / Surname (>3500 or Unranked),1 Card (Recognition Only),"junda_auto_import, junda_tier_tier_3"
1786803214225,诛,zhū,"execute, kill, put to death; punish",3274,N/A,No,Tier 4: Rare / Surname (>3500 or Unranked),1 Card (Recognition Only),"junda_auto_import, junda_tier_tier_3"
1786803214799,梵,fàn,"Buddhist, Sanskrit",3276,N/A,No,Tier 4: Rare / Surname (>3500 or Unranked),1 Card (Recognition Only),"junda_auto_import, junda_tier_tier_3"
1786803214809,炽,chì,"burning-hot, intense; to burn, blaze; splendid, illustrious",3277,N/A,No,Tier 4: Rare / Surname (>3500 or Unranked),1 Card (Recognition Only),"junda_auto_import, junda_tier_tier_3"
1786803214813,笠,lì,bamboo hat; bamboo covering,3278,N/A,No,Tier 4: Rare / Surname (>3500 or Unranked),1 Card (Recognition Only),"junda_auto_import, junda_tier_tier_3"
1786803214816,颌,hé,mouth; jaw,3279,N/A,No,Tier 4: Rare / Surname (>3500 or Unranked),1 Card (Recognition Only),"junda_auto_import, junda_tier_tier_3"
1786803214818,闸,zhá,"sluice; flood gate, canal lock",3280,N/A,No,Tier 4: Rare / Surname (>3500 or Unranked),1 Card (Recognition Only),"junda_auto_import, junda_tier_tier_3"
1786803214822,狒,fèi,baboon,3281,N/A,No,Tier 4: Rare / Surname (>3500 or Unranked),1 Card (Recognition Only),"junda_auto_import, junda_tier_tier_3"
1786803214825,樊,fán,a railing; a fence an enclosed place,3282,N/A,No,Tier 4: Rare / Surname (>3500 or Unranked),1 Card (Recognition Only),"junda_auto_import, junda_tier_tier_3"
1786803214828,镕,róng,"fuse, melt, smelt; mold",3283,N/A,No,Tier 4: Rare / Surname (>3500 or Unranked),1 Card (Recognition Only),"junda_auto_import, junda_tier_tier_3"
1786803214830,垢,gòu,"dirt, filth, stains; dirty",3284,N/A,No,Tier 4: Rare / Surname (>3500 or Unranked),1 Card (Recognition Only),"junda_auto_import, junda_tier_tier_3"
1786803214832,瘟,wēn,"epidemic, plague, pestilence",3285,N/A,No,Tier 4: Rare / Surname (>3500 or Unranked),1 Card (Recognition Only),"junda_auto_import, junda_tier_tier_3"
1786803214835,缪,móu,"wind around, bind; prepare",3286,N/A,No,Tier 4: Rare / Surname (>3500 or Unranked),1 Card (Recognition Only),"junda_auto_import, junda_tier_tier_3"
1786803214837,琦,qí,"gem, precious stone, jade",3288,N/A,No,Tier 4: Rare / Surname (>3500 or Unranked),1 Card (Recognition Only),"junda_auto_import, junda_tier_tier_3"
1786803214840,剃,tì,shave,3289,N/A,No,Tier 4: Rare / Surname (>3500 or Unranked),1 Card (Recognition Only),"junda_auto_import, junda_tier_tier_3"
1786803214842,溺,nì,drown; submerge in water; indulge,3291,N/A,No,Tier 4: Rare / Surname (>3500 or Unranked),1 Card (Recognition Only),"junda_auto_import, junda_tier_tier_3"
1786803214845,炫,xuàn,"shine, glitter; show off, flaunt",3292,6,No,Tier 4: Rare / Surname (>3500 or Unranked),1 Card (Recognition Only),"junda_auto_import, junda_tier_tier_3"
1786803214847,惚,hū,"absent-minded, confused",3293,N/A,No,Tier 4: Rare / Surname (>3500 or Unranked),1 Card (Recognition Only),"junda_auto_import, junda_tier_tier_3"
1786803214850,陨,yǔn,"fall, slip; let fall; die",3295,N/A,No,Tier 4: Rare / Surname (>3500 or Unranked),1 Card (Recognition Only),"junda_auto_import, junda_tier_tier_3"
1786803214853,赃,zāng,"booty, loot, stolen goods; bribe",3296,N/A,No,Tier 4: Rare / Surname (>3500 or Unranked),1 Card (Recognition Only),"junda_auto_import, junda_tier_tier_3"
1786803214855,羁,jī,"halter; restrain, hold, control",3297,N/A,No,Tier 4: Rare / Surname (>3500 or Unranked),1 Card (Recognition Only),"junda_auto_import, junda_tier_tier_3"
1786803214858,臻,zhēn,"reach, arrive; utmost, superior",3298,N/A,No,Tier 4: Rare / Surname (>3500 or Unranked),1 Card (Recognition Only),"junda_auto_import, junda_tier_tier_3"
1786803214860,嘀,dí,backbite,3299,N/A,No,Tier 4: Rare / Surname (>3500 or Unranked),1 Card (Recognition Only),"junda_auto_import, junda_tier_tier_3"
1786803214863,膳,shàn,"meals, provisions, board",3300,N/A,No,Tier 4: Rare / Surname (>3500 or Unranked),1 Card (Recognition Only),"junda_auto_import, junda_tier_tier_3"
1786803214864,赣,gàn,Jiangxi province; places therein,3301,N/A,No,Tier 4: Rare / Surname (>3500 or Unranked),1 Card (Recognition Only),"junda_auto_import, junda_tier_tier_3"
1786803214867,踌,chóu,"hesitate, falter; smug, self-satisfied",3302,N/A,No,Tier 4: Rare / Surname (>3500 or Unranked),1 Card (Recognition Only),"junda_auto_import, junda_tier_tier_3"
1786803214869,殉,xùn,"die for cause, be martyr for",3303,N/A,No,Tier 4: Rare / Surname (>3500 or Unranked),1 Card (Recognition Only),"junda_auto_import, junda_tier_tier_3"
1786803214871,桔,jú,Chinese bellflower; well-swept; the inner fibers of corn-stalks,3304,5,No,Tier 4: Rare / Surname (>3500 or Unranked),1 Card (Recognition Only),"junda_auto_import, junda_tier_tier_3"
1786803214873,瞿,qú,surname,3305,N/A,Yes,Tier 4: Rare / Surname (>3500 or Unranked),1 Card (Recognition Only),"junda_auto_import, junda_tier_tier_3"
1786803214876,闽,mǐn,fujian province; a river; a tribe,3306,N/A,No,Tier 4: Rare / Surname (>3500 or Unranked),1 Card (Recognition Only),"junda_auto_import, junda_tier_tier_3"
1786803214878,掺,càn,"mix, blend, adulterate",3308,N/A,No,Tier 4: Rare / Surname (>3500 or Unranked),1 Card (Recognition Only),"junda_auto_import, junda_tier_tier_3"
1786803214880,沌,dùn,"chaotic, confused; turbid, murky",3309,N/A,No,Tier 4: Rare / Surname (>3500 or Unranked),1 Card (Recognition Only),"junda_auto_import, junda_tier_tier_3"
1786803214883,喳,zhā,whispering,3311,N/A,No,Tier 4: Rare / Surname (>3500 or Unranked),1 Card (Recognition Only),"junda_auto_import, junda_tier_tier_3"
1786803214885,椭,tuǒ,"oval-shaped, elliptical, tubular",3312,6,No,Tier 4: Rare / Surname (>3500 or Unranked),1 Card (Recognition Only),"junda_auto_import, junda_tier_tier_3"
1786803214887,咪,mī,,3313,N/A,No,Tier 4: Rare / Surname (>3500 or Unranked),1 Card (Recognition Only),"junda_auto_import, junda_tier_tier_3"
1786803214889,霎,shà,"light rain, drizzle; an instant; passing",3314,N/A,No,Tier 4: Rare / Surname (>3500 or Unranked),1 Card (Recognition Only),"junda_auto_import, junda_tier_tier_3"
1786803214891,侃,kǎn,upright and strong; amiable,3315,6,No,Tier 4: Rare / Surname (>3500 or Unranked),1 Card (Recognition Only),"junda_auto_import, junda_tier_tier_3"
1786803214894,猝,cù,"abruptly, suddenly; abrupt",3316,N/A,No,Tier 4: Rare / Surname (>3500 or Unranked),1 Card (Recognition Only),"junda_auto_import, junda_tier_tier_3"
1786803214897,窖,jiào,"pit, cellar",3317,N/A,No,Tier 4: Rare / Surname (>3500 or Unranked),1 Card (Recognition Only),"junda_auto_import, junda_tier_tier_3"
1786803214899,戮,lù,"kill, massacre; oppress",3318,N/A,No,Tier 4: Rare / Surname (>3500 or Unranked),1 Card (Recognition Only),"junda_auto_import, junda_tier_tier_3"
1786803214901,祠,cí,ancestral temple; offer sacrifice,3319,N/A,No,Tier 4: Rare / Surname (>3500 or Unranked),1 Card (Recognition Only),"junda_auto_import, junda_tier_tier_3"
1786803214903,瞩,zhǔ,"watch carefully, stare at, focus on",3320,6,No,Tier 4: Rare / Surname (>3500 or Unranked),1 Card (Recognition Only),"junda_auto_import, junda_tier_tier_3"
1786803214905,菁,jīng,flower of leek family; turnip,3321,N/A,No,Tier 4: Rare / Surname (>3500 or Unranked),1 Card (Recognition Only),"junda_auto_import, junda_tier_tier_3"
1786803214908,躇,chú,"hesitate, falter, be undecided",3322,N/A,No,Tier 4: Rare / Surname (>3500 or Unranked),1 Card (Recognition Only),"junda_auto_import, junda_tier_tier_3"
1786803214911,咄,duō,"noise of rage, cry out in anger",3325,N/A,No,Tier 4: Rare / Surname (>3500 or Unranked),1 Card (Recognition Only),"junda_auto_import, junda_tier_tier_3"
1786803214913,忡,chōng,"a sad, uneasy countenance",3326,N/A,No,Tier 4: Rare / Surname (>3500 or Unranked),1 Card (Recognition Only),"junda_auto_import, junda_tier_tier_3"
1786803214915,雍,yōng,"harmony, union; harmonious",3327,N/A,No,Tier 4: Rare / Surname (>3500 or Unranked),1 Card (Recognition Only),"junda_auto_import, junda_tier_tier_3"
1786803214917,忱,chén,"truth, sincerity; sincere",3328,N/A,No,Tier 4: Rare / Surname (>3500 or Unranked),1 Card (Recognition Only),"junda_auto_import, junda_tier_tier_3"
1786803214920,蕾,lěi,"buds, unopened flowers",3329,6,No,Tier 4: Rare / Surname (>3500 or Unranked),1 Card (Recognition Only),"junda_auto_import, junda_tier_tier_3"
1786803214922,跄,qiāng,walk rapidly,3330,N/A,No,Tier 4: Rare / Surname (>3500 or Unranked),1 Card (Recognition Only),"junda_auto_import, junda_tier_tier_3"
1786803214924,硅,guī,silicon,3331,N/A,No,Tier 4: Rare / Surname (>3500 or Unranked),1 Card (Recognition Only),"junda_auto_import, junda_tier_tier_3"
1786803214929,伎,jì,"talent, skill, ability",3332,N/A,No,Tier 4: Rare / Surname (>3500 or Unranked),1 Card (Recognition Only),"junda_auto_import, junda_tier_tier_3"
1786803214932,炊,chuī,cook; meal,3333,6,No,Tier 4: Rare / Surname (>3500 or Unranked),1 Card (Recognition Only),"junda_auto_import, junda_tier_tier_3"
1786803214934,钊,zhāo,"endeavor, strive; encourage; cut",3334,N/A,No,Tier 4: Rare / Surname (>3500 or Unranked),1 Card (Recognition Only),"junda_auto_import, junda_tier_tier_3"
1786803214936,屎,shǐ,"excrement, shit, dung",3336,N/A,No,Tier 4: Rare / Surname (>3500 or Unranked),1 Card (Recognition Only),"junda_auto_import, junda_tier_tier_3"
1786803214938,谛,dì,"careful, attentive",3338,N/A,No,Tier 4: Rare / Surname (>3500 or Unranked),1 Card (Recognition Only),"junda_auto_import, junda_tier_tier_3"
1786803214941,褪,tuì,"strip, undress; fall off; fade",3339,N/A,No,Tier 4: Rare / Surname (>3500 or Unranked),1 Card (Recognition Only),"junda_auto_import, junda_tier_tier_3"
1786803214944,丞,chéng,"assist, aid, rescue",3340,N/A,No,Tier 4: Rare / Surname (>3500 or Unranked),1 Card (Recognition Only),"junda_auto_import, junda_tier_tier_3"
1786803214946,卉,huì,general term for plants; myriads,3341,N/A,No,Tier 4: Rare / Surname (>3500 or Unranked),1 Card (Recognition Only),"junda_auto_import, junda_tier_tier_3"
1786803214948,隧,suì,"tunnel, underground passageway, path to a tomb",3342,6,No,Tier 4: Rare / Surname (>3500 or Unranked),1 Card (Recognition Only),"junda_auto_import, junda_tier_tier_3"
1786803214950,茸,rōng,"soft, downy; buds, sprouts",3343,N/A,No,Tier 4: Rare / Surname (>3500 or Unranked),1 Card (Recognition Only),"junda_auto_import, junda_tier_tier_3"
1786803214953,钳,qián,"pincers, pliers, tongs; to compress",3344,N/A,No,Tier 4: Rare / Surname (>3500 or Unranked),1 Card (Recognition Only),"junda_auto_import, junda_tier_tier_3"
1786803214955,啃,kěn,"gnaw, chew, bite",3345,6,No,Tier 4: Rare / Surname (>3500 or Unranked),1 Card (Recognition Only),"junda_auto_import, junda_tier_tier_3"
1786803214957,伢,yá,child,3346,N/A,No,Tier 4: Rare / Surname (>3500 or Unranked),1 Card (Recognition Only),"junda_auto_import, junda_tier_tier_3"
1786803214960,蹬,dēng,"step on, tread on; lose energy",3349,6,No,Tier 4: Rare / Surname (>3500 or Unranked),1 Card (Recognition Only),"junda_auto_import, junda_tier_tier_3"
1786803214962,挛,luán,tangled; entwined; crooked,3350,N/A,No,Tier 4: Rare / Surname (>3500 or Unranked),1 Card (Recognition Only),"junda_auto_import, junda_tier_tier_3"
1786803214963,眺,tiào,"look at, gaze at, scan, survey",3351,N/A,No,Tier 4: Rare / Surname (>3500 or Unranked),1 Card (Recognition Only),"junda_auto_import, junda_tier_tier_3"
1786803214965,袱,fú,a piece of cloth used wrap bundles,3352,6,No,Tier 4: Rare / Surname (>3500 or Unranked),1 Card (Recognition Only),"junda_auto_import, junda_tier_tier_3"
1786803214968,陇,lǒng,mountain located between Shanxi,3353,N/A,No,Tier 4: Rare / Surname (>3500 or Unranked),1 Card (Recognition Only),"junda_auto_import, junda_tier_tier_3"
1786803214971,梧,wú,"Chinese parasoltree, Sterculia platanifolia",3356,N/A,No,Tier 4: Rare / Surname (>3500 or Unranked),1 Card (Recognition Only),"junda_auto_import, junda_tier_tier_3"
1786803214973,惺,xīng,"intelligent, clever, astute",3357,N/A,No,Tier 4: Rare / Surname (>3500 or Unranked),1 Card (Recognition Only),"junda_auto_import, junda_tier_tier_3"
1786803214975,弛,chí,"loosen, relax, unstring a bow",3358,N/A,No,Tier 4: Rare / Surname (>3500 or Unranked),1 Card (Recognition Only),"junda_auto_import, junda_tier_tier_3"
1786803214977,侥,jiǎo,"be lucky; by chance, by luck",3359,6,No,Tier 4: Rare / Surname (>3500 or Unranked),1 Card (Recognition Only),"junda_auto_import, junda_tier_tier_3"
1786803214979,琛,chēn,"treasure, valuables",3360,N/A,No,Tier 4: Rare / Surname (>3500 or Unranked),1 Card (Recognition Only),"junda_auto_import, junda_tier_tier_3"
1786803214981,捅,tǒng,jab,3361,N/A,No,Tier 4: Rare / Surname (>3500 or Unranked),1 Card (Recognition Only),"junda_auto_import, junda_tier_tier_3"
1786803214983,曳,yè,"trail, tow, drag, pull",3364,N/A,No,Tier 4: Rare / Surname (>3500 or Unranked),1 Card (Recognition Only),"junda_auto_import, junda_tier_tier_3"
1786803214985,澈,chè,"thoroughly, completely",3365,6,No,Tier 4: Rare / Surname (>3500 or Unranked),1 Card (Recognition Only),"junda_auto_import, junda_tier_tier_3"
1786803214987,锈,xiù,"rust, corrode",3366,6,No,Tier 4: Rare / Surname (>3500 or Unranked),1 Card (Recognition Only),"junda_auto_import, junda_tier_tier_3"
1786803214989,稠,chóu,"dense, crowded, packed; soupy",3367,6,No,Tier 4: Rare / Surname (>3500 or Unranked),1 Card (Recognition Only),"junda_auto_import, junda_tier_tier_3"
1786803214991,眸,móu,pupil of eye; eye,3368,N/A,No,Tier 4: Rare / Surname (>3500 or Unranked),1 Card (Recognition Only),"junda_auto_import, junda_tier_tier_3"
1786803214993,咆,páo,roar,3369,N/A,No,Tier 4: Rare / Surname (>3500 or Unranked),1 Card (Recognition Only),"junda_auto_import, junda_tier_tier_3"
1786803214996,簧,huáng,reed of woodwind instrument,3370,N/A,No,Tier 4: Rare / Surname (>3500 or Unranked),1 Card (Recognition Only),"junda_auto_import, junda_tier_tier_3"
1786803214997,鸥,ōu,"seagull, tern; Larus species (various)",3371,N/A,No,Tier 4: Rare / Surname (>3500 or Unranked),1 Card (Recognition Only),"junda_auto_import, junda_tier_tier_3"
1786803214999,疡,yáng,"ulcers, sores; infection",3372,N/A,No,Tier 4: Rare / Surname (>3500 or Unranked),1 Card (Recognition Only),"junda_auto_import, junda_tier_tier_3"
1786803215001,渎,dú,"ditch, sluice, gutter, drain",3373,N/A,No,Tier 4: Rare / Surname (>3500 or Unranked),1 Card (Recognition Only),"junda_auto_import, junda_tier_tier_3"
1786803215003,汲,jí,draw water from well; imbibe,3374,N/A,No,Tier 4: Rare / Surname (>3500 or Unranked),1 Card (Recognition Only),"junda_auto_import, junda_tier_tier_3"
1786803215005,嬉,xī,"enjoy; play, amuse oneself",3375,N/A,No,Tier 4: Rare / Surname (>3500 or Unranked),1 Card (Recognition Only),"junda_auto_import, junda_tier_tier_3"
1786803215007,脓,nóng,pus,3376,N/A,No,Tier 4: Rare / Surname (>3500 or Unranked),1 Card (Recognition Only),"junda_auto_import, junda_tier_tier_3"
1786803215009,骡,luó,mule,3377,N/A,No,Tier 4: Rare / Surname (>3500 or Unranked),1 Card (Recognition Only),"junda_auto_import, junda_tier_tier_3"
1786803215011,穗,suì,ear of grain; tassel; Guangzhou,3378,N/A,No,Tier 4: Rare / Surname (>3500 or Unranked),1 Card (Recognition Only),"junda_auto_import, junda_tier_tier_3"
1786803215013,槛,kǎn,"threshold, door-sill",3379,N/A,No,Tier 4: Rare / Surname (>3500 or Unranked),1 Card (Recognition Only),"junda_auto_import, junda_tier_tier_3"
1786803215015,巳,sì,the hours from 9 to 11; 6th terrestrial branch,3381,N/A,No,Tier 4: Rare / Surname (>3500 or Unranked),1 Card (Recognition Only),"junda_auto_import, junda_tier_tier_3"
1786803215017,邢,xíng,,3382,N/A,No,Tier 4: Rare / Surname (>3500 or Unranked),1 Card (Recognition Only),"junda_auto_import, junda_tier_tier_3"
1786803215019,搀,chān,give helping hand,3384,6,No,Tier 4: Rare / Surname (>3500 or Unranked),1 Card (Recognition Only),"junda_auto_import, junda_tier_tier_3"
1786803215021,曙,shǔ,"bright, light of rising sun",3385,N/A,No,Tier 4: Rare / Surname (>3500 or Unranked),1 Card (Recognition Only),"junda_auto_import, junda_tier_tier_3"
1786803215023,樵,qiáo,woodcutter; firewood; gather wood,3386,N/A,No,Tier 4: Rare / Surname (>3500 or Unranked),1 Card (Recognition Only),"junda_auto_import, junda_tier_tier_3"
1786803215025,隅,yú,"corner, nook, remote place",3387,N/A,No,Tier 4: Rare / Surname (>3500 or Unranked),1 Card (Recognition Only),"junda_auto_import, junda_tier_tier_3"
1786803215027,筛,shāi,"sieve, filter, screen; sift",3388,6,No,Tier 4: Rare / Surname (>3500 or Unranked),1 Card (Recognition Only),"junda_auto_import, junda_tier_tier_3"
1786803215029,谒,yè,"visit, pay respects",3389,N/A,No,Tier 4: Rare / Surname (>3500 or Unranked),1 Card (Recognition Only),"junda_auto_import, junda_tier_tier_3"
1786803215031,倭,wō,"dwarf; dwarfish, short",3390,N/A,No,Tier 4: Rare / Surname (>3500 or Unranked),1 Card (Recognition Only),"junda_auto_import, junda_tier_tier_3"
1786803215033,痹,bì,"paralysis, numbness",3391,6,No,Tier 4: Rare / Surname (>3500 or Unranked),1 Card (Recognition Only),"junda_auto_import, junda_tier_tier_3"
1786803215036,猖,chāng,"mad, wild, reckless, unruly",3392,N/A,No,Tier 4: Rare / Surname (>3500 or Unranked),1 Card (Recognition Only),"junda_auto_import, junda_tier_tier_3"
1786803215037,佯,yáng,"pretend, feign; false, deceitful",3393,N/A,No,Tier 4: Rare / Surname (>3500 or Unranked),1 Card (Recognition Only),"junda_auto_import, junda_tier_tier_3"
1786803215039,肛,gāng,anus,3394,N/A,No,Tier 4: Rare / Surname (>3500 or Unranked),1 Card (Recognition Only),"junda_auto_import, junda_tier_tier_3"
1786803215041,奚,xī,where? what? how? why?; servant,3395,N/A,No,Tier 4: Rare / Surname (>3500 or Unranked),1 Card (Recognition Only),"junda_auto_import, junda_tier_tier_3"
1786803215043,甭,béng,there is no need,3396,6,No,Tier 4: Rare / Surname (>3500 or Unranked),1 Card (Recognition Only),"junda_auto_import, junda_tier_tier_3"
1786803215045,抨,pēng,"impeach, censure; attack",3397,N/A,No,Tier 4: Rare / Surname (>3500 or Unranked),1 Card (Recognition Only),"junda_auto_import, junda_tier_tier_3"
1786803215047,蛾,é,moth,3398,N/A,No,Tier 4: Rare / Surname (>3500 or Unranked),1 Card (Recognition Only),"junda_auto_import, junda_tier_tier_3"
1786803215049,唠,láo,"chat, jaw, gossip, talk",3399,6,No,Tier 4: Rare / Surname (>3500 or Unranked),1 Card (Recognition Only),"junda_auto_import, junda_tier_tier_3"
1786803215051,荧,yíng,"shine, shimmer; shining, dazzling",3400,N/A,No,Tier 4: Rare / Surname (>3500 or Unranked),1 Card (Recognition Only),"junda_auto_import, junda_tier_tier_3"
1786803215053,嵩,sōng,"high, lofty; one of the 5 peaks, situated in Hunan",3401,N/A,No,Tier 4: Rare / Surname (>3500 or Unranked),1 Card (Recognition Only),"junda_auto_import, junda_tier_tier_3"
1786803215056,漱,shù,"gargle, rinse; wash, scour",3402,N/A,No,Tier 4: Rare / Surname (>3500 or Unranked),1 Card (Recognition Only),"junda_auto_import, junda_tier_tier_3"
1786803215058,攘,rǎng,"seize, take by force; repel",3404,N/A,No,Tier 4: Rare / Surname (>3500 or Unranked),1 Card (Recognition Only),"junda_auto_import, junda_tier_tier_3"
1786803215060,诘,jí,"question, interrogate",3405,N/A,No,Tier 4: Rare / Surname (>3500 or Unranked),1 Card (Recognition Only),"junda_auto_import, junda_tier_tier_3"
1786803215062,篡,cuàn,usurp,3406,N/A,No,Tier 4: Rare / Surname (>3500 or Unranked),1 Card (Recognition Only),"junda_auto_import, junda_tier_tier_3"
1786803215064,睿,ruì,"shrewd, astute, clever, keen",3407,N/A,No,Tier 4: Rare / Surname (>3500 or Unranked),1 Card (Recognition Only),"junda_auto_import, junda_tier_tier_3"
1786803215065,怅,chàng,"disappointed, dissatisfied",3409,N/A,No,Tier 4: Rare / Surname (>3500 or Unranked),1 Card (Recognition Only),"junda_auto_import, junda_tier_tier_3"
1786803215067,盎,àng,cup; pot; bowl; abundant,3410,N/A,No,Tier 4: Rare / Surname (>3500 or Unranked),1 Card (Recognition Only),"junda_auto_import, junda_tier_tier_3"
1786803215069,徙,xǐ,,3411,6,No,Tier 4: Rare / Surname (>3500 or Unranked),1 Card (Recognition Only),"junda_auto_import, junda_tier_tier_3"
1786803215071,鞅,yāng,,3412,N/A,No,Tier 4: Rare / Surname (>3500 or Unranked),1 Card (Recognition Only),"junda_auto_import, junda_tier_tier_3"
1786803215074,漓,lí,river in Guangxi province; water dripping,3413,N/A,No,Tier 4: Rare / Surname (>3500 or Unranked),1 Card (Recognition Only),"junda_auto_import, junda_tier_tier_3"
1786803215077,睫,jié,eyelashes,3415,N/A,No,Tier 4: Rare / Surname (>3500 or Unranked),1 Card (Recognition Only),"junda_auto_import, junda_tier_tier_3"
1786803215079,攸,yōu,"distant, far; adverbial prefix",3416,N/A,No,Tier 4: Rare / Surname (>3500 or Unranked),1 Card (Recognition Only),"junda_auto_import, junda_tier_tier_3"
1786803215081,翎,líng,feather; plume; wing,3417,N/A,No,Tier 4: Rare / Surname (>3500 or Unranked),1 Card (Recognition Only),"junda_auto_import, junda_tier_tier_3"
1786803215082,筐,kuāng,bamboo basket or chest,3419,6,No,Tier 4: Rare / Surname (>3500 or Unranked),1 Card (Recognition Only),"junda_auto_import, junda_tier_tier_3"
1786803215085,堑,qiàn,"moat, trench, pit, cavity",3420,N/A,No,Tier 4: Rare / Surname (>3500 or Unranked),1 Card (Recognition Only),"junda_auto_import, junda_tier_tier_3"
1786803215087,檀,tán,"sandalwood, hardwood; surname",3421,N/A,Yes,Tier 4: Rare / Surname (>3500 or Unranked),1 Card (Recognition Only),"junda_auto_import, junda_tier_tier_3"
1786803215088,寅,yín,"to respect, reverence; respectfully; 3rd terrestrial branch",3422,N/A,No,Tier 4: Rare / Surname (>3500 or Unranked),1 Card (Recognition Only),"junda_auto_import, junda_tier_tier_3"
1786803215090,磊,lěi,pile of rocks or stones; great,3423,N/A,No,Tier 4: Rare / Surname (>3500 or Unranked),1 Card (Recognition Only),"junda_auto_import, junda_tier_tier_3"
1786803215092,惘,wǎng,"disconcerted, dejected, discouraged",3425,N/A,No,Tier 4: Rare / Surname (>3500 or Unranked),1 Card (Recognition Only),"junda_auto_import, junda_tier_tier_3"
1786803215094,吠,fèi,bark,3426,N/A,No,Tier 4: Rare / Surname (>3500 or Unranked),1 Card (Recognition Only),"junda_auto_import, junda_tier_tier_3"
1786803215096,驮,tuó,carry on back,3427,N/A,No,Tier 4: Rare / Surname (>3500 or Unranked),1 Card (Recognition Only),"junda_auto_import, junda_tier_tier_3"
1786803215098,瑙,nǎo,agate; cornelian,3428,N/A,No,Tier 4: Rare / Surname (>3500 or Unranked),1 Card (Recognition Only),"junda_auto_import, junda_tier_tier_3"
1786803215100,痉,jìng,"convulsions, fits",3430,N/A,No,Tier 4: Rare / Surname (>3500 or Unranked),1 Card (Recognition Only),"junda_auto_import, junda_tier_tier_3"
1786803215102,曝,pù,"sun, air in sun, expose or dry in the sun",3431,6,No,Tier 4: Rare / Surname (>3500 or Unranked),1 Card (Recognition Only),"junda_auto_import, junda_tier_tier_3"
1786803215104,恺,kǎi,"enjoy, be contented, joyful",3432,N/A,No,Tier 4: Rare / Surname (>3500 or Unranked),1 Card (Recognition Only),"junda_auto_import, junda_tier_tier_3"
1786803215106,胺,àn,amine,3433,N/A,No,Tier 4: Rare / Surname (>3500 or Unranked),1 Card (Recognition Only),"junda_auto_import, junda_tier_tier_3"
1786803215108,萤,yíng,"glow-worm, luminous insect",3434,N/A,No,Tier 4: Rare / Surname (>3500 or Unranked),1 Card (Recognition Only),"junda_auto_import, junda_tier_tier_3"
1786803215113,敕,chì,an imperial order or decree,3435,N/A,No,Tier 4: Rare / Surname (>3500 or Unranked),1 Card (Recognition Only),"junda_auto_import, junda_tier_tier_3"
1786803215116,筝,zhēng,stringed musical instrument; kite,3436,N/A,No,Tier 4: Rare / Surname (>3500 or Unranked),1 Card (Recognition Only),"junda_auto_import, junda_tier_tier_3"
1786803215118,幡,fān,"pennant, banner, streamer, flag",3437,N/A,No,Tier 4: Rare / Surname (>3500 or Unranked),1 Card (Recognition Only),"junda_auto_import, junda_tier_tier_3"
1786803215120,霹,pī,"thunder, crashing thunder",3438,N/A,No,Tier 4: Rare / Surname (>3500 or Unranked),1 Card (Recognition Only),"junda_auto_import, junda_tier_tier_3"
1786803215122,竺,zhú,India; bamboo; surname,3439,N/A,Yes,Tier 4: Rare / Surname (>3500 or Unranked),1 Card (Recognition Only),"junda_auto_import, junda_tier_tier_3"
1786803215125,烙,lào,"brand, burn; branding iron",3440,N/A,No,Tier 4: Rare / Surname (>3500 or Unranked),1 Card (Recognition Only),"junda_auto_import, junda_tier_tier_3"
1786803215127,毗,pí,"help, assist; connect, adjoin",3441,N/A,No,Tier 4: Rare / Surname (>3500 or Unranked),1 Card (Recognition Only),"junda_auto_import, junda_tier_tier_3"
1786803215129,埠,bù,port city,3443,N/A,No,Tier 4: Rare / Surname (>3500 or Unranked),1 Card (Recognition Only),"junda_auto_import, junda_tier_tier_3"
1786803215131,蒜,suàn,garlic,3444,N/A,No,Tier 4: Rare / Surname (>3500 or Unranked),1 Card (Recognition Only),"junda_auto_import, junda_tier_tier_3"
1786803215134,阜,fù,"mound; abundant, ample, numerous",3445,N/A,No,Tier 4: Rare / Surname (>3500 or Unranked),1 Card (Recognition Only),"junda_auto_import, junda_tier_tier_3"
1786803215136,嘈,cáo,noisy,3446,6,No,Tier 4: Rare / Surname (>3500 or Unranked),1 Card (Recognition Only),"junda_auto_import, junda_tier_tier_3"
1786803215138,帷,wéi,"tent; curtain, screen",3448,N/A,No,Tier 4: Rare / Surname (>3500 or Unranked),1 Card (Recognition Only),"junda_auto_import, junda_tier_tier_3"
1786803215141,啄,zhuó,to peck; (Cant.) to slander,3449,N/A,No,Tier 4: Rare / Surname (>3500 or Unranked),1 Card (Recognition Only),"junda_auto_import, junda_tier_tier_3"
1786803215143,鳌,áo,huge sea turtle,3450,N/A,No,Tier 4: Rare / Surname (>3500 or Unranked),1 Card (Recognition Only),"junda_auto_import, junda_tier_tier_3"
1786803215146,毡,zhān,"felt; rug, carpet",3451,N/A,No,Tier 4: Rare / Surname (>3500 or Unranked),1 Card (Recognition Only),"junda_auto_import, junda_tier_tier_3"
1786803215148,阙,quē,watch tower; palace,3452,N/A,No,Tier 4: Rare / Surname (>3500 or Unranked),1 Card (Recognition Only),"junda_auto_import, junda_tier_tier_3"
1786803215150,褥,rù,"mattress, cushion; bedding",3453,N/A,No,Tier 4: Rare / Surname (>3500 or Unranked),1 Card (Recognition Only),"junda_auto_import, junda_tier_tier_3"
1786803215152,搔,sāo,to scratch,3454,N/A,No,Tier 4: Rare / Surname (>3500 or Unranked),1 Card (Recognition Only),"junda_auto_import, junda_tier_tier_3"
1786803215155,笋,sǔn,bamboo shoots,3455,N/A,No,Tier 4: Rare / Surname (>3500 or Unranked),1 Card (Recognition Only),"junda_auto_import, junda_tier_tier_3"
1786803215157,冕,miǎn,crown; ceremonial cap,3456,N/A,No,Tier 4: Rare / Surname (>3500 or Unranked),1 Card (Recognition Only),"junda_auto_import, junda_tier_tier_3"
1786803215159,狞,níng,ferocious appearance; hideous,3457,N/A,No,Tier 4: Rare / Surname (>3500 or Unranked),1 Card (Recognition Only),"junda_auto_import, junda_tier_tier_3"
1786803215161,韶,sháo,music of the emperor Shun; beautiful,3458,N/A,No,Tier 4: Rare / Surname (>3500 or Unranked),1 Card (Recognition Only),"junda_auto_import, junda_tier_tier_3"
1786803215164,骼,gé,bone; skeleton; corpse,3459,N/A,No,Tier 4: Rare / Surname (>3500 or Unranked),1 Card (Recognition Only),"junda_auto_import, junda_tier_tier_3"
1786803215166,蔼,ǎi,"lush; affable, friendly",3460,6,No,Tier 4: Rare / Surname (>3500 or Unranked),1 Card (Recognition Only),"junda_auto_import, junda_tier_tier_3"
1786803215169,烹,pēng,"boil, cook; quick fry, stir fry",3461,6,No,Tier 4: Rare / Surname (>3500 or Unranked),1 Card (Recognition Only),"junda_auto_import, junda_tier_tier_3"
1786803215171,奄,yǎn,"ere long; remain, tarry; feeble",3462,N/A,No,Tier 4: Rare / Surname (>3500 or Unranked),1 Card (Recognition Only),"junda_auto_import, junda_tier_tier_3"
1786803215173,嫖,piáo,"patronize prostitutes, frequent",3463,N/A,No,Tier 4: Rare / Surname (>3500 or Unranked),1 Card (Recognition Only),"junda_auto_import, junda_tier_tier_3"
1786803215175,沐,mù,"bathe, cleanse, wash, shampoo",3464,6,No,Tier 4: Rare / Surname (>3500 or Unranked),1 Card (Recognition Only),"junda_auto_import, junda_tier_tier_3"
1786803215177,噗,pū,burst,3465,N/A,No,Tier 4: Rare / Surname (>3500 or Unranked),1 Card (Recognition Only),"junda_auto_import, junda_tier_tier_3"
1786803215180,岑,cén,"steep, precipitous; peak",3466,N/A,No,Tier 4: Rare / Surname (>3500 or Unranked),1 Card (Recognition Only),"junda_auto_import, junda_tier_tier_3"
1786803215182,蛟,jiāo,scaly dragon with four legs,3467,N/A,No,Tier 4: Rare / Surname (>3500 or Unranked),1 Card (Recognition Only),"junda_auto_import, junda_tier_tier_3"
1786803215185,掳,lǔ,"capture, seize",3468,N/A,No,Tier 4: Rare / Surname (>3500 or Unranked),1 Card (Recognition Only),"junda_auto_import, junda_tier_tier_3"
1786803215187,咏,yǒng,"sing song or poem, hum, chant",3469,N/A,No,Tier 4: Rare / Surname (>3500 or Unranked),1 Card (Recognition Only),"junda_auto_import, junda_tier_tier_3"
1786803215189,弩,nǔ,"cross-bow, bow; downward stroke",3470,N/A,No,Tier 4: Rare / Surname (>3500 or Unranked),1 Card (Recognition Only),"junda_auto_import, junda_tier_tier_3"
1786803215191,捻,niǎn,to twist or nip with the fingers,3471,N/A,No,Tier 4: Rare / Surname (>3500 or Unranked),1 Card (Recognition Only),"junda_auto_import, junda_tier_tier_3"
1786803215194,圃,pǔ,"garden, cultivated field",3472,N/A,No,Tier 4: Rare / Surname (>3500 or Unranked),1 Card (Recognition Only),"junda_auto_import, junda_tier_tier_3"
1786803215196,孚,fú,brood over eggs; have confidence,3473,N/A,No,Tier 4: Rare / Surname (>3500 or Unranked),1 Card (Recognition Only),"junda_auto_import, junda_tier_tier_3"
1786803215198,悴,cuì,"suffer, become emaciated, haggard",3474,N/A,No,Tier 4: Rare / Surname (>3500 or Unranked),1 Card (Recognition Only),"junda_auto_import, junda_tier_tier_3"
1786803215201,诣,yì,"reach; achievement, accomplishment",3475,N/A,No,Tier 4: Rare / Surname (>3500 or Unranked),1 Card (Recognition Only),"junda_auto_import, junda_tier_tier_3"
1786803215202,呱,gū,"wail, crying of child; swear at",3476,N/A,No,Tier 4: Rare / Surname (>3500 or Unranked),1 Card (Recognition Only),"junda_auto_import, junda_tier_tier_3"
1786803215205,祁,qí,"pray; numerous, ample, abundant",3477,N/A,No,Tier 4: Rare / Surname (>3500 or Unranked),1 Card (Recognition Only),"junda_auto_import, junda_tier_tier_3"
1786803215207,捶,chuí,"strike with stick, lash, beat",3478,N/A,No,Tier 4: Rare / Surname (>3500 or Unranked),1 Card (Recognition Only),"junda_auto_import, junda_tier_tier_3"
1786803215209,钠,nà,"sodium, natrium; sharpen wood",3479,N/A,No,Tier 4: Rare / Surname (>3500 or Unranked),1 Card (Recognition Only),"junda_auto_import, junda_tier_tier_3"
1786803215211,袄,ǎo,"outer garments; coat, jacket",3480,N/A,No,Tier 4: Rare / Surname (>3500 or Unranked),1 Card (Recognition Only),"junda_auto_import, junda_tier_tier_3"
1786803215214,澎,pēng,splatter,3481,N/A,No,Tier 4: Rare / Surname (>3500 or Unranked),1 Card (Recognition Only),"junda_auto_import, junda_tier_tier_3"
1786803215216,氮,dàn,nitrogen,3482,N/A,No,Tier 4: Rare / Surname (>3500 or Unranked),1 Card (Recognition Only),"junda_auto_import, junda_tier_tier_3"
1786803215218,恪,kè,"respectful, reverent",3483,N/A,No,Tier 4: Rare / Surname (>3500 or Unranked),1 Card (Recognition Only),"junda_auto_import, junda_tier_tier_3"
1786803215220,雏,chú,"chick, fledging; infant, toddler",3484,N/A,No,Tier 4: Rare / Surname (>3500 or Unranked),1 Card (Recognition Only),"junda_auto_import, junda_tier_tier_3"
1786803215222,撮,cuō,"little bit, small amount, pinch",3485,N/A,No,Tier 4: Rare / Surname (>3500 or Unranked),1 Card (Recognition Only),"junda_auto_import, junda_tier_tier_3"
1786803215224,堰,yàn,"dam; embankment, dike, bank",3486,N/A,No,Tier 4: Rare / Surname (>3500 or Unranked),1 Card (Recognition Only),"junda_auto_import, junda_tier_tier_3"
1786803215227,彷,fǎng,"like, resembling; resemble",3487,N/A,No,Tier 4: Rare / Surname (>3500 or Unranked),1 Card (Recognition Only),"junda_auto_import, junda_tier_tier_3"
1786803215229,鹦,yīng,parrot,3488,N/A,No,Tier 4: Rare / Surname (>3500 or Unranked),1 Card (Recognition Only),"junda_auto_import, junda_tier_tier_3"
1786803215231,晖,huī,"sunshine; light, bright, radiant",3489,N/A,No,Tier 4: Rare / Surname (>3500 or Unranked),1 Card (Recognition Only),"junda_auto_import, junda_tier_tier_3"
1786803215233,犀,xī,"rhinoceros; sharp, well-tempered",3490,N/A,No,Tier 4: Rare / Surname (>3500 or Unranked),1 Card (Recognition Only),"junda_auto_import, junda_tier_tier_3"
1786803215235,腑,fǔ,"bowels, entrails, internal organs",3491,N/A,No,Tier 4: Rare / Surname (>3500 or Unranked),1 Card (Recognition Only),"junda_auto_import, junda_tier_tier_3"
1786803215237,沽,gū,buy and sell; inferior in quality,3492,N/A,No,Tier 4: Rare / Surname (>3500 or Unranked),1 Card (Recognition Only),"junda_auto_import, junda_tier_tier_3"
1786803215240,橄,gǎn,olive,3493,N/A,No,Tier 4: Rare / Surname (>3500 or Unranked),1 Card (Recognition Only),"junda_auto_import, junda_tier_tier_3"
1786803215243,亵,xiè,"slight, insult, treat with disrespect",3495,N/A,No,Tier 4: Rare / Surname (>3500 or Unranked),1 Card (Recognition Only),"junda_auto_import, junda_tier_tier_3"
1786803215245,龋,qǔ,tooth decay,3496,N/A,No,Tier 4: Rare / Surname (>3500 or Unranked),1 Card (Recognition Only),"junda_auto_import, junda_tier_tier_3"
1786803215247,嗒,dā,absent-minded,3497,N/A,No,Tier 4: Rare / Surname (>3500 or Unranked),1 Card (Recognition Only),"junda_auto_import, junda_tier_tier_3"
1786803215250,咀,jǔ,"suck; chew, masticate",3498,6,No,Tier 4: Rare / Surname (>3500 or Unranked),1 Card (Recognition Only),"junda_auto_import, junda_tier_tier_3"
1786803215252,祺,qí,"good luck, good fortune",3499,N/A,No,Tier 4: Rare / Surname (>3500 or Unranked),1 Card (Recognition Only),"junda_auto_import, junda_tier_tier_3"
1786803215254,锚,máo,anchor,3500,N/A,No,Tier 4: Rare / Surname (>3500 or Unranked),1 Card (Recognition Only),"junda_auto_import, junda_tier_tier_3"
